model,match_id,player_id,alias,team,prior_matches,rating_before,team_rating,opponent_team_rating,expected_share,actual_share,performance_gap,match_weight,recency_weight,provisional_factor,rating_delta,rating_after,applied_delta,rounding_drift
A,f252ac4c-d134-4c6a-a68c-8bfb6868a91f,0fa0a889-795e-4185-8e11-61e0c1f1929b,P05,A,0,4.0,3.0,3.95,0.25816,0.44444,0.18628,0.9,0.715,1.25,0.08245,4.082,0.082,-0.000450757288752594
A,f252ac4c-d134-4c6a-a68c-8bfb6868a91f,4952b344-b938-4d7f-9799-ddf405dcf72a,P14,A,0,2.0,3.0,3.95,0.25816,0.44444,0.18628,0.9,0.715,1.25,0.08245,2.082,0.082,-0.000450757288752594
A,f252ac4c-d134-4c6a-a68c-8bfb6868a91f,524889fc-4f50-41bb-b22b-cd5046ba728d,P15,B,0,2.0,3.95,3.0,0.74184,0.55556,-0.18628,0.9,0.715,1.25,-0.08245,2.0,0.0,0.0
A,f252ac4c-d134-4c6a-a68c-8bfb6868a91f,9313bcbf-e559-499a-9658-b277050b37ca,P19,B,0,5.9,3.95,3.0,0.74184,0.55556,-0.18628,0.9,0.715,1.25,-0.08245,5.818,-0.082,0.000450757288752594
A,8f4f89bf-f631-40fb-92ea-2e570dff7707,27f6c2fe-4682-46a5-a2a2-4962a0d9776e,P10,A,0,4.0,4.0,3.75,0.569,0.5,-0.069,0.9,0.715,1.25,-0.03054,3.969,-0.031,-0.00045959030825581346
A,8f4f89bf-f631-40fb-92ea-2e570dff7707,28656f69-2ade-488b-b07a-037fb9bfa311,P11,A,0,4.0,4.0,3.75,0.569,0.5,-0.069,0.9,0.715,1.25,-0.03054,3.969,-0.031,-0.00045959030825581346
A,8f4f89bf-f631-40fb-92ea-2e570dff7707,0afcfd8d-0965-4364-a90e-c1872c47c12c,P04,B,0,4.0,3.75,4.0,0.431,0.5,0.069,0.9,0.715,1.25,0.03054,4.031,0.031,0.00045959030825581346
A,8f4f89bf-f631-40fb-92ea-2e570dff7707,ed66b898-95e9-4f5c-a69c-df19b9c6da3c,P25,B,0,3.5,3.75,4.0,0.431,0.5,0.069,0.9,0.715,1.25,0.03054,3.531,0.031,0.00045959030825581346
A,f53ac5f1-4189-4e25-8949-8e6073016eeb,0fa0a889-795e-4185-8e11-61e0c1f1929b,P05,A,1,4.082,3.807,3.7,0.52955,1.0,0.47045,0.9,0.715,1.25,0.20822,4.29,0.208,-0.00022453703891214127
A,f53ac5f1-4189-4e25-8949-8e6073016eeb,ed66b898-95e9-4f5c-a69c-df19b9c6da3c,P25,A,1,3.531,3.807,3.7,0.52955,1.0,0.47045,0.9,0.715,1.25,0.20822,3.739,0.208,-0.00022453703891214127
A,f53ac5f1-4189-4e25-8949-8e6073016eeb,23c1639d-675f-4b9a-a331-3ce419306a6a,P09,B,0,4.0,3.7,3.807,0.47045,0.0,-0.47045,0.9,0.715,1.25,-0.20822,3.792,-0.208,0.00022453703891214127
A,f53ac5f1-4189-4e25-8949-8e6073016eeb,b5146cb1-84e0-4690-a7ae-d6256b33586c,P20,B,0,3.4,3.7,3.807,0.47045,0.0,-0.47045,0.9,0.715,1.25,-0.20822,3.192,-0.208,0.00022453703891214127
A,b4436f08-ef01-4453-990c-c6add342dcda,33f9b461-e8d9-49f7-b81f-f472e956c93f,P13,A,0,4.0,4.0,6.016,0.09626,0.55556,0.45929,0.9,0.715,1.25,0.20329,4.203,0.203,-0.00028529824673672824
A,b4436f08-ef01-4453-990c-c6add342dcda,dfda52a3-01e6-4456-b139-f5a74d69cdd3,P23,A,0,4.0,4.0,6.016,0.09626,0.55556,0.45929,0.9,0.715,1.25,0.20329,4.203,0.203,-0.00028529824673672824
A,b4436f08-ef01-4453-990c-c6add342dcda,0afcfd8d-0965-4364-a90e-c1872c47c12c,P04,B,1,4.031,6.016,4.0,0.90374,0.44444,-0.45929,0.9,0.715,1.25,-0.20329,3.828,-0.203,0.00028529824673672824
A,b4436f08-ef01-4453-990c-c6add342dcda,20067ed8-879d-470d-9fdf-138b78039ac3,P08,B,0,8.0,6.016,4.0,0.90374,0.44444,-0.45929,0.9,0.715,1.25,-0.20329,7.797,-0.203,0.00028529824673672824
A,a6397938-05cc-4785-9ec8-bb010355c9da,20067ed8-879d-470d-9fdf-138b78039ac3,P08,A,1,7.797,5.899,2.985,0.96223,0.375,-0.58723,0.9,0.715,1.25,-0.25991,7.537,-0.26,-8.779461635369423e-05
A,a6397938-05cc-4785-9ec8-bb010355c9da,d4acf5d8-317e-4564-8170-8fe09e6aa115,P22,A,0,4.0,5.899,2.985,0.96223,0.375,-0.58723,0.9,0.715,1.25,-0.25991,3.74,-0.26,-8.779461635369423e-05
A,a6397938-05cc-4785-9ec8-bb010355c9da,27f6c2fe-4682-46a5-a2a2-4962a0d9776e,P10,B,1,3.969,2.985,5.899,0.03777,0.625,0.58723,0.9,0.715,1.25,0.25991,4.229,0.26,8.779461635369423e-05
A,a6397938-05cc-4785-9ec8-bb010355c9da,524889fc-4f50-41bb-b22b-cd5046ba728d,P15,B,1,2.0,2.985,5.899,0.03777,0.625,0.58723,0.9,0.715,1.25,0.25991,2.26,0.26,8.779461635369423e-05
A,9a0d536d-702f-4764-b2b8-fc5a69a6b9de,0afcfd8d-0965-4364-a90e-c1872c47c12c,P04,A,2,3.828,3.81,3.971,0.4554,0.34783,-0.10757,0.9,0.715,1.25,-0.04761,3.78,-0.048,-0.00038860923071760034
A,9a0d536d-702f-4764-b2b8-fc5a69a6b9de,23c1639d-675f-4b9a-a331-3ce419306a6a,P09,A,1,3.792,3.81,3.971,0.4554,0.34783,-0.10757,0.9,0.715,1.25,-0.04761,3.744,-0.048,-0.00038860923071760034
A,9a0d536d-702f-4764-b2b8-fc5a69a6b9de,dfda52a3-01e6-4456-b139-f5a74d69cdd3,P23,B,1,4.203,3.971,3.81,0.5446,0.65217,0.10757,0.9,0.715,1.25,0.04761,4.251,0.048,0.00038860923071760034
A,9a0d536d-702f-4764-b2b8-fc5a69a6b9de,ed66b898-95e9-4f5c-a69c-df19b9c6da3c,P25,B,2,3.739,3.971,3.81,0.5446,0.65217,0.10757,0.9,0.715,1.25,0.04761,3.787,0.048,0.00038860923071760034
A,6e504b4c-8034-4fbb-8e80-dc612f3fde9a,8e7929b9-007e-42c3-aa3f-003d3f4df78f,P17,A,0,4.0,3.596,3.186,0.61196,0.4,-0.21196,0.9,0.715,1.25,-0.09381,3.906,-0.094,-0.00018552297014449342
A,6e504b4c-8034-4fbb-8e80-dc612f3fde9a,b5146cb1-84e0-4690-a7ae-d6256b33586c,P20,A,1,3.192,3.596,3.186,0.61196,0.4,-0.21196,0.9,0.715,1.25,-0.09381,3.098,-0.094,-0.00018552297014449342
A,6e504b4c-8034-4fbb-8e80-dc612f3fde9a,0fa0a889-795e-4185-8e11-61e0c1f1929b,P05,B,2,4.29,3.186,3.596,0.38804,0.6,0.21196,0.9,0.715,1.25,0.09381,4.384,0.094,0.00018552297014449342
A,6e504b4c-8034-4fbb-8e80-dc612f3fde9a,4952b344-b938-4d7f-9799-ddf405dcf72a,P14,B,1,2.082,3.186,3.596,0.38804,0.6,0.21196,0.9,0.715,1.25,0.09381,2.176,0.094,0.00018552297014449342
A,883f6955-cf07-44f4-bf2a-d0eaab7996eb,33f9b461-e8d9-49f7-b81f-f472e956c93f,P13,A,1,4.203,3.232,4.894,0.13626,0.46429,0.32802,0.9,0.715,1.25,0.14518,4.348,0.145,-0.00018407767502206875
A,883f6955-cf07-44f4-bf2a-d0eaab7996eb,524889fc-4f50-41bb-b22b-cd5046ba728d,P15,A,2,2.26,3.232,4.894,0.13626,0.46429,0.32802,0.9,0.715,1.25,0.14518,2.405,0.145,-0.00018407767502206875
A,883f6955-cf07-44f4-bf2a-d0eaab7996eb,28656f69-2ade-488b-b07a-037fb9bfa311,P11,B,1,3.969,4.894,3.232,0.86374,0.53571,-0.32802,0.9,0.715,1.25,-0.14518,3.824,-0.145,0.00018407767502206875
A,883f6955-cf07-44f4-bf2a-d0eaab7996eb,9313bcbf-e559-499a-9658-b277050b37ca,P19,B,1,5.818,4.894,3.232,0.86374,0.53571,-0.32802,0.9,0.715,1.25,-0.14518,5.673,-0.145,0.00018407767502206875
A,b5e0ebeb-d305-4950-b919-9bbc8fea9607,0afcfd8d-0965-4364-a90e-c1872c47c12c,P04,A,3,3.78,3.762,4.145,0.39519,0.4,0.00481,0.9,0.715,1.25,0.00213,3.782,0.002,-0.00012976659972380582
A,b5e0ebeb-d305-4950-b919-9bbc8fea9607,23c1639d-675f-4b9a-a331-3ce419306a6a,P09,A,2,3.744,3.762,4.145,0.39519,0.4,0.00481,0.9,0.715,1.25,0.00213,3.746,0.002,-0.00012976659972380582
A,b5e0ebeb-d305-4950-b919-9bbc8fea9607,0fa0a889-795e-4185-8e11-61e0c1f1929b,P05,B,3,4.384,4.145,3.762,0.60481,0.6,-0.00481,0.9,0.715,1.25,-0.00213,4.382,-0.002,0.00012976659972380582
A,b5e0ebeb-d305-4950-b919-9bbc8fea9607,8e7929b9-007e-42c3-aa3f-003d3f4df78f,P17,B,1,3.906,4.145,3.762,0.60481,0.6,-0.00481,0.9,0.715,1.25,-0.00213,3.904,-0.002,0.00012976659972380582
A,3a78a214-ca47-477b-a512-93a45b0f6681,1f2d89a9-f3fa-41f6-982c-74b37b29581b,P07,A,0,4.0,4.0,3.822,0.54928,0.42308,-0.12621,0.9,0.715,1.25,-0.05586,3.944,-0.056,-0.0001400240928221057
A,3a78a214-ca47-477b-a512-93a45b0f6681,32b0e88b-e994-4b10-bf2e-4086a731c027,P12,A,0,4.0,4.0,3.822,0.54928,0.42308,-0.12621,0.9,0.715,1.25,-0.05586,3.944,-0.056,-0.0001400240928221057
A,3a78a214-ca47-477b-a512-93a45b0f6681,8e7929b9-007e-42c3-aa3f-003d3f4df78f,P17,B,2,3.904,3.822,4.0,0.45072,0.57692,0.12621,0.9,0.715,1.25,0.05586,3.96,0.056,0.0001400240928221057
A,3a78a214-ca47-477b-a512-93a45b0f6681,d4acf5d8-317e-4564-8170-8fe09e6aa115,P22,B,1,3.74,3.822,4.0,0.45072,0.57692,0.12621,0.9,0.715,1.25,0.05586,3.796,0.056,0.0001400240928221057
A,499be5f8-602c-4641-abc1-b5e7a5fbe4e8,1f2d89a9-f3fa-41f6-982c-74b37b29581b,P07,A,1,3.944,3.944,3.878,0.51833,0.42308,-0.09525,0.9,0.715,1.25,-0.04216,3.902,-0.042,0.0001574323289093034
A,499be5f8-602c-4641-abc1-b5e7a5fbe4e8,32b0e88b-e994-4b10-bf2e-4086a731c027,P12,A,1,3.944,3.944,3.878,0.51833,0.42308,-0.09525,0.9,0.715,1.25,-0.04216,3.902,-0.042,0.0001574323289093034
A,499be5f8-602c-4641-abc1-b5e7a5fbe4e8,8e7929b9-007e-42c3-aa3f-003d3f4df78f,P17,B,3,3.96,3.878,3.944,0.48167,0.57692,0.09525,0.9,0.715,1.25,0.04216,4.002,0.042,-0.0001574323289093034
A,499be5f8-602c-4641-abc1-b5e7a5fbe4e8,d4acf5d8-317e-4564-8170-8fe09e6aa115,P22,B,2,3.796,3.878,3.944,0.48167,0.57692,0.09525,0.9,0.715,1.25,0.04216,3.838,0.042,-0.0001574323289093034
A,96c408c2-df56-4284-83da-fa8f0174230f,1f2d89a9-f3fa-41f6-982c-74b37b29581b,P07,A,2,3.902,4.077,6.605,0.05682,0.57692,0.52011,0.9,0.715,1.25,0.2302,4.132,0.23,-0.000202581828993455
A,96c408c2-df56-4284-83da-fa8f0174230f,dfda52a3-01e6-4456-b139-f5a74d69cdd3,P23,A,2,4.251,4.077,6.605,0.05682,0.57692,0.52011,0.9,0.715,1.25,0.2302,4.481,0.23,-0.000202581828993455
A,96c408c2-df56-4284-83da-fa8f0174230f,20067ed8-879d-470d-9fdf-138b78039ac3,P08,B,2,7.537,6.605,4.077,0.94318,0.42308,-0.52011,0.9,0.715,1.25,-0.2302,7.307,-0.23,0.000202581828993455
A,96c408c2-df56-4284-83da-fa8f0174230f,9313bcbf-e559-499a-9658-b277050b37ca,P19,B,2,5.673,6.605,4.077,0.94318,0.42308,-0.52011,0.9,0.715,1.25,-0.2302,5.443,-0.23,0.000202581828993455
A,4b747051-fdbe-44eb-9098-1615dbf2bf65,23c1639d-675f-4b9a-a331-3ce419306a6a,P09,A,3,3.746,3.785,4.008,0.43837,0.625,0.18663,0.9,0.715,1.25,0.0826,3.829,0.083,0.00039666490144345945
A,4b747051-fdbe-44eb-9098-1615dbf2bf65,28656f69-2ade-488b-b07a-037fb9bfa311,P11,A,2,3.824,3.785,4.008,0.43837,0.625,0.18663,0.9,0.715,1.25,0.0826,3.907,0.083,0.00039666490144345945
A,4b747051-fdbe-44eb-9098-1615dbf2bf65,27f6c2fe-4682-46a5-a2a2-4962a0d9776e,P10,B,2,4.229,4.008,3.785,0.56163,0.375,-0.18663,0.9,0.715,1.25,-0.0826,4.146,-0.083,-0.00039666490144345945
A,4b747051-fdbe-44eb-9098-1615dbf2bf65,ed66b898-95e9-4f5c-a69c-df19b9c6da3c,P25,B,3,3.787,4.008,3.785,0.56163,0.375,-0.18663,0.9,0.715,1.25,-0.0826,3.704,-0.083,-0.00039666490144345945
A,eef05cfd-1a64-496e-aea4-8428df9c3b9b,20067ed8-879d-470d-9fdf-138b78039ac3,P08,A,3,7.307,6.375,4.132,0.92363,0.4,-0.52363,0.9,0.715,1.25,-0.23176,7.075,-0.232,-0.00023642198091506286
A,eef05cfd-1a64-496e-aea4-8428df9c3b9b,9313bcbf-e559-499a-9658-b277050b37ca,P19,A,3,5.443,6.375,4.132,0.92363,0.4,-0.52363,0.9,0.715,1.25,-0.23176,5.211,-0.232,-0.00023642198091506286
A,eef05cfd-1a64-496e-aea4-8428df9c3b9b,0afcfd8d-0965-4364-a90e-c1872c47c12c,P04,B,4,3.782,4.132,6.375,0.07637,0.6,0.52363,0.9,0.715,1.25,0.23176,4.014,0.232,0.00023642198091506286
A,eef05cfd-1a64-496e-aea4-8428df9c3b9b,dfda52a3-01e6-4456-b139-f5a74d69cdd3,P23,B,3,4.481,4.132,6.375,0.07637,0.6,0.52363,0.9,0.715,1.25,0.23176,4.713,0.232,0.00023642198091506286
A,6a01d571-bf2d-4b08-ab63-53d3b764ac65,1f2d89a9-f3fa-41f6-982c-74b37b29581b,P07,A,3,4.132,4.24,3.803,0.61906,0.625,0.00594,0.9,0.715,1.25,0.00263,4.135,0.003,0.0003704229582177789
A,6a01d571-bf2d-4b08-ab63-53d3b764ac65,33f9b461-e8d9-49f7-b81f-f472e956c93f,P13,A,2,4.348,4.24,3.803,0.61906,0.625,0.00594,0.9,0.715,1.25,0.00263,4.351,0.003,0.0003704229582177789
A,6a01d571-bf2d-4b08-ab63-53d3b764ac65,32b0e88b-e994-4b10-bf2e-4086a731c027,P12,B,2,3.902,3.803,4.24,0.38094,0.375,-0.00594,0.9,0.715,1.25,-0.00263,3.899,-0.003,-0.0003704229582177789
A,6a01d571-bf2d-4b08-ab63-53d3b764ac65,ed66b898-95e9-4f5c-a69c-df19b9c6da3c,P25,B,4,3.704,3.803,4.24,0.38094,0.375,-0.00594,0.9,0.715,1.25,-0.00263,3.701,-0.003,-0.0003704229582177789
A,87ba212a-bccc-4be6-92ed-8495c8c0d886,20067ed8-879d-470d-9fdf-138b78039ac3,P08,A,4,7.075,5.452,3.992,0.8351,0.55556,-0.27955,0.9,0.715,1.25,-0.12373,6.951,-0.124,-0.00027131986933401326
A,87ba212a-bccc-4be6-92ed-8495c8c0d886,23c1639d-675f-4b9a-a331-3ce419306a6a,P09,A,4,3.829,5.452,3.992,0.8351,0.55556,-0.27955,0.9,0.715,1.25,-0.12373,3.705,-0.124,-0.00027131986933401326
A,87ba212a-bccc-4be6-92ed-8495c8c0d886,27f6c2fe-4682-46a5-a2a2-4962a0d9776e,P10,B,3,4.146,3.992,5.452,0.1649,0.44444,0.27955,0.9,0.715,1.25,0.12373,4.27,0.124,0.00027131986933401326
A,87ba212a-bccc-4be6-92ed-8495c8c0d886,d4acf5d8-317e-4564-8170-8fe09e6aa115,P22,B,3,3.838,3.992,5.452,0.1649,0.44444,0.27955,0.9,0.715,1.25,0.12373,3.962,0.124,0.00027131986933401326
A,9127f50f-f412-4a40-856c-e14097646b7d,27f6c2fe-4682-46a5-a2a2-4962a0d9776e,P10,A,4,4.27,4.089,3.852,0.56546,0.46429,-0.10117,0.9,0.776,1.25,-0.04855,4.221,-0.049,-0.00045008541750351914
A,9127f50f-f412-4a40-856c-e14097646b7d,28656f69-2ade-488b-b07a-037fb9bfa311,P11,A,3,3.907,4.089,3.852,0.56546,0.46429,-0.10117,0.9,0.776,1.25,-0.04855,3.858,-0.049,-0.00045008541750351914
A,9127f50f-f412-4a40-856c-e14097646b7d,8e7929b9-007e-42c3-aa3f-003d3f4df78f,P17,B,4,4.002,3.852,4.089,0.43454,0.53571,0.10117,0.9,0.776,1.25,0.04855,4.051,0.049,0.00045008541750351914
A,9127f50f-f412-4a40-856c-e14097646b7d,ed66b898-95e9-4f5c-a69c-df19b9c6da3c,P25,B,5,3.701,3.852,4.089,0.43454,0.53571,0.10117,0.9,0.776,1.1,0.04272,3.744,0.043,0.00027607516740309684
A,fbeddd53-0142-48f1-afa4-8c984b028c2b,0afcfd8d-0965-4364-a90e-c1872c47c12c,P04,A,5,4.014,3.556,5.328,0.12251,1.0,0.87749,0.9,0.776,1.1,0.35,4.364,0.35,0.0
A,fbeddd53-0142-48f1-afa4-8c984b028c2b,b5146cb1-84e0-4690-a7ae-d6256b33586c,P20,A,2,3.098,3.556,5.328,0.12251,1.0,0.87749,0.9,0.776,1.25,0.35,3.448,0.35,0.0
A,fbeddd53-0142-48f1-afa4-8c984b028c2b,20067ed8-879d-470d-9fdf-138b78039ac3,P08,B,5,6.951,5.328,3.556,0.87749,0.0,-0.87749,0.9,0.776,1.1,-0.35,6.601,-0.35,0.0
A,fbeddd53-0142-48f1-afa4-8c984b028c2b,23c1639d-675f-4b9a-a331-3ce419306a6a,P09,B,5,3.705,5.328,3.556,0.87749,0.0,-0.87749,0.9,0.776,1.1,-0.35,3.355,-0.35,0.0
A,d782326c-6b6b-48cc-bb4e-4823eb5d1a11,33f9b461-e8d9-49f7-b81f-f472e956c93f,P13,A,3,4.351,4.176,3.445,0.69258,0.83333,0.14075,0.9,0.776,1.25,0.06754,4.419,0.068,0.0004558936781062769
A,d782326c-6b6b-48cc-bb4e-4823eb5d1a11,cb2d6d92-3c1d-453d-aa65-79ca040d61f3,P21,A,0,4.0,4.176,3.445,0.69258,0.83333,0.14075,0.9,0.776,1.25,0.06754,4.068,0.068,0.0004558936781062769
A,d782326c-6b6b-48cc-bb4e-4823eb5d1a11,4952b344-b938-4d7f-9799-ddf405dcf72a,P14,B,2,2.176,3.445,4.176,0.30742,0.16667,-0.14075,0.9,0.776,1.25,-0.06754,2.108,-0.068,-0.0004558936781062769
A,d782326c-6b6b-48cc-bb4e-4823eb5d1a11,dfda52a3-01e6-4456-b139-f5a74d69cdd3,P23,B,4,4.713,3.445,4.176,0.30742,0.16667,-0.14075,0.9,0.776,1.25,-0.06754,4.645,-0.068,-0.0004558936781062769
A,4444b26a-6932-440a-864e-029dd40a37d0,0fa0a889-795e-4185-8e11-61e0c1f1929b,P05,A,4,4.382,3.915,4.478,0.34865,0.375,0.02635,0.9,0.776,1.25,0.01265,4.395,0.013,0.0003526849459902664
A,4444b26a-6932-440a-864e-029dd40a37d0,b5146cb1-84e0-4690-a7ae-d6256b33586c,P20,A,3,3.448,3.915,4.478,0.34865,0.375,0.02635,0.9,0.776,1.25,0.01265,3.461,0.013,0.0003526849459902664
A,4444b26a-6932-440a-864e-029dd40a37d0,9313bcbf-e559-499a-9658-b277050b37ca,P19,B,4,5.211,4.478,3.915,0.65135,0.625,-0.02635,0.9,0.776,1.25,-0.01265,5.198,-0.013,-0.0003526849459902664
A,4444b26a-6932-440a-864e-029dd40a37d0,ed66b898-95e9-4f5c-a69c-df19b9c6da3c,P25,B,6,3.744,4.478,3.915,0.65135,0.625,-0.02635,0.9,0.776,1.1,-0.01113,3.733,-0.011,0.00012963724752856556
A,eba3e49a-f356-41a6-9b31-02e74c37e3dd,091f312a-207f-4cea-9d57-437a614affde,P01,A,0,3.5,3.776,4.04,0.42719,0.46429,0.0371,0.9,0.776,1.25,0.0178,3.518,0.018,0.0001973521896813379
A,eba3e49a-f356-41a6-9b31-02e74c37e3dd,8e7929b9-007e-42c3-aa3f-003d3f4df78f,P17,A,5,4.051,3.776,4.04,0.42719,0.46429,0.0371,0.9,0.776,1.1,0.01567,4.067,0.016,0.00033366992691957737
A,eba3e49a-f356-41a6-9b31-02e74c37e3dd,27f6c2fe-4682-46a5-a2a2-4962a0d9776e,P10,B,5,4.221,4.04,3.776,0.57281,0.53571,-0.0371,0.9,0.776,1.1,-0.01567,4.205,-0.016,-0.00033366992691957737
A,eba3e49a-f356-41a6-9b31-02e74c37e3dd,28656f69-2ade-488b-b07a-037fb9bfa311,P11,B,4,3.858,4.04,3.776,0.57281,0.53571,-0.0371,0.9,0.776,1.25,-0.0178,3.84,-0.018,-0.0001973521896813379
A,42f76a99-1849-4db1-b133-f5f0db458291,091f312a-207f-4cea-9d57-437a614affde,P01,A,1,3.518,3.793,4.084,0.42,0.71429,0.29429,0.9,0.776,1.25,0.14122,3.659,0.141,-0.00022393352774932647
A,42f76a99-1849-4db1-b133-f5f0db458291,cb2d6d92-3c1d-453d-aa65-79ca040d61f3,P21,A,1,4.068,3.793,4.084,0.42,0.71429,0.29429,0.9,0.776,1.25,0.14122,4.209,0.141,-0.00022393352774932647
A,42f76a99-1849-4db1-b133-f5f0db458291,27f6c2fe-4682-46a5-a2a2-4962a0d9776e,P10,B,6,4.205,4.084,3.793,0.58,0.28571,-0.29429,0.9,0.776,1.1,-0.12428,4.081,-0.124,0.0002770615044194073
A,42f76a99-1849-4db1-b133-f5f0db458291,d4acf5d8-317e-4564-8170-8fe09e6aa115,P22,B,4,3.962,4.084,3.793,0.58,0.28571,-0.29429,0.9,0.776,1.25,-0.14122,3.821,-0.141,0.00022393352774932647
A,a7d12f06-65d8-4881-9c89-1a96aaf41eec,0996ee22-e381-45db-90c2-1863869a244e,P02,A,0,4.0,4.034,4.519,0.36832,0.6,0.23168,0.9,0.776,1.25,0.11118,4.111,0.111,-0.00018137409459075674
A,a7d12f06-65d8-4881-9c89-1a96aaf41eec,8e7929b9-007e-42c3-aa3f-003d3f4df78f,P17,A,6,4.067,4.034,4.519,0.36832,0.6,0.23168,0.9,0.776,1.1,0.09784,4.165,0.098,0.00016039079676013408
A,a7d12f06-65d8-4881-9c89-1a96aaf41eec,28656f69-2ade-488b-b07a-037fb9bfa311,P11,B,5,3.84,4.519,4.034,0.63168,0.4,-0.23168,0.9,0.776,1.1,-0.09784,3.742,-0.098,-0.00016039079676013408
A,a7d12f06-65d8-4881-9c89-1a96aaf41eec,9313bcbf-e559-499a-9658-b277050b37ca,P19,B,5,5.198,4.519,4.034,0.63168,0.4,-0.23168,0.9,0.776,1.1,-0.09784,5.1,-0.098,-0.00016039079676013408
A,6b1b6b0c-f639-4cde-9dc9-a7993eb52dd0,091f312a-207f-4cea-9d57-437a614affde,P01,A,2,3.659,4.38,4.277,0.52844,0.44444,-0.084,0.9,0.776,1.25,-0.04031,3.619,-0.04,0.0003089551435813096
A,6b1b6b0c-f639-4cde-9dc9-a7993eb52dd0,9313bcbf-e559-499a-9658-b277050b37ca,P19,A,6,5.1,4.38,4.277,0.52844,0.44444,-0.084,0.9,0.776,1.1,-0.03547,5.065,-0.035,0.00047188052635155245
A,6b1b6b0c-f639-4cde-9dc9-a7993eb52dd0,1f2d89a9-f3fa-41f6-982c-74b37b29581b,P07,B,4,4.135,4.277,4.38,0.47156,0.55556,0.084,0.9,0.776,1.25,0.04031,4.175,0.04,-0.0003089551435813096
A,6b1b6b0c-f639-4cde-9dc9-a7993eb52dd0,33f9b461-e8d9-49f7-b81f-f472e956c93f,P13,B,4,4.419,4.277,4.38,0.47156,0.55556,0.084,0.9,0.776,1.25,0.04031,4.459,0.04,-0.0003089551435813096
A,c9a88ea7-fe59-404d-8266-d011389186e8,d4acf5d8-317e-4564-8170-8fe09e6aa115,P22,A,5,3.821,4.233,3.816,0.6138,0.55556,-0.05825,0.9,0.776,1.1,-0.0246,3.796,-0.025,-0.00040146177434880034
A,c9a88ea7-fe59-404d-8266-d011389186e8,dfda52a3-01e6-4456-b139-f5a74d69cdd3,P23,A,5,4.645,4.233,3.816,0.6138,0.55556,-0.05825,0.9,0.776,1.1,-0.0246,4.62,-0.025,-0.00040146177434880034
A,c9a88ea7-fe59-404d-8266-d011389186e8,32b0e88b-e994-4b10-bf2e-4086a731c027,P12,B,3,3.899,3.816,4.233,0.3862,0.44444,0.05825,0.9,0.776,1.25,0.02795,3.927,0.028,4.7115652669091324e-05
A,c9a88ea7-fe59-404d-8266-d011389186e8,ed66b898-95e9-4f5c-a69c-df19b9c6da3c,P25,B,7,3.733,3.816,4.233,0.3862,0.44444,0.05825,0.9,0.776,1.1,0.0246,3.758,0.025,0.00040146177434880034
A,21bb139e-0201-4ffb-a7de-b50fbf708f58,9313bcbf-e559-499a-9658-b277050b37ca,P19,A,7,5.065,4.637,4.083,0.64933,0.46429,-0.18505,0.9,0.776,1.1,-0.07815,4.987,-0.078,0.00014555244488391147
A,21bb139e-0201-4ffb-a7de-b50fbf708f58,cb2d6d92-3c1d-453d-aa65-79ca040d61f3,P21,A,2,4.209,4.637,4.083,0.64933,0.46429,-0.18505,0.9,0.776,1.25,-0.0888,4.12,-0.089,-0.00019823585808646424
A,21bb139e-0201-4ffb-a7de-b50fbf708f58,09db6874-adc0-46f0-82f7-83cd372cc1f5,P03,B,0,4.0,4.083,4.637,0.35067,0.53571,0.18505,0.9,0.776,1.25,0.0888,4.089,0.089,0.00019823585808646424
A,21bb139e-0201-4ffb-a7de-b50fbf708f58,8e7929b9-007e-42c3-aa3f-003d3f4df78f,P17,B,7,4.165,4.083,4.637,0.35067,0.53571,0.18505,0.9,0.776,1.1,0.07815,4.243,0.078,-0.00014555244488391147
A,8982d3cf-5276-491f-8ede-8d0417715df0,09db6874-adc0-46f0-82f7-83cd372cc1f5,P03,A,1,4.089,4.045,5.18,0.22078,0.5,0.27922,0.9,0.812,1.25,0.14033,4.229,0.14,-0.0003293674730584836
A,8982d3cf-5276-491f-8ede-8d0417715df0,8fa5441d-1934-4810-af86-a11ee051e58f,P18,A,0,4.0,4.045,5.18,0.22078,0.5,0.27922,0.9,0.812,1.25,0.14033,4.14,0.14,-0.0003293674730584836
A,8982d3cf-5276-491f-8ede-8d0417715df0,20067ed8-879d-470d-9fdf-138b78039ac3,P08,B,6,6.601,5.18,4.045,0.77922,0.5,-0.27922,0.9,0.812,1.1,-0.12349,6.478,-0.123,0.0004898433762914655
A,8982d3cf-5276-491f-8ede-8d0417715df0,ed66b898-95e9-4f5c-a69c-df19b9c6da3c,P25,B,8,3.758,5.18,4.045,0.77922,0.5,-0.27922,0.9,0.812,1.1,-0.12349,3.635,-0.123,0.0004898433762914655
A,db80fefe-8363-444b-9403-b71ecae8b453,20067ed8-879d-470d-9fdf-138b78039ac3,P08,A,7,6.478,5.203,3.939,0.80289,0.6,-0.20289,0.9,0.841,1.1,-0.0929,6.385,-0.093,-0.00010396222062747676
A,db80fefe-8363-444b-9403-b71ecae8b453,32b0e88b-e994-4b10-bf2e-4086a731c027,P12,A,4,3.927,5.203,3.939,0.80289,0.6,-0.20289,0.9,0.841,1.25,-0.10556,3.821,-0.106,-0.0004363207052584963
A,db80fefe-8363-444b-9403-b71ecae8b453,27f6c2fe-4682-46a5-a2a2-4962a0d9776e,P10,B,7,4.081,3.939,5.203,0.19711,0.4,0.20289,0.9,0.841,1.1,0.0929,4.174,0.093,0.00010396222062747676
A,db80fefe-8363-444b-9403-b71ecae8b453,d4acf5d8-317e-4564-8170-8fe09e6aa115,P22,B,6,3.796,3.939,5.203,0.19711,0.4,0.20289,0.9,0.841,1.1,0.0929,3.889,0.093,0.00010396222062747676
A,08ad6e83-1698-4b9e-8b11-9e80ac10a9b4,20067ed8-879d-470d-9fdf-138b78039ac3,P08,A,8,6.385,4.247,3.958,0.57946,0.4,-0.17946,0.9,0.841,1.1,-0.08217,6.303,-0.082,0.00016884374446720588
A,08ad6e83-1698-4b9e-8b11-9e80ac10a9b4,4952b344-b938-4d7f-9799-ddf405dcf72a,P14,A,3,2.108,4.247,3.958,0.57946,0.4,-0.17946,0.9,0.841,1.25,-0.09337,2.015,-0.093,0.0003736860732581885
A,08ad6e83-1698-4b9e-8b11-9e80ac10a9b4,27f6c2fe-4682-46a5-a2a2-4962a0d9776e,P10,B,8,4.174,3.958,4.247,0.42054,0.6,0.17946,0.9,0.841,1.1,0.08217,4.256,0.082,-0.00016884374446720588
A,08ad6e83-1698-4b9e-8b11-9e80ac10a9b4,28656f69-2ade-488b-b07a-037fb9bfa311,P11,B,6,3.742,3.958,4.247,0.42054,0.6,0.17946,0.9,0.841,1.1,0.08217,3.824,0.082,-0.00016884374446720588
A,e20b223e-f0bd-4bea-adb8-40d1c0ba3083,0afcfd8d-0965-4364-a90e-c1872c47c12c,P04,A,6,4.364,5.334,4.04,0.80802,0.57692,-0.2311,0.9,0.841,1.1,-0.10581,4.258,-0.106,-0.0001862012571962709
A,e20b223e-f0bd-4bea-adb8-40d1c0ba3083,20067ed8-879d-470d-9fdf-138b78039ac3,P08,A,9,6.303,5.334,4.04,0.80802,0.57692,-0.2311,0.9,0.841,1.1,-0.10581,6.197,-0.106,-0.0001862012571962709
A,e20b223e-f0bd-4bea-adb8-40d1c0ba3083,27f6c2fe-4682-46a5-a2a2-4962a0d9776e,P10,B,9,4.256,4.04,5.334,0.19198,0.42308,0.2311,0.9,0.841,1.1,0.10581,4.362,0.106,0.0001862012571962709
A,e20b223e-f0bd-4bea-adb8-40d1c0ba3083,28656f69-2ade-488b-b07a-037fb9bfa311,P11,B,7,3.824,4.04,5.334,0.19198,0.42308,0.2311,0.9,0.841,1.1,0.10581,3.93,0.106,0.0001862012571962709
A,46e90da0-e642-4e9c-bc75-17b4b6b5596f,091f312a-207f-4cea-9d57-437a614affde,P01,A,3,3.619,4.303,4.327,0.49347,0.44444,-0.04903,0.9,0.841,1.25,-0.02551,3.593,-0.026,-0.00049042594482868
A,46e90da0-e642-4e9c-bc75-17b4b6b5596f,9313bcbf-e559-499a-9658-b277050b37ca,P19,A,8,4.987,4.303,4.327,0.49347,0.44444,-0.04903,0.9,0.841,1.1,-0.02245,4.965,-0.022,0.00044842516855076164
A,46e90da0-e642-4e9c-bc75-17b4b6b5596f,0afcfd8d-0965-4364-a90e-c1872c47c12c,P04,B,7,4.258,4.327,4.303,0.50653,0.55556,0.04903,0.9,0.841,1.1,0.02245,4.28,0.022,-0.00044842516855076164
A,46e90da0-e642-4e9c-bc75-17b4b6b5596f,0fa0a889-795e-4185-8e11-61e0c1f1929b,P05,B,5,4.395,4.327,4.303,0.50653,0.55556,0.04903,0.9,0.841,1.1,0.02245,4.417,0.022,-0.00044842516855076164
A,9ccc3f52-a4d5-4b07-9518-34a896671e8a,8e7929b9-007e-42c3-aa3f-003d3f4df78f,P17,A,8,4.243,3.852,4.146,0.41905,0.46429,0.04523,0.9,0.841,1.1,0.02071,4.264,0.021,0.0002888771256210366
A,9ccc3f52-a4d5-4b07-9518-34a896671e8a,b5146cb1-84e0-4690-a7ae-d6256b33586c,P20,A,4,3.461,3.852,4.146,0.41905,0.46429,0.04523,0.9,0.841,1.25,0.02354,3.485,0.024,0.00046463309729663255
A,9ccc3f52-a4d5-4b07-9518-34a896671e8a,27f6c2fe-4682-46a5-a2a2-4962a0d9776e,P10,B,10,4.362,4.146,3.852,0.58095,0.53571,-0.04523,0.9,0.841,1.0,-0.01883,4.343,-0.019,-0.00017170647783730603
A,9ccc3f52-a4d5-4b07-9518-34a896671e8a,28656f69-2ade-488b-b07a-037fb9bfa311,P11,B,8,3.93,4.146,3.852,0.58095,0.53571,-0.04523,0.9,0.841,1.1,-0.02071,3.909,-0.021,-0.0002888771256210366
A,ee391d96-8de4-42ce-a205-c1cdfb456904,4952b344-b938-4d7f-9799-ddf405dcf72a,P14,A,4,2.015,3.49,4.14,0.3269,0.5,0.1731,0.9,0.841,1.25,0.09006,2.105,0.09,-6.274736708587025e-05
A,ee391d96-8de4-42ce-a205-c1cdfb456904,9313bcbf-e559-499a-9658-b277050b37ca,P19,A,9,4.965,3.49,4.14,0.3269,0.5,0.1731,0.9,0.841,1.1,0.07926,5.044,0.079,-0.0002552176830355658
A,ee391d96-8de4-42ce-a205-c1cdfb456904,32b0e88b-e994-4b10-bf2e-4086a731c027,P12,B,5,3.821,4.14,3.49,0.6731,0.5,-0.1731,0.9,0.841,1.1,-0.07926,3.742,-0.079,0.0002552176830355658
A,ee391d96-8de4-42ce-a205-c1cdfb456904,33f9b461-e8d9-49f7-b81f-f472e956c93f,P13,B,5,4.459,4.14,3.49,0.6731,0.5,-0.1731,0.9,0.841,1.1,-0.07926,4.38,-0.079,0.0002552176830355658
A,f3b149b5-28f9-4362-b063-42dcdfd9af4f,091f312a-207f-4cea-9d57-437a614affde,P01,A,4,3.593,3.937,4.38,0.37924,0.71429,0.33505,0.9,0.841,1.25,0.17433,3.767,0.174,-0.00032615091941747394
A,f3b149b5-28f9-4362-b063-42dcdfd9af4f,0afcfd8d-0965-4364-a90e-c1872c47c12c,P04,A,8,4.28,3.937,4.38,0.37924,0.71429,0.33505,0.9,0.841,1.1,0.15341,4.433,0.153,-0.00040701280908737706
A,f3b149b5-28f9-4362-b063-42dcdfd9af4f,0fa0a889-795e-4185-8e11-61e0c1f1929b,P05,B,6,4.417,4.38,3.937,0.62076,0.28571,-0.33505,0.9,0.841,1.1,-0.15341,4.264,-0.153,0.00040701280908737706
A,f3b149b5-28f9-4362-b063-42dcdfd9af4f,27f6c2fe-4682-46a5-a2a2-4962a0d9776e,P10,B,11,4.343,4.38,3.937,0.62076,0.28571,-0.33505,0.9,0.841,1.0,-0.13946,4.204,-0.139,0.0004609207355339792
A,582ecfb9-c710-4531-b49d-78ccd3f000f7,32b0e88b-e994-4b10-bf2e-4086a731c027,P12,A,6,3.742,4.393,3.007,0.82346,0.71429,-0.10918,0.9,0.841,1.1,-0.04999,3.692,-0.05,-1.0413910058470255e-05
A,582ecfb9-c710-4531-b49d-78ccd3f000f7,9313bcbf-e559-499a-9658-b277050b37ca,P19,A,10,5.044,4.393,3.007,0.82346,0.71429,-0.10918,0.9,0.841,1.0,-0.04545,4.999,-0.045,0.00044507826358320887
A,582ecfb9-c710-4531-b49d-78ccd3f000f7,28656f69-2ade-488b-b07a-037fb9bfa311,P11,B,9,3.909,3.007,4.393,0.17654,0.28571,0.10918,0.9,0.841,1.1,0.04999,3.959,0.05,1.0413910058470255e-05
A,582ecfb9-c710-4531-b49d-78ccd3f000f7,4952b344-b938-4d7f-9799-ddf405dcf72a,P14,B,5,2.105,3.007,4.393,0.17654,0.28571,0.10918,0.9,0.841,1.1,0.04999,2.155,0.05,1.0413910058470255e-05
A,cc03e92d-6065-4561-9a3c-04717e8c9905,0fa0a889-795e-4185-8e11-61e0c1f1929b,P05,A,7,4.264,4.632,4.916,0.42162,0.6,0.17838,0.9,0.841,1.1,0.08167,4.346,0.082,0.00032722449956366646
A,cc03e92d-6065-4561-9a3c-04717e8c9905,9313bcbf-e559-499a-9658-b277050b37ca,P19,A,11,4.999,4.632,4.916,0.42162,0.6,0.17838,0.9,0.841,1.0,0.07425,5.073,0.074,-0.0002479777276693941
A,cc03e92d-6065-4561-9a3c-04717e8c9905,20067ed8-879d-470d-9fdf-138b78039ac3,P08,B,10,6.197,4.916,4.632,0.57838,0.4,-0.17838,0.9,0.841,1.0,-0.07425,6.123,-0.074,0.0002479777276693941
A,cc03e92d-6065-4561-9a3c-04717e8c9905,ed66b898-95e9-4f5c-a69c-df19b9c6da3c,P25,B,9,3.635,4.916,4.632,0.57838,0.4,-0.17838,0.9,0.841,1.1,-0.08167,3.553,-0.082,-0.00032722449956366646
A,cfbc251b-3ce2-41af-aac8-8943d8f1e396,0996ee22-e381-45db-90c2-1863869a244e,P02,A,1,4.111,4.188,3.916,0.57485,0.44444,-0.13041,0.9,0.841,1.25,-0.06785,4.043,-0.068,-0.00014943590500748826
A,cfbc251b-3ce2-41af-aac8-8943d8f1e396,8e7929b9-007e-42c3-aa3f-003d3f4df78f,P17,A,9,4.264,4.188,3.916,0.57485,0.44444,-0.13041,0.9,0.841,1.1,-0.05971,4.204,-0.06,-0.0002915035964065897
A,cfbc251b-3ce2-41af-aac8-8943d8f1e396,32b0e88b-e994-4b10-bf2e-4086a731c027,P12,B,7,3.692,3.916,4.188,0.42515,0.55556,0.13041,0.9,0.841,1.1,0.05971,3.752,0.06,0.0002915035964065897
A,cfbc251b-3ce2-41af-aac8-8943d8f1e396,8fa5441d-1934-4810-af86-a11ee051e58f,P18,B,1,4.14,3.916,4.188,0.42515,0.55556,0.13041,0.9,0.841,1.25,0.06785,4.208,0.068,0.00014943590500748826
A,eb6641d5-8f9d-4284-9b9f-8d09a46004dd,0996ee22-e381-45db-90c2-1863869a244e,P02,A,2,4.043,4.124,3.891,0.56423,0.625,0.06077,0.9,0.841,1.25,0.03162,4.075,0.032,0.00037928791548262923
A,eb6641d5-8f9d-4284-9b9f-8d09a46004dd,8e7929b9-007e-42c3-aa3f-003d3f4df78f,P17,A,10,4.204,4.124,3.891,0.56423,0.625,0.06077,0.9,0.841,1.0,0.0253,4.229,0.025,-0.0002965696676138966
A,eb6641d5-8f9d-4284-9b9f-8d09a46004dd,09db6874-adc0-46f0-82f7-83cd372cc1f5,P03,B,2,4.229,3.891,4.124,0.43577,0.375,-0.06077,0.9,0.841,1.25,-0.03162,4.197,-0.032,-0.00037928791548262923
A,eb6641d5-8f9d-4284-9b9f-8d09a46004dd,ed66b898-95e9-4f5c-a69c-df19b9c6da3c,P25,B,10,3.553,3.891,4.124,0.43577,0.375,-0.06077,0.9,0.841,1.0,-0.0253,3.528,-0.025,0.0002965696676138966
A,22635c77-8955-4f42-846b-ee2b2fb46872,09db6874-adc0-46f0-82f7-83cd372cc1f5,P03,A,3,4.197,3.863,3.857,0.50153,0.57692,0.0754,0.9,0.841,1.25,0.03923,4.236,0.039,-0.00022852773041210893
A,22635c77-8955-4f42-846b-ee2b2fb46872,ed66b898-95e9-4f5c-a69c-df19b9c6da3c,P25,A,11,3.528,3.863,3.857,0.50153,0.57692,0.0754,0.9,0.841,1.0,0.03138,3.559,0.031,-0.00038282218432968715
A,22635c77-8955-4f42-846b-ee2b2fb46872,8e7929b9-007e-42c3-aa3f-003d3f4df78f,P17,B,11,4.229,3.857,3.863,0.49847,0.42308,-0.0754,0.9,0.841,1.0,-0.03138,4.198,-0.031,0.00038282218432968715
A,22635c77-8955-4f42-846b-ee2b2fb46872,b5146cb1-84e0-4690-a7ae-d6256b33586c,P20,B,5,3.485,3.857,3.863,0.49847,0.42308,-0.0754,0.9,0.841,1.1,-0.03452,3.45,-0.035,-0.0004788955972373442
A,8b5a8b8c-6a43-4782-8581-0a28f3244d65,20067ed8-879d-470d-9fdf-138b78039ac3,P08,A,11,6.123,4.841,4.308,0.64387,0.25,-0.39387,0.9,0.841,1.0,-0.16395,5.959,-0.164,-5.205918271127721e-05
A,8b5a8b8c-6a43-4782-8581-0a28f3244d65,ed66b898-95e9-4f5c-a69c-df19b9c6da3c,P25,A,12,3.559,4.841,4.308,0.64387,0.25,-0.39387,0.9,0.841,1.0,-0.16395,3.395,-0.164,-5.205918271127721e-05
A,8b5a8b8c-6a43-4782-8581-0a28f3244d65,09db6874-adc0-46f0-82f7-83cd372cc1f5,P03,B,4,4.236,4.308,4.841,0.35613,0.75,0.39387,0.9,0.841,1.25,0.20493,4.441,0.205,6.507397838909651e-05
A,8b5a8b8c-6a43-4782-8581-0a28f3244d65,33f9b461-e8d9-49f7-b81f-f472e956c93f,P13,B,6,4.38,4.308,4.841,0.35613,0.75,0.39387,0.9,0.841,1.1,0.18034,4.56,0.18,-0.00034273489901759504
A,8afb7ce5-b3d5-4431-946b-4ddf97e7d426,20067ed8-879d-470d-9fdf-138b78039ac3,P08,A,12,5.959,4.677,4.164,0.63889,0.28571,-0.35318,0.9,0.841,1.0,-0.14701,5.812,-0.147,7.739851534342545e-06
A,8afb7ce5-b3d5-4431-946b-4ddf97e7d426,ed66b898-95e9-4f5c-a69c-df19b9c6da3c,P25,A,13,3.395,4.677,4.164,0.63889,0.28571,-0.35318,0.9,0.841,1.0,-0.14701,3.248,-0.147,7.739851534342545e-06
A,8afb7ce5-b3d5-4431-946b-4ddf97e7d426,091f312a-207f-4cea-9d57-437a614affde,P01,B,5,3.767,4.164,4.677,0.36111,0.71429,0.35318,0.9,0.841,1.1,0.16171,3.929,0.162,0.0002914861633122232
A,8afb7ce5-b3d5-4431-946b-4ddf97e7d426,33f9b461-e8d9-49f7-b81f-f472e956c93f,P13,B,7,4.56,4.164,4.677,0.36111,0.71429,0.35318,0.9,0.841,1.1,0.16171,4.722,0.162,0.0002914861633122232
A,0a2a5bf6-21b9-4da6-bd9b-6594b0296ed5,091f312a-207f-4cea-9d57-437a614affde,P01,A,6,3.929,4.326,3.057,0.80368,0.65217,-0.1515,0.9,0.851,1.1,-0.07018,3.859,-0.07,0.0001750562207165705
A,0a2a5bf6-21b9-4da6-bd9b-6594b0296ed5,33f9b461-e8d9-49f7-b81f-f472e956c93f,P13,A,8,4.722,4.326,3.057,0.80368,0.65217,-0.1515,0.9,0.851,1.1,-0.07018,4.652,-0.07,0.0001750562207165705
A,0a2a5bf6-21b9-4da6-bd9b-6594b0296ed5,28656f69-2ade-488b-b07a-037fb9bfa311,P11,B,10,3.959,3.057,4.326,0.19632,0.34783,0.1515,0.9,0.851,1.0,0.0638,4.023,0.064,0.00020449434480311775
A,0a2a5bf6-21b9-4da6-bd9b-6594b0296ed5,4952b344-b938-4d7f-9799-ddf405dcf72a,P14,B,6,2.155,3.057,4.326,0.19632,0.34783,0.1515,0.9,0.851,1.1,0.07018,2.225,0.07,-0.0001750562207165705
A,2828359d-f95b-4320-a7db-5184b305dfeb,32b0e88b-e994-4b10-bf2e-4086a731c027,P12,A,8,3.752,3.98,4.256,0.42406,0.34783,-0.07624,0.9,0.851,1.1,-0.03531,3.717,-0.035,0.0003126252092928593
A,2828359d-f95b-4320-a7db-5184b305dfeb,8fa5441d-1934-4810-af86-a11ee051e58f,P18,A,2,4.208,3.98,4.256,0.42406,0.34783,-0.07624,0.9,0.851,1.25,-0.04013,4.168,-0.04,0.00012798319237824923
A,2828359d-f95b-4320-a7db-5184b305dfeb,091f312a-207f-4cea-9d57-437a614affde,P01,B,7,3.859,4.256,3.98,0.57594,0.65217,0.07624,0.9,0.851,1.1,0.03531,3.894,0.035,-0.0003126252092928593
A,2828359d-f95b-4320-a7db-5184b305dfeb,33f9b461-e8d9-49f7-b81f-f472e956c93f,P13,B,9,4.652,4.256,3.98,0.57594,0.65217,0.07624,0.9,0.851,1.1,0.03531,4.687,0.035,-0.0003126252092928593
A,eb4a38ec-5b27-4a51-bfca-8aea690e14d3,1f2d89a9-f3fa-41f6-982c-74b37b29581b,P07,A,5,4.175,4.431,4.527,0.4735,0.57692,0.10343,0.9,0.861,1.1,0.04846,4.223,0.048,-0.0004623435957266921
A,eb4a38ec-5b27-4a51-bfca-8aea690e14d3,33f9b461-e8d9-49f7-b81f-f472e956c93f,P13,A,10,4.687,4.431,4.527,0.4735,0.57692,0.10343,0.9,0.861,1.0,0.04406,4.731,0.044,-5.667599611517461e-05
A,eb4a38ec-5b27-4a51-bfca-8aea690e14d3,0afcfd8d-0965-4364-a90e-c1872c47c12c,P04,B,9,4.433,4.527,4.431,0.5265,0.42308,-0.10343,0.9,0.861,1.1,-0.04846,4.385,-0.048,0.0004623435957266921
A,eb4a38ec-5b27-4a51-bfca-8aea690e14d3,dfda52a3-01e6-4456-b139-f5a74d69cdd3,P23,B,6,4.62,4.527,4.431,0.5265,0.42308,-0.10343,0.9,0.861,1.1,-0.04846,4.572,-0.048,0.0004623435957266921
A,7c95849f-cb1a-493d-99d3-db6cf7fda568,0fa0a889-795e-4185-8e11-61e0c1f1929b,P05,A,8,4.346,3.898,3.305,0.65901,0.42308,-0.23593,0.9,0.861,1.1,-0.11055,4.235,-0.111,-0.0004484266013891312
A,7c95849f-cb1a-493d-99d3-db6cf7fda568,b5146cb1-84e0-4690-a7ae-d6256b33586c,P20,A,6,3.45,3.898,3.305,0.65901,0.42308,-0.23593,0.9,0.861,1.1,-0.11055,3.339,-0.111,-0.0004484266013891312
A,7c95849f-cb1a-493d-99d3-db6cf7fda568,0afcfd8d-0965-4364-a90e-c1872c47c12c,P04,B,10,4.385,3.305,3.898,0.34099,0.57692,0.23593,0.9,0.861,1.0,0.1005,4.486,0.101,0.0004985696376264829
A,7c95849f-cb1a-493d-99d3-db6cf7fda568,4952b344-b938-4d7f-9799-ddf405dcf72a,P14,B,7,2.225,3.305,3.898,0.34099,0.57692,0.23593,0.9,0.861,1.1,0.11055,2.336,0.111,0.0004484266013891312
A,8b58dded-0308-486f-bdc4-5dbf37890e1e,4952b344-b938-4d7f-9799-ddf405dcf72a,P14,A,8,2.336,3.454,3.568,0.46838,0.5,0.03162,0.9,0.912,1.1,0.0157,2.352,0.016,0.00030061004594626343
A,8b58dded-0308-486f-bdc4-5dbf37890e1e,dfda52a3-01e6-4456-b139-f5a74d69cdd3,P23,A,7,4.572,3.454,3.568,0.46838,0.5,0.03162,0.9,0.912,1.1,0.0157,4.588,0.016,0.00030061004594626343
A,8b58dded-0308-486f-bdc4-5dbf37890e1e,33f9b461-e8d9-49f7-b81f-f472e956c93f,P13,B,11,4.731,3.568,3.454,0.53162,0.5,-0.03162,0.9,0.912,1.0,-0.01427,4.717,-0.014,0.0002721726855033969
A,8b58dded-0308-486f-bdc4-5dbf37890e1e,524889fc-4f50-41bb-b22b-cd5046ba728d,P15,B,3,2.405,3.568,3.454,0.53162,0.5,-0.03162,0.9,0.912,1.25,-0.01784,2.387,-0.018,-0.00015978414312075394
A,a6821b7d-e797-42c6-987a-775e3e8fafb5,09db6874-adc0-46f0-82f7-83cd372cc1f5,P03,A,5,4.441,4.232,3.311,0.73562,0.6,-0.13562,0.9,0.989,1.1,-0.073,4.368,-0.073,-2.3484645130085626e-06
A,a6821b7d-e797-42c6-987a-775e3e8fafb5,28656f69-2ade-488b-b07a-037fb9bfa311,P11,A,11,4.023,4.232,3.311,0.73562,0.6,-0.13562,0.9,0.989,1.0,-0.06636,3.957,-0.066,0.00036150139589726497
A,a6821b7d-e797-42c6-987a-775e3e8fafb5,0fa0a889-795e-4185-8e11-61e0c1f1929b,P05,B,9,4.235,3.311,4.232,0.26438,0.4,0.13562,0.9,0.989,1.1,0.073,4.308,0.073,2.3484645130085626e-06
A,a6821b7d-e797-42c6-987a-775e3e8fafb5,524889fc-4f50-41bb-b22b-cd5046ba728d,P15,B,4,2.387,3.311,4.232,0.26438,0.4,0.13562,0.9,0.989,1.25,0.08295,2.47,0.083,4.812325512841882e-05
A,936986a8-0666-4578-b38e-1d09c46579b7,09db6874-adc0-46f0-82f7-83cd372cc1f5,P03,A,6,4.368,4.163,4.192,0.49195,0.68182,0.18987,0.9,0.989,1.1,0.1022,4.47,0.102,-0.00019838252479711458
A,936986a8-0666-4578-b38e-1d09c46579b7,28656f69-2ade-488b-b07a-037fb9bfa311,P11,A,12,3.957,4.163,4.192,0.49195,0.68182,0.18987,0.9,0.989,1.0,0.09291,4.05,0.093,9.237952291171403e-05
A,936986a8-0666-4578-b38e-1d09c46579b7,0996ee22-e381-45db-90c2-1863869a244e,P02,B,3,4.075,4.192,4.163,0.50805,0.31818,-0.18987,0.9,0.989,1.25,-0.11613,3.959,-0.116,0.00013452559636035748
A,936986a8-0666-4578-b38e-1d09c46579b7,0fa0a889-795e-4185-8e11-61e0c1f1929b,P05,B,10,4.308,4.192,4.163,0.50805,0.31818,-0.18987,0.9,0.989,1.0,-0.09291,4.215,-0.093,-9.237952291171403e-05
A,a29529c6-5899-4297-90aa-d390a4823c65,0996ee22-e381-45db-90c2-1863869a244e,P02,A,4,3.959,4.215,3.789,0.61604,0.6,-0.01604,0.9,0.989,1.25,-0.00981,3.949,-0.01,-0.0001886289041553543
A,a29529c6-5899-4297-90aa-d390a4823c65,09db6874-adc0-46f0-82f7-83cd372cc1f5,P03,A,7,4.47,4.215,3.789,0.61604,0.6,-0.01604,0.9,0.989,1.1,-0.00863,4.461,-0.009,-0.0003659934356567118
A,a29529c6-5899-4297-90aa-d390a4823c65,1f2d89a9-f3fa-41f6-982c-74b37b29581b,P07,B,6,4.223,3.789,4.215,0.38396,0.4,0.01604,0.9,0.989,1.1,0.00863,4.232,0.009,0.0003659934356567118
A,a29529c6-5899-4297-90aa-d390a4823c65,23c1639d-675f-4b9a-a331-3ce419306a6a,P09,B,6,3.355,3.789,4.215,0.38396,0.4,0.01604,0.9,0.989,1.1,0.00863,3.364,0.009,0.0003659934356567118
A,053f8c34-5e15-4f83-bbaf-75197fd4d045,09db6874-adc0-46f0-82f7-83cd372cc1f5,P03,A,8,4.461,4.256,3.79,0.62663,0.4,-0.22663,0.9,0.989,1.1,-0.12198,4.339,-0.122,-1.8417280415593777e-05
A,053f8c34-5e15-4f83-bbaf-75197fd4d045,28656f69-2ade-488b-b07a-037fb9bfa311,P11,A,13,4.05,4.256,3.79,0.62663,0.4,-0.22663,0.9,0.989,1.0,-0.11089,3.939,-0.111,-0.00010765207310508525
A,053f8c34-5e15-4f83-bbaf-75197fd4d045,0fa0a889-795e-4185-8e11-61e0c1f1929b,P05,B,11,4.215,3.79,4.256,0.37337,0.6,0.22663,0.9,0.989,1.0,0.11089,4.326,0.111,0.00010765207310508525
A,053f8c34-5e15-4f83-bbaf-75197fd4d045,23c1639d-675f-4b9a-a331-3ce419306a6a,P09,B,7,3.364,3.79,4.256,0.37337,0.6,0.22663,0.9,0.989,1.1,0.12198,3.486,0.122,1.8417280415593777e-05
A,e862e4a1-932f-4a47-97f1-d286ab4be13b,09db6874-adc0-46f0-82f7-83cd372cc1f5,P03,A,9,4.339,3.346,3.493,0.45912,0.75,0.29088,0.9,0.989,1.1,0.15657,4.496,0.157,0.0004346282450994332
A,e862e4a1-932f-4a47-97f1-d286ab4be13b,4952b344-b938-4d7f-9799-ddf405dcf72a,P14,A,9,2.352,3.346,3.493,0.45912,0.75,0.29088,0.9,0.989,1.1,0.15657,2.509,0.157,0.0004346282450994332
A,e862e4a1-932f-4a47-97f1-d286ab4be13b,0afcfd8d-0965-4364-a90e-c1872c47c12c,P04,B,11,4.486,3.493,3.346,0.54088,0.25,-0.29088,0.9,0.989,1.0,-0.14233,4.344,-0.142,0.00033215614081869704
A,e862e4a1-932f-4a47-97f1-d286ab4be13b,e82e0c7f-ec26-4880-a11c-8e93cdb4e9ae,P24,B,0,2.5,3.493,3.346,0.54088,0.25,-0.29088,0.9,0.989,1.25,-0.17792,2.322,-0.178,-8.480482397662868e-05
A,6450ccec-a86f-45aa-a4bf-6ae871905ca5,32b0e88b-e994-4b10-bf2e-4086a731c027,P12,A,9,3.717,4.217,3.333,0.72755,0.65217,-0.07538,0.9,0.989,1.1,-0.04057,3.676,-0.041,-0.000429706714635573
A,6450ccec-a86f-45aa-a4bf-6ae871905ca5,33f9b461-e8d9-49f7-b81f-f472e956c93f,P13,A,12,4.717,4.217,3.333,0.72755,0.65217,-0.07538,0.9,0.989,1.0,-0.03688,4.68,-0.037,-0.00011791519512324819
A,6450ccec-a86f-45aa-a4bf-6ae871905ca5,0afcfd8d-0965-4364-a90e-c1872c47c12c,P04,B,12,4.344,3.333,4.217,0.27245,0.34783,0.07538,0.9,0.989,1.0,0.03688,4.381,0.037,0.00011791519512324819
A,6450ccec-a86f-45aa-a4bf-6ae871905ca5,e82e0c7f-ec26-4880-a11c-8e93cdb4e9ae,P24,B,1,2.322,3.333,4.217,0.27245,0.34783,0.07538,0.9,0.989,1.25,0.0461,2.368,0.046,-0.00010260600609593977
A,b1c79180-37ca-45a4-9518-abc27a48f51d,20067ed8-879d-470d-9fdf-138b78039ac3,P08,A,13,5.812,4.53,3.772,0.69905,0.75,0.05095,0.9,0.989,1.0,0.02493,5.837,0.025,6.93927687148633e-05
A,b1c79180-37ca-45a4-9518-abc27a48f51d,ed66b898-95e9-4f5c-a69c-df19b9c6da3c,P25,A,14,3.248,4.53,3.772,0.69905,0.75,0.05095,0.9,0.989,1.0,0.02493,3.273,0.025,6.93927687148633e-05
A,b1c79180-37ca-45a4-9518-abc27a48f51d,524889fc-4f50-41bb-b22b-cd5046ba728d,P15,B,5,2.47,3.772,4.53,0.30095,0.25,-0.05095,0.9,0.989,1.1,-0.02742,2.443,-0.027,0.00042366795441365035
A,b1c79180-37ca-45a4-9518-abc27a48f51d,9313bcbf-e559-499a-9658-b277050b37ca,P19,B,12,5.073,3.772,4.53,0.30095,0.25,-0.05095,0.9,0.989,1.0,-0.02493,5.048,-0.025,-6.93927687148633e-05
A,2bc4809f-4961-4e1a-894d-a848b2ae55a6,27f6c2fe-4682-46a5-a2a2-4962a0d9776e,P10,A,12,4.204,4.201,4.133,0.51902,0.5,-0.01902,0.9,0.989,1.0,-0.00931,4.195,-0.009,0.0003060744320369674
A,2bc4809f-4961-4e1a-894d-a848b2ae55a6,8e7929b9-007e-42c3-aa3f-003d3f4df78f,P17,A,12,4.198,4.201,4.133,0.51902,0.5,-0.01902,0.9,0.989,1.0,-0.00931,4.189,-0.009,0.0003060744320369674
A,2bc4809f-4961-4e1a-894d-a848b2ae55a6,0fa0a889-795e-4185-8e11-61e0c1f1929b,P05,B,12,4.326,4.133,4.201,0.48098,0.5,0.01902,0.9,0.989,1.0,0.00931,4.335,0.009,-0.0003060744320369674
A,2bc4809f-4961-4e1a-894d-a848b2ae55a6,28656f69-2ade-488b-b07a-037fb9bfa311,P11,B,14,3.939,4.133,4.201,0.48098,0.5,0.01902,0.9,0.989,1.0,0.00931,3.948,0.009,-0.0003060744320369674
A,4383b3be-9fce-4612-a59a-02207116a9e1,20067ed8-879d-470d-9fdf-138b78039ac3,P08,A,14,5.837,4.555,3.595,0.74407,0.55556,-0.18851,0.9,0.989,1.0,-0.09224,5.745,-0.092,0.0002420082310126416
A,4383b3be-9fce-4612-a59a-02207116a9e1,ed66b898-95e9-4f5c-a69c-df19b9c6da3c,P25,A,15,3.273,4.555,3.595,0.74407,0.55556,-0.18851,0.9,0.989,1.0,-0.09224,3.181,-0.092,0.0002420082310126416
A,4383b3be-9fce-4612-a59a-02207116a9e1,33f9b461-e8d9-49f7-b81f-f472e956c93f,P13,B,13,4.68,3.595,4.555,0.25593,0.44444,0.18851,0.9,0.989,1.0,0.09224,4.772,0.092,-0.0002420082310126416
A,4383b3be-9fce-4612-a59a-02207116a9e1,4952b344-b938-4d7f-9799-ddf405dcf72a,P14,B,10,2.509,3.595,4.555,0.25593,0.44444,0.18851,0.9,0.989,1.0,0.09224,2.601,0.092,-0.0002420082310126416
A,b75e356b-24af-4c88-9a4d-7328cb9d74d2,33f9b461-e8d9-49f7-b81f-f472e956c93f,P13,A,14,4.772,4.91,4.192,0.6895,0.55556,-0.13394,0.9,0.989,1.0,-0.06554,4.706,-0.066,-0.0004595748463072654
A,b75e356b-24af-4c88-9a4d-7328cb9d74d2,9313bcbf-e559-499a-9658-b277050b37ca,P19,A,13,5.048,4.91,4.192,0.6895,0.55556,-0.13394,0.9,0.989,1.0,-0.06554,4.982,-0.066,-0.0004595748463072654
A,b75e356b-24af-4c88-9a4d-7328cb9d74d2,27f6c2fe-4682-46a5-a2a2-4962a0d9776e,P10,B,13,4.195,4.192,4.91,0.3105,0.44444,0.13394,0.9,0.989,1.0,0.06554,4.261,0.066,0.0004595748463072654
A,b75e356b-24af-4c88-9a4d-7328cb9d74d2,8e7929b9-007e-42c3-aa3f-003d3f4df78f,P17,B,13,4.189,4.192,4.91,0.3105,0.44444,0.13394,0.9,0.989,1.0,0.06554,4.255,0.066,0.0004595748463072654
A,c63169fa-2db0-4892-b92e-7cda41f73bf3,d4acf5d8-317e-4564-8170-8fe09e6aa115,P22,A,7,3.889,3.535,4.711,0.21314,0.4,0.18686,0.9,0.989,1.1,0.10058,3.99,0.101,0.00042247176151021654
A,c63169fa-2db0-4892-b92e-7cda41f73bf3,ed66b898-95e9-4f5c-a69c-df19b9c6da3c,P25,A,16,3.181,3.535,4.711,0.21314,0.4,0.18686,0.9,0.989,1.0,0.09143,3.272,0.091,-0.0004341165804452577
A,c63169fa-2db0-4892-b92e-7cda41f73bf3,20067ed8-879d-470d-9fdf-138b78039ac3,P08,B,15,5.745,4.711,3.535,0.78686,0.6,-0.18686,0.9,0.989,1.0,-0.09143,5.654,-0.091,0.0004341165804452577
A,c63169fa-2db0-4892-b92e-7cda41f73bf3,32b0e88b-e994-4b10-bf2e-4086a731c027,P12,B,10,3.676,4.711,3.535,0.78686,0.6,-0.18686,0.9,0.989,1.0,-0.09143,3.585,-0.091,0.0004341165804452577
A,cfb52d2a-8e35-42e7-959b-536e6fc4554b,20067ed8-879d-470d-9fdf-138b78039ac3,P08,A,16,5.654,4.463,3.491,0.74649,0.53571,-0.21078,0.9,0.989,1.0,-0.10314,5.551,-0.103,0.00013754972169356417
A,cfb52d2a-8e35-42e7-959b-536e6fc4554b,ed66b898-95e9-4f5c-a69c-df19b9c6da3c,P25,A,17,3.272,4.463,3.491,0.74649,0.53571,-0.21078,0.9,0.989,1.0,-0.10314,3.169,-0.103,0.00013754972169356417
A,cfb52d2a-8e35-42e7-959b-536e6fc4554b,0afcfd8d-0965-4364-a90e-c1872c47c12c,P04,B,13,4.381,3.491,4.463,0.25351,0.46429,0.21078,0.9,0.989,1.0,0.10314,4.484,0.103,-0.00013754972169356417
A,cfb52d2a-8e35-42e7-959b-536e6fc4554b,4952b344-b938-4d7f-9799-ddf405dcf72a,P14,B,11,2.601,3.491,4.463,0.25351,0.46429,0.21078,0.9,0.989,1.0,0.10314,2.704,0.103,-0.00013754972169356417
A,48337539-7d04-41d5-a7d8-499c4535f109,20067ed8-879d-470d-9fdf-138b78039ac3,P08,A,17,5.551,4.36,4.619,0.42868,0.5,0.07132,0.9,0.989,1.0,0.0349,5.586,0.035,0.00010407519744798049
A,48337539-7d04-41d5-a7d8-499c4535f109,ed66b898-95e9-4f5c-a69c-df19b9c6da3c,P25,A,18,3.169,4.36,4.619,0.42868,0.5,0.07132,0.9,0.989,1.0,0.0349,3.204,0.035,0.00010407519744798049
A,48337539-7d04-41d5-a7d8-499c4535f109,8e7929b9-007e-42c3-aa3f-003d3f4df78f,P17,B,14,4.255,4.619,4.36,0.57132,0.5,-0.07132,0.9,0.989,1.0,-0.0349,4.22,-0.035,-0.00010407519744798049
A,48337539-7d04-41d5-a7d8-499c4535f109,9313bcbf-e559-499a-9658-b277050b37ca,P19,B,14,4.982,4.619,4.36,0.57132,0.5,-0.07132,0.9,0.989,1.0,-0.0349,4.947,-0.035,-0.00010407519744798049
A,43ad7b90-44f0-4852-9210-18faf1010105,0fa0a889-795e-4185-8e11-61e0c1f1929b,P05,A,13,4.335,4.142,4.241,0.47253,0.88235,0.40983,0.9,1.0,1.0,0.20286,4.538,0.203,0.0001365034670731718
A,43ad7b90-44f0-4852-9210-18faf1010105,28656f69-2ade-488b-b07a-037fb9bfa311,P11,A,15,3.948,4.142,4.241,0.47253,0.88235,0.40983,0.9,1.0,1.0,0.20286,4.151,0.203,0.0001365034670731718
A,43ad7b90-44f0-4852-9210-18faf1010105,27f6c2fe-4682-46a5-a2a2-4962a0d9776e,P10,B,14,4.261,4.241,4.142,0.52747,0.11765,-0.40983,0.9,1.0,1.0,-0.20286,4.058,-0.203,-0.0001365034670731718
A,43ad7b90-44f0-4852-9210-18faf1010105,8e7929b9-007e-42c3-aa3f-003d3f4df78f,P17,B,15,4.22,4.241,4.142,0.52747,0.11765,-0.40983,0.9,1.0,1.0,-0.20286,4.017,-0.203,-0.0001365034670731718
B_K0.35,f252ac4c-d134-4c6a-a68c-8bfb6868a91f,0fa0a889-795e-4185-8e11-61e0c1f1929b,P05,A,0,4.0,3.0,3.95,0.25816,0.44444,0.18628,0.9,0.715,1.25,0.05247,4.052,0.052,-0.00046866372920619615
B_K0.35,f252ac4c-d134-4c6a-a68c-8bfb6868a91f,4952b344-b938-4d7f-9799-ddf405dcf72a,P14,A,0,2.0,3.0,3.95,0.25816,0.44444,0.18628,0.9,0.715,1.25,0.05247,2.052,0.052,-0.00046866372920619615
B_K0.35,f252ac4c-d134-4c6a-a68c-8bfb6868a91f,524889fc-4f50-41bb-b22b-cd5046ba728d,P15,B,0,2.0,3.95,3.0,0.74184,0.55556,-0.18628,0.9,0.715,1.25,-0.05247,2.0,0.0,0.0
B_K0.35,f252ac4c-d134-4c6a-a68c-8bfb6868a91f,9313bcbf-e559-499a-9658-b277050b37ca,P19,B,0,5.9,3.95,3.0,0.74184,0.55556,-0.18628,0.9,0.715,1.25,-0.05247,5.848,-0.052,0.00046866372920619615
B_K0.35,8f4f89bf-f631-40fb-92ea-2e570dff7707,27f6c2fe-4682-46a5-a2a2-4962a0d9776e,P10,A,0,4.0,4.0,3.75,0.569,0.5,-0.069,0.9,0.715,1.25,-0.01943,3.981,-0.019,0.00043480616747357324
B_K0.35,8f4f89bf-f631-40fb-92ea-2e570dff7707,28656f69-2ade-488b-b07a-037fb9bfa311,P11,A,0,4.0,4.0,3.75,0.569,0.5,-0.069,0.9,0.715,1.25,-0.01943,3.981,-0.019,0.00043480616747357324
B_K0.35,8f4f89bf-f631-40fb-92ea-2e570dff7707,0afcfd8d-0965-4364-a90e-c1872c47c12c,P04,B,0,4.0,3.75,4.0,0.431,0.5,0.069,0.9,0.715,1.25,0.01943,4.019,0.019,-0.00043480616747357324
B_K0.35,8f4f89bf-f631-40fb-92ea-2e570dff7707,ed66b898-95e9-4f5c-a69c-df19b9c6da3c,P25,B,0,3.5,3.75,4.0,0.431,0.5,0.069,0.9,0.715,1.25,0.01943,3.519,0.019,-0.00043480616747357324
B_K0.35,f53ac5f1-4189-4e25-8949-8e6073016eeb,0fa0a889-795e-4185-8e11-61e0c1f1929b,P05,A,1,4.052,3.786,3.7,0.52373,1.0,0.47627,0.9,0.715,1.25,0.13414,4.186,0.134,-0.00014484798830590462
B_K0.35,f53ac5f1-4189-4e25-8949-8e6073016eeb,ed66b898-95e9-4f5c-a69c-df19b9c6da3c,P25,A,1,3.519,3.786,3.7,0.52373,1.0,0.47627,0.9,0.715,1.25,0.13414,3.653,0.134,-0.00014484798830590462
B_K0.35,f53ac5f1-4189-4e25-8949-8e6073016eeb,23c1639d-675f-4b9a-a331-3ce419306a6a,P09,B,0,4.0,3.7,3.786,0.47627,0.0,-0.47627,0.9,0.715,1.25,-0.13414,3.866,-0.134,0.00014484798830590462
B_K0.35,f53ac5f1-4189-4e25-8949-8e6073016eeb,b5146cb1-84e0-4690-a7ae-d6256b33586c,P20,B,0,3.4,3.7,3.786,0.47627,0.0,-0.47627,0.9,0.715,1.25,-0.13414,3.266,-0.134,0.00014484798830590462
B_K0.35,b4436f08-ef01-4453-990c-c6add342dcda,33f9b461-e8d9-49f7-b81f-f472e956c93f,P13,A,0,4.0,4.0,6.01,0.09685,0.55556,0.45871,0.9,0.715,1.25,0.1292,4.129,0.129,-0.0001995748511609015
B_K0.35,b4436f08-ef01-4453-990c-c6add342dcda,dfda52a3-01e6-4456-b139-f5a74d69cdd3,P23,A,0,4.0,4.0,6.01,0.09685,0.55556,0.45871,0.9,0.715,1.25,0.1292,4.129,0.129,-0.0001995748511609015
B_K0.35,b4436f08-ef01-4453-990c-c6add342dcda,0afcfd8d-0965-4364-a90e-c1872c47c12c,P04,B,1,4.019,6.01,4.0,0.90315,0.44444,-0.45871,0.9,0.715,1.25,-0.1292,3.89,-0.129,0.0001995748511609015
B_K0.35,b4436f08-ef01-4453-990c-c6add342dcda,20067ed8-879d-470d-9fdf-138b78039ac3,P08,B,0,8.0,6.01,4.0,0.90315,0.44444,-0.45871,0.9,0.715,1.25,-0.1292,7.871,-0.129,0.0001995748511609015
B_K0.35,a6397938-05cc-4785-9ec8-bb010355c9da,20067ed8-879d-470d-9fdf-138b78039ac3,P08,A,1,7.871,5.936,2.991,0.96346,0.375,-0.58846,0.9,0.715,1.25,-0.16575,7.705,-0.166,-0.0002543077295661263
B_K0.35,a6397938-05cc-4785-9ec8-bb010355c9da,d4acf5d8-317e-4564-8170-8fe09e6aa115,P22,A,0,4.0,5.936,2.991,0.96346,0.375,-0.58846,0.9,0.715,1.25,-0.16575,3.834,-0.166,-0.0002543077295661263
B_K0.35,a6397938-05cc-4785-9ec8-bb010355c9da,27f6c2fe-4682-46a5-a2a2-4962a0d9776e,P10,B,1,3.981,2.991,5.936,0.03654,0.625,0.58846,0.9,0.715,1.25,0.16575,4.147,0.166,0.0002543077295661263
B_K0.35,a6397938-05cc-4785-9ec8-bb010355c9da,524889fc-4f50-41bb-b22b-cd5046ba728d,P15,B,1,2.0,2.991,5.936,0.03654,0.625,0.58846,0.9,0.715,1.25,0.16575,2.166,0.166,0.0002543077295661263
B_K0.35,9a0d536d-702f-4764-b2b8-fc5a69a6b9de,0afcfd8d-0965-4364-a90e-c1872c47c12c,P04,A,2,3.89,3.878,3.891,0.49639,0.34783,-0.14856,0.9,0.715,1.25,-0.04184,3.848,-0.042,-0.00015601855800454715
B_K0.35,9a0d536d-702f-4764-b2b8-fc5a69a6b9de,23c1639d-675f-4b9a-a331-3ce419306a6a,P09,A,1,3.866,3.878,3.891,0.49639,0.34783,-0.14856,0.9,0.715,1.25,-0.04184,3.824,-0.042,-0.00015601855800454715
B_K0.35,9a0d536d-702f-4764-b2b8-fc5a69a6b9de,dfda52a3-01e6-4456-b139-f5a74d69cdd3,P23,B,1,4.129,3.891,3.878,0.50361,0.65217,0.14856,0.9,0.715,1.25,0.04184,4.171,0.042,0.00015601855800454715
B_K0.35,9a0d536d-702f-4764-b2b8-fc5a69a6b9de,ed66b898-95e9-4f5c-a69c-df19b9c6da3c,P25,B,2,3.653,3.891,3.878,0.50361,0.65217,0.14856,0.9,0.715,1.25,0.04184,3.695,0.042,0.00015601855800454715
B_K0.35,6e504b4c-8034-4fbb-8e80-dc612f3fde9a,8e7929b9-007e-42c3-aa3f-003d3f4df78f,P17,A,0,4.0,3.633,3.119,0.63902,0.4,-0.23902,0.9,0.715,1.25,-0.06732,3.933,-0.067,0.00032185949277619655
B_K0.35,6e504b4c-8034-4fbb-8e80-dc612f3fde9a,b5146cb1-84e0-4690-a7ae-d6256b33586c,P20,A,1,3.266,3.633,3.119,0.63902,0.4,-0.23902,0.9,0.715,1.25,-0.06732,3.199,-0.067,0.00032185949277619655
B_K0.35,6e504b4c-8034-4fbb-8e80-dc612f3fde9a,0fa0a889-795e-4185-8e11-61e0c1f1929b,P05,B,2,4.186,3.119,3.633,0.36098,0.6,0.23902,0.9,0.715,1.25,0.06732,4.253,0.067,-0.00032185949277619655
B_K0.35,6e504b4c-8034-4fbb-8e80-dc612f3fde9a,4952b344-b938-4d7f-9799-ddf405dcf72a,P14,B,1,2.052,3.119,3.633,0.36098,0.6,0.23902,0.9,0.715,1.25,0.06732,2.119,0.067,-0.00032185949277619655
B_K0.35,883f6955-cf07-44f4-bf2a-d0eaab7996eb,33f9b461-e8d9-49f7-b81f-f472e956c93f,P13,A,1,4.129,3.148,4.915,0.12311,0.46429,0.34118,0.9,0.715,1.25,0.0961,4.225,0.096,-9.59253508205832e-05
B_K0.35,883f6955-cf07-44f4-bf2a-d0eaab7996eb,524889fc-4f50-41bb-b22b-cd5046ba728d,P15,A,2,2.166,3.148,4.915,0.12311,0.46429,0.34118,0.9,0.715,1.25,0.0961,2.262,0.096,-9.59253508205832e-05
B_K0.35,883f6955-cf07-44f4-bf2a-d0eaab7996eb,28656f69-2ade-488b-b07a-037fb9bfa311,P11,B,1,3.981,4.915,3.148,0.87689,0.53571,-0.34118,0.9,0.715,1.25,-0.0961,3.885,-0.096,9.59253508205832e-05
B_K0.35,883f6955-cf07-44f4-bf2a-d0eaab7996eb,9313bcbf-e559-499a-9658-b277050b37ca,P19,B,1,5.848,4.915,3.148,0.87689,0.53571,-0.34118,0.9,0.715,1.25,-0.0961,5.752,-0.096,9.59253508205832e-05
B_K0.35,b5e0ebeb-d305-4950-b919-9bbc8fea9607,0afcfd8d-0965-4364-a90e-c1872c47c12c,P04,A,3,3.848,3.836,4.093,0.42909,0.4,-0.02909,0.9,0.715,1.25,-0.00819,3.84,-0.008,0.00019408756993237916
B_K0.35,b5e0ebeb-d305-4950-b919-9bbc8fea9607,23c1639d-675f-4b9a-a331-3ce419306a6a,P09,A,2,3.824,3.836,4.093,0.42909,0.4,-0.02909,0.9,0.715,1.25,-0.00819,3.816,-0.008,0.00019408756993237916
B_K0.35,b5e0ebeb-d305-4950-b919-9bbc8fea9607,0fa0a889-795e-4185-8e11-61e0c1f1929b,P05,B,3,4.253,4.093,3.836,0.57091,0.6,0.02909,0.9,0.715,1.25,0.00819,4.261,0.008,-0.00019408756993237916
B_K0.35,b5e0ebeb-d305-4950-b919-9bbc8fea9607,8e7929b9-007e-42c3-aa3f-003d3f4df78f,P17,B,1,3.933,4.093,3.836,0.57091,0.6,0.02909,0.9,0.715,1.25,0.00819,3.941,0.008,-0.00019408756993237916
B_K0.35,3a78a214-ca47-477b-a512-93a45b0f6681,1f2d89a9-f3fa-41f6-982c-74b37b29581b,P07,A,0,4.0,4.0,3.888,0.53121,0.42308,-0.10813,0.9,0.715,1.25,-0.03046,3.97,-0.03,0.00045641487946748276
B_K0.35,3a78a214-ca47-477b-a512-93a45b0f6681,32b0e88b-e994-4b10-bf2e-4086a731c027,P12,A,0,4.0,4.0,3.888,0.53121,0.42308,-0.10813,0.9,0.715,1.25,-0.03046,3.97,-0.03,0.00045641487946748276
B_K0.35,3a78a214-ca47-477b-a512-93a45b0f6681,8e7929b9-007e-42c3-aa3f-003d3f4df78f,P17,B,2,3.941,3.888,4.0,0.46879,0.57692,0.10813,0.9,0.715,1.25,0.03046,3.971,0.03,-0.00045641487946748276
B_K0.35,3a78a214-ca47-477b-a512-93a45b0f6681,d4acf5d8-317e-4564-8170-8fe09e6aa115,P22,B,1,3.834,3.888,4.0,0.46879,0.57692,0.10813,0.9,0.715,1.25,0.03046,3.864,0.03,-0.00045641487946748276
B_K0.35,499be5f8-602c-4641-abc1-b5e7a5fbe4e8,1f2d89a9-f3fa-41f6-982c-74b37b29581b,P07,A,1,3.97,3.97,3.918,0.51458,0.42308,-0.0915,0.9,0.715,1.25,-0.02577,3.944,-0.026,-0.0002276136066097328
B_K0.35,499be5f8-602c-4641-abc1-b5e7a5fbe4e8,32b0e88b-e994-4b10-bf2e-4086a731c027,P12,A,1,3.97,3.97,3.918,0.51458,0.42308,-0.0915,0.9,0.715,1.25,-0.02577,3.944,-0.026,-0.0002276136066097328
B_K0.35,499be5f8-602c-4641-abc1-b5e7a5fbe4e8,8e7929b9-007e-42c3-aa3f-003d3f4df78f,P17,B,3,3.971,3.918,3.97,0.48542,0.57692,0.0915,0.9,0.715,1.25,0.02577,3.997,0.026,0.0002276136066097328
B_K0.35,499be5f8-602c-4641-abc1-b5e7a5fbe4e8,d4acf5d8-317e-4564-8170-8fe09e6aa115,P22,B,2,3.864,3.918,3.97,0.48542,0.57692,0.0915,0.9,0.715,1.25,0.02577,3.89,0.026,0.0002276136066097328
B_K0.35,96c408c2-df56-4284-83da-fa8f0174230f,1f2d89a9-f3fa-41f6-982c-74b37b29581b,P07,A,2,3.944,4.058,6.729,0.0489,0.57692,0.52802,0.9,0.715,1.25,0.14872,4.093,0.149,0.00027869437333793794
B_K0.35,96c408c2-df56-4284-83da-fa8f0174230f,dfda52a3-01e6-4456-b139-f5a74d69cdd3,P23,A,2,4.171,4.058,6.729,0.0489,0.57692,0.52802,0.9,0.715,1.25,0.14872,4.32,0.149,0.00027869437333793794
B_K0.35,96c408c2-df56-4284-83da-fa8f0174230f,20067ed8-879d-470d-9fdf-138b78039ac3,P08,B,2,7.705,6.729,4.058,0.9511,0.42308,-0.52802,0.9,0.715,1.25,-0.14872,7.556,-0.149,-0.00027869437333793794
B_K0.35,96c408c2-df56-4284-83da-fa8f0174230f,9313bcbf-e559-499a-9658-b277050b37ca,P19,B,2,5.752,6.729,4.058,0.9511,0.42308,-0.52802,0.9,0.715,1.25,-0.14872,5.603,-0.149,-0.00027869437333793794
B_K0.35,4b747051-fdbe-44eb-9098-1615dbf2bf65,23c1639d-675f-4b9a-a331-3ce419306a6a,P09,A,3,3.816,3.851,3.921,0.48043,0.625,0.14457,0.9,0.715,1.25,0.04072,3.857,0.041,0.00027970581099599523
B_K0.35,4b747051-fdbe-44eb-9098-1615dbf2bf65,28656f69-2ade-488b-b07a-037fb9bfa311,P11,A,2,3.885,3.851,3.921,0.48043,0.625,0.14457,0.9,0.715,1.25,0.04072,3.926,0.041,0.00027970581099599523
B_K0.35,4b747051-fdbe-44eb-9098-1615dbf2bf65,27f6c2fe-4682-46a5-a2a2-4962a0d9776e,P10,B,2,4.147,3.921,3.851,0.51957,0.375,-0.14457,0.9,0.715,1.25,-0.04072,4.106,-0.041,-0.00027970581099599523
B_K0.35,4b747051-fdbe-44eb-9098-1615dbf2bf65,ed66b898-95e9-4f5c-a69c-df19b9c6da3c,P25,B,3,3.695,3.921,3.851,0.51957,0.375,-0.14457,0.9,0.715,1.25,-0.04072,3.654,-0.041,-0.00027970581099599523
B_K0.35,eef05cfd-1a64-496e-aea4-8428df9c3b9b,20067ed8-879d-470d-9fdf-138b78039ac3,P08,A,3,7.556,6.58,4.08,0.94143,0.4,-0.54143,0.9,0.715,1.25,-0.1525,7.404,-0.152,0.0004990137043217738
B_K0.35,eef05cfd-1a64-496e-aea4-8428df9c3b9b,9313bcbf-e559-499a-9658-b277050b37ca,P19,A,3,5.603,6.58,4.08,0.94143,0.4,-0.54143,0.9,0.715,1.25,-0.1525,5.451,-0.152,0.0004990137043217738
B_K0.35,eef05cfd-1a64-496e-aea4-8428df9c3b9b,0afcfd8d-0965-4364-a90e-c1872c47c12c,P04,B,4,3.84,4.08,6.58,0.05857,0.6,0.54143,0.9,0.715,1.25,0.1525,3.992,0.152,-0.0004990137043217738
B_K0.35,eef05cfd-1a64-496e-aea4-8428df9c3b9b,dfda52a3-01e6-4456-b139-f5a74d69cdd3,P23,B,3,4.32,4.08,6.58,0.05857,0.6,0.54143,0.9,0.715,1.25,0.1525,4.472,0.152,-0.0004990137043217738
B_K0.35,6a01d571-bf2d-4b08-ab63-53d3b764ac65,1f2d89a9-f3fa-41f6-982c-74b37b29581b,P07,A,3,4.093,4.159,3.799,0.59869,0.625,0.02631,0.9,0.715,1.25,0.00741,4.1,0.007,-0.0004110920252418643
B_K0.35,6a01d571-bf2d-4b08-ab63-53d3b764ac65,33f9b461-e8d9-49f7-b81f-f472e956c93f,P13,A,2,4.225,4.159,3.799,0.59869,0.625,0.02631,0.9,0.715,1.25,0.00741,4.232,0.007,-0.0004110920252418643
B_K0.35,6a01d571-bf2d-4b08-ab63-53d3b764ac65,32b0e88b-e994-4b10-bf2e-4086a731c027,P12,B,2,3.944,3.799,4.159,0.40131,0.375,-0.02631,0.9,0.715,1.25,-0.00741,3.937,-0.007,0.0004110920252418643
B_K0.35,6a01d571-bf2d-4b08-ab63-53d3b764ac65,ed66b898-95e9-4f5c-a69c-df19b9c6da3c,P25,B,4,3.654,3.799,4.159,0.40131,0.375,-0.02631,0.9,0.715,1.25,-0.00741,3.647,-0.007,0.0004110920252418643
B_K0.35,87ba212a-bccc-4be6-92ed-8495c8c0d886,20067ed8-879d-470d-9fdf-138b78039ac3,P08,A,4,7.404,5.631,3.998,0.85983,0.55556,-0.30428,0.9,0.715,1.25,-0.0857,7.318,-0.086,-0.0002981962851206652
B_K0.35,87ba212a-bccc-4be6-92ed-8495c8c0d886,23c1639d-675f-4b9a-a331-3ce419306a6a,P09,A,4,3.857,5.631,3.998,0.85983,0.55556,-0.30428,0.9,0.715,1.25,-0.0857,3.771,-0.086,-0.0002981962851206652
B_K0.35,87ba212a-bccc-4be6-92ed-8495c8c0d886,27f6c2fe-4682-46a5-a2a2-4962a0d9776e,P10,B,3,4.106,3.998,5.631,0.14017,0.44444,0.30428,0.9,0.715,1.25,0.0857,4.192,0.086,0.0002981962851206652
B_K0.35,87ba212a-bccc-4be6-92ed-8495c8c0d886,d4acf5d8-317e-4564-8170-8fe09e6aa115,P22,B,3,3.89,3.998,5.631,0.14017,0.44444,0.30428,0.9,0.715,1.25,0.0857,3.976,0.086,0.0002981962851206652
B_K0.35,9127f50f-f412-4a40-856c-e14097646b7d,27f6c2fe-4682-46a5-a2a2-4962a0d9776e,P10,A,4,4.192,4.059,3.822,0.56546,0.46429,-0.10117,0.9,0.776,1.25,-0.0309,4.161,-0.031,-0.0001045998111386031
B_K0.35,9127f50f-f412-4a40-856c-e14097646b7d,28656f69-2ade-488b-b07a-037fb9bfa311,P11,A,3,3.926,4.059,3.822,0.56546,0.46429,-0.10117,0.9,0.776,1.25,-0.0309,3.895,-0.031,-0.0001045998111386031
B_K0.35,9127f50f-f412-4a40-856c-e14097646b7d,8e7929b9-007e-42c3-aa3f-003d3f4df78f,P17,B,4,3.997,3.822,4.059,0.43454,0.53571,0.10117,0.9,0.776,1.25,0.0309,4.028,0.031,0.0001045998111386031
B_K0.35,9127f50f-f412-4a40-856c-e14097646b7d,ed66b898-95e9-4f5c-a69c-df19b9c6da3c,P25,B,5,3.647,3.822,4.059,0.43454,0.53571,0.10117,0.9,0.776,1.1,0.02719,3.674,0.027,-0.0001879521661980293
B_K0.35,fbeddd53-0142-48f1-afa4-8c984b028c2b,0afcfd8d-0965-4364-a90e-c1872c47c12c,P04,A,5,3.992,3.596,5.545,0.10289,1.0,0.89711,0.9,0.776,1.1,0.24109,4.233,0.241,-8.653128017157041e-05
B_K0.35,fbeddd53-0142-48f1-afa4-8c984b028c2b,b5146cb1-84e0-4690-a7ae-d6256b33586c,P20,A,2,3.199,3.596,5.545,0.10289,1.0,0.89711,0.9,0.776,1.25,0.27396,3.473,0.274,3.803263616866999e-05
B_K0.35,fbeddd53-0142-48f1-afa4-8c984b028c2b,20067ed8-879d-470d-9fdf-138b78039ac3,P08,B,5,7.318,5.545,3.596,0.89711,0.0,-0.89711,0.9,0.776,1.1,-0.24109,7.077,-0.241,8.653128017157041e-05
B_K0.35,fbeddd53-0142-48f1-afa4-8c984b028c2b,23c1639d-675f-4b9a-a331-3ce419306a6a,P09,B,5,3.771,5.545,3.596,0.89711,0.0,-0.89711,0.9,0.776,1.1,-0.24109,3.53,-0.241,8.653128017157041e-05
B_K0.35,d782326c-6b6b-48cc-bb4e-4823eb5d1a11,33f9b461-e8d9-49f7-b81f-f472e956c93f,P13,A,3,4.232,4.116,3.296,0.71334,0.83333,0.11999,0.9,0.776,1.25,0.03664,4.269,0.037,0.0003565747205612102
B_K0.35,d782326c-6b6b-48cc-bb4e-4823eb5d1a11,cb2d6d92-3c1d-453d-aa65-79ca040d61f3,P21,A,0,4.0,4.116,3.296,0.71334,0.83333,0.11999,0.9,0.776,1.25,0.03664,4.037,0.037,0.0003565747205612102
B_K0.35,d782326c-6b6b-48cc-bb4e-4823eb5d1a11,4952b344-b938-4d7f-9799-ddf405dcf72a,P14,B,2,2.119,3.296,4.116,0.28666,0.16667,-0.11999,0.9,0.776,1.25,-0.03664,2.082,-0.037,-0.0003565747205612102
B_K0.35,d782326c-6b6b-48cc-bb4e-4823eb5d1a11,dfda52a3-01e6-4456-b139-f5a74d69cdd3,P23,B,4,4.472,3.296,4.116,0.28666,0.16667,-0.11999,0.9,0.776,1.25,-0.03664,4.435,-0.037,-0.0003565747205612102
B_K0.35,4444b26a-6932-440a-864e-029dd40a37d0,0fa0a889-795e-4185-8e11-61e0c1f1929b,P05,A,4,4.261,3.867,4.563,0.31588,0.375,0.05912,0.9,0.776,1.25,0.01805,4.279,0.018,-5.461250420469631e-05
B_K0.35,4444b26a-6932-440a-864e-029dd40a37d0,b5146cb1-84e0-4690-a7ae-d6256b33586c,P20,A,3,3.473,3.867,4.563,0.31588,0.375,0.05912,0.9,0.776,1.25,0.01805,3.491,0.018,-5.461250420469631e-05
B_K0.35,4444b26a-6932-440a-864e-029dd40a37d0,9313bcbf-e559-499a-9658-b277050b37ca,P19,B,4,5.451,4.563,3.867,0.68412,0.625,-0.05912,0.9,0.776,1.25,-0.01805,5.433,-0.018,5.461250420469631e-05
B_K0.35,4444b26a-6932-440a-864e-029dd40a37d0,ed66b898-95e9-4f5c-a69c-df19b9c6da3c,P25,B,6,3.674,4.563,3.867,0.68412,0.625,-0.05912,0.9,0.776,1.1,-0.01589,3.658,-0.016,-0.00011194099629986725
B_K0.35,eba3e49a-f356-41a6-9b31-02e74c37e3dd,091f312a-207f-4cea-9d57-437a614affde,P01,A,0,3.5,3.764,4.028,0.42719,0.46429,0.0371,0.9,0.776,1.25,0.01133,3.511,0.011,-0.00032895769747551224
B_K0.35,eba3e49a-f356-41a6-9b31-02e74c37e3dd,8e7929b9-007e-42c3-aa3f-003d3f4df78f,P17,A,5,4.028,3.764,4.028,0.42719,0.46429,0.0371,0.9,0.776,1.1,0.00997,4.038,0.01,3.051722622154922e-05
B_K0.35,eba3e49a-f356-41a6-9b31-02e74c37e3dd,27f6c2fe-4682-46a5-a2a2-4962a0d9776e,P10,B,5,4.161,4.028,3.764,0.57281,0.53571,-0.0371,0.9,0.776,1.1,-0.00997,4.151,-0.01,-3.051722622154922e-05
B_K0.35,eba3e49a-f356-41a6-9b31-02e74c37e3dd,28656f69-2ade-488b-b07a-037fb9bfa311,P11,B,4,3.895,4.028,3.764,0.57281,0.53571,-0.0371,0.9,0.776,1.25,-0.01133,3.884,-0.011,0.00032895769747551224
B_K0.35,42f76a99-1849-4db1-b133-f5f0db458291,091f312a-207f-4cea-9d57-437a614affde,P01,A,1,3.511,3.774,4.064,0.42027,0.71429,0.29402,0.9,0.776,1.25,0.08979,3.601,0.09,0.0002128880266986646
B_K0.35,42f76a99-1849-4db1-b133-f5f0db458291,cb2d6d92-3c1d-453d-aa65-79ca040d61f3,P21,A,1,4.037,3.774,4.064,0.42027,0.71429,0.29402,0.9,0.776,1.25,0.08979,4.127,0.09,0.0002128880266986646
B_K0.35,42f76a99-1849-4db1-b133-f5f0db458291,27f6c2fe-4682-46a5-a2a2-4962a0d9776e,P10,B,6,4.151,4.064,3.774,0.57973,0.28571,-0.29402,0.9,0.776,1.1,-0.07901,4.072,-0.079,1.2658536505175162e-05
B_K0.35,42f76a99-1849-4db1-b133-f5f0db458291,d4acf5d8-317e-4564-8170-8fe09e6aa115,P22,B,4,3.976,4.064,3.774,0.57973,0.28571,-0.29402,0.9,0.776,1.25,-0.08979,3.886,-0.09,-0.0002128880266986646
B_K0.35,a7d12f06-65d8-4881-9c89-1a96aaf41eec,0996ee22-e381-45db-90c2-1863869a244e,P02,A,0,4.0,4.019,4.659,0.32948,0.6,0.27052,0.9,0.776,1.25,0.08261,4.083,0.083,0.0003869700935153286
B_K0.35,a7d12f06-65d8-4881-9c89-1a96aaf41eec,8e7929b9-007e-42c3-aa3f-003d3f4df78f,P17,A,6,4.038,4.019,4.659,0.32948,0.6,0.27052,0.9,0.776,1.1,0.0727,4.111,0.073,0.0003005336822934892
B_K0.35,a7d12f06-65d8-4881-9c89-1a96aaf41eec,28656f69-2ade-488b-b07a-037fb9bfa311,P11,B,5,3.884,4.659,4.019,0.67052,0.4,-0.27052,0.9,0.776,1.1,-0.0727,3.811,-0.073,-0.0003005336822934892
B_K0.35,a7d12f06-65d8-4881-9c89-1a96aaf41eec,9313bcbf-e559-499a-9658-b277050b37ca,P19,B,5,5.433,4.659,4.019,0.67052,0.4,-0.27052,0.9,0.776,1.1,-0.0727,5.36,-0.073,-0.0003005336822934892
B_K0.35,6b1b6b0c-f639-4cde-9dc9-a7993eb52dd0,091f312a-207f-4cea-9d57-437a614affde,P01,A,2,3.601,4.481,4.185,0.58149,0.44444,-0.13704,0.9,0.776,1.25,-0.04185,3.559,-0.042,-0.00014911036138973545
B_K0.35,6b1b6b0c-f639-4cde-9dc9-a7993eb52dd0,9313bcbf-e559-499a-9658-b277050b37ca,P19,A,6,5.36,4.481,4.185,0.58149,0.44444,-0.13704,0.9,0.776,1.1,-0.03683,5.323,-0.037,-0.0001712171180229672
B_K0.35,6b1b6b0c-f639-4cde-9dc9-a7993eb52dd0,1f2d89a9-f3fa-41f6-982c-74b37b29581b,P07,B,4,4.1,4.185,4.481,0.41851,0.55556,0.13704,0.9,0.776,1.25,0.04185,4.142,0.042,0.00014911036138973545
B_K0.35,6b1b6b0c-f639-4cde-9dc9-a7993eb52dd0,33f9b461-e8d9-49f7-b81f-f472e956c93f,P13,B,4,4.269,4.185,4.481,0.41851,0.55556,0.13704,0.9,0.776,1.25,0.04185,4.311,0.042,0.00014911036138973545
B_K0.35,c9a88ea7-fe59-404d-8266-d011389186e8,d4acf5d8-317e-4564-8170-8fe09e6aa115,P22,A,5,3.886,4.161,3.798,0.59949,0.55556,-0.04393,0.9,0.776,1.1,-0.01181,3.874,-0.012,-0.0001937068215146163
B_K0.35,c9a88ea7-fe59-404d-8266-d011389186e8,dfda52a3-01e6-4456-b139-f5a74d69cdd3,P23,A,5,4.435,4.161,3.798,0.59949,0.55556,-0.04393,0.9,0.776,1.1,-0.01181,4.423,-0.012,-0.0001937068215146163
B_K0.35,c9a88ea7-fe59-404d-8266-d011389186e8,32b0e88b-e994-4b10-bf2e-4086a731c027,P12,B,3,3.937,3.798,4.161,0.40051,0.44444,0.04393,0.9,0.776,1.25,0.01342,3.95,0.013,-0.0004162422482788451
B_K0.35,c9a88ea7-fe59-404d-8266-d011389186e8,ed66b898-95e9-4f5c-a69c-df19b9c6da3c,P25,B,7,3.658,3.798,4.161,0.40051,0.44444,0.04393,0.9,0.776,1.1,0.01181,3.67,0.012,0.0001937068215146163
B_K0.35,21bb139e-0201-4ffb-a7de-b50fbf708f58,9313bcbf-e559-499a-9658-b277050b37ca,P19,A,7,5.323,4.725,4.056,0.67785,0.46429,-0.21356,0.9,0.776,1.1,-0.05739,5.266,-0.057,0.00039121011219446977
B_K0.35,21bb139e-0201-4ffb-a7de-b50fbf708f58,cb2d6d92-3c1d-453d-aa65-79ca040d61f3,P21,A,2,4.127,4.725,4.056,0.67785,0.46429,-0.21356,0.9,0.776,1.25,-0.06522,4.062,-0.065,0.00021728421840280657
B_K0.35,21bb139e-0201-4ffb-a7de-b50fbf708f58,09db6874-adc0-46f0-82f7-83cd372cc1f5,P03,B,0,4.0,4.056,4.725,0.32215,0.53571,0.21356,0.9,0.776,1.25,0.06522,4.065,0.065,-0.00021728421840280657
B_K0.35,21bb139e-0201-4ffb-a7de-b50fbf708f58,8e7929b9-007e-42c3-aa3f-003d3f4df78f,P17,B,7,4.111,4.056,4.725,0.32215,0.53571,0.21356,0.9,0.776,1.1,0.05739,4.168,0.057,-0.00039121011219446977
B_K0.35,8982d3cf-5276-491f-8ede-8d0417715df0,09db6874-adc0-46f0-82f7-83cd372cc1f5,P03,A,1,4.065,4.033,5.374,0.18392,0.5,0.31608,0.9,0.812,1.25,0.10109,4.166,0.101,-8.953789623603903e-05
B_K0.35,8982d3cf-5276-491f-8ede-8d0417715df0,8fa5441d-1934-4810-af86-a11ee051e58f,P18,A,0,4.0,4.033,5.374,0.18392,0.5,0.31608,0.9,0.812,1.25,0.10109,4.101,0.101,-8.953789623603903e-05
B_K0.35,8982d3cf-5276-491f-8ede-8d0417715df0,20067ed8-879d-470d-9fdf-138b78039ac3,P08,B,6,7.077,5.374,4.033,0.81608,0.5,-0.31608,0.9,0.812,1.1,-0.08896,6.988,-0.089,-4.120665131228566e-05
B_K0.35,8982d3cf-5276-491f-8ede-8d0417715df0,ed66b898-95e9-4f5c-a69c-df19b9c6da3c,P25,B,8,3.67,5.374,4.033,0.81608,0.5,-0.31608,0.9,0.812,1.1,-0.08896,3.581,-0.089,-4.120665131228566e-05
B_K0.35,db80fefe-8363-444b-9403-b71ecae8b453,20067ed8-879d-470d-9fdf-138b78039ac3,P08,A,7,6.988,5.469,3.973,0.84054,0.6,-0.24054,0.9,0.841,1.1,-0.07009,6.918,-0.07,8.51451447718065e-05
B_K0.35,db80fefe-8363-444b-9403-b71ecae8b453,32b0e88b-e994-4b10-bf2e-4086a731c027,P12,A,4,3.95,5.469,3.973,0.84054,0.6,-0.24054,0.9,0.841,1.25,-0.07964,3.87,-0.08,-0.00035778960821385625
B_K0.35,db80fefe-8363-444b-9403-b71ecae8b453,27f6c2fe-4682-46a5-a2a2-4962a0d9776e,P10,B,7,4.072,3.973,5.469,0.15946,0.4,0.24054,0.9,0.841,1.1,0.07009,4.142,0.07,-8.51451447718065e-05
B_K0.35,db80fefe-8363-444b-9403-b71ecae8b453,d4acf5d8-317e-4564-8170-8fe09e6aa115,P22,B,6,3.874,3.973,5.469,0.15946,0.4,0.24054,0.9,0.841,1.1,0.07009,3.944,0.07,-8.51451447718065e-05
B_K0.35,08ad6e83-1698-4b9e-8b11-9e80ac10a9b4,20067ed8-879d-470d-9fdf-138b78039ac3,P08,A,8,6.918,4.5,3.977,0.64145,0.4,-0.24145,0.9,0.841,1.1,-0.07035,6.848,-0.07,0.00035167105560528786
B_K0.35,08ad6e83-1698-4b9e-8b11-9e80ac10a9b4,4952b344-b938-4d7f-9799-ddf405dcf72a,P14,A,3,2.082,4.5,3.977,0.64145,0.4,-0.24145,0.9,0.841,1.25,-0.07995,2.002,-0.08,-5.4919254993991085e-05
B_K0.35,08ad6e83-1698-4b9e-8b11-9e80ac10a9b4,27f6c2fe-4682-46a5-a2a2-4962a0d9776e,P10,B,8,4.142,3.977,4.5,0.35855,0.6,0.24145,0.9,0.841,1.1,0.07035,4.212,0.07,-0.00035167105560528786
B_K0.35,08ad6e83-1698-4b9e-8b11-9e80ac10a9b4,28656f69-2ade-488b-b07a-037fb9bfa311,P11,B,6,3.811,3.977,4.5,0.35855,0.6,0.24145,0.9,0.841,1.1,0.07035,3.881,0.07,-0.00035167105560528786
B_K0.35,e20b223e-f0bd-4bea-adb8-40d1c0ba3083,0afcfd8d-0965-4364-a90e-c1872c47c12c,P04,A,6,4.233,5.541,4.047,0.84024,0.57692,-0.26331,0.9,0.841,1.1,-0.07672,4.156,-0.077,-0.00027776990725139356
B_K0.35,e20b223e-f0bd-4bea-adb8-40d1c0ba3083,20067ed8-879d-470d-9fdf-138b78039ac3,P08,A,9,6.848,5.541,4.047,0.84024,0.57692,-0.26331,0.9,0.841,1.1,-0.07672,6.771,-0.077,-0.00027776990725139356
B_K0.35,e20b223e-f0bd-4bea-adb8-40d1c0ba3083,27f6c2fe-4682-46a5-a2a2-4962a0d9776e,P10,B,9,4.212,4.047,5.541,0.15976,0.42308,0.26331,0.9,0.841,1.1,0.07672,4.289,0.077,0.00027776990725139356
B_K0.35,e20b223e-f0bd-4bea-adb8-40d1c0ba3083,28656f69-2ade-488b-b07a-037fb9bfa311,P11,B,7,3.881,4.047,5.541,0.15976,0.42308,0.26331,0.9,0.841,1.1,0.07672,3.958,0.077,0.00027776990725139356
B_K0.35,46e90da0-e642-4e9c-bc75-17b4b6b5596f,091f312a-207f-4cea-9d57-437a614affde,P01,A,3,3.559,4.413,4.218,0.55396,0.44444,-0.10951,0.9,0.841,1.25,-0.03626,3.523,-0.036,0.00025951936954784116
B_K0.35,46e90da0-e642-4e9c-bc75-17b4b6b5596f,9313bcbf-e559-499a-9658-b277050b37ca,P19,A,8,5.266,4.413,4.218,0.55396,0.44444,-0.10951,0.9,0.841,1.1,-0.03191,5.234,-0.032,-9.16229547978998e-05
B_K0.35,46e90da0-e642-4e9c-bc75-17b4b6b5596f,0afcfd8d-0965-4364-a90e-c1872c47c12c,P04,B,7,4.156,4.218,4.413,0.44604,0.55556,0.10951,0.9,0.841,1.1,0.03191,4.188,0.032,9.16229547978998e-05
B_K0.35,46e90da0-e642-4e9c-bc75-17b4b6b5596f,0fa0a889-795e-4185-8e11-61e0c1f1929b,P05,B,5,4.279,4.218,4.413,0.44604,0.55556,0.10951,0.9,0.841,1.1,0.03191,4.311,0.032,9.16229547978998e-05
B_K0.35,9ccc3f52-a4d5-4b07-9518-34a896671e8a,8e7929b9-007e-42c3-aa3f-003d3f4df78f,P17,A,8,4.168,3.83,4.124,0.41905,0.46429,0.04523,0.9,0.841,1.1,0.01318,4.181,0.013,-0.00017980546551388577
B_K0.35,9ccc3f52-a4d5-4b07-9518-34a896671e8a,b5146cb1-84e0-4690-a7ae-d6256b33586c,P20,A,4,3.491,3.83,4.124,0.41905,0.46429,0.04523,0.9,0.841,1.25,0.01498,3.506,0.015,2.2948334643311615e-05
B_K0.35,9ccc3f52-a4d5-4b07-9518-34a896671e8a,27f6c2fe-4682-46a5-a2a2-4962a0d9776e,P10,B,10,4.289,4.124,3.83,0.58095,0.53571,-0.04523,0.9,0.841,1.0,-0.01198,4.277,-0.012,-1.8358667714649294e-05
B_K0.35,9ccc3f52-a4d5-4b07-9518-34a896671e8a,28656f69-2ade-488b-b07a-037fb9bfa311,P11,B,8,3.958,4.124,3.83,0.58095,0.53571,-0.04523,0.9,0.841,1.1,-0.01318,3.945,-0.013,0.00017980546551388577
B_K0.35,ee391d96-8de4-42ce-a205-c1cdfb456904,4952b344-b938-4d7f-9799-ddf405dcf72a,P14,A,4,2.002,3.618,4.091,0.37168,0.5,0.12832,0.9,0.841,1.25,0.04249,2.044,0.042,-0.00048587021040893096
B_K0.35,ee391d96-8de4-42ce-a205-c1cdfb456904,9313bcbf-e559-499a-9658-b277050b37ca,P19,A,9,5.234,3.618,4.091,0.37168,0.5,0.12832,0.9,0.841,1.1,0.03739,5.271,0.037,-0.0003875657851598592
B_K0.35,ee391d96-8de4-42ce-a205-c1cdfb456904,32b0e88b-e994-4b10-bf2e-4086a731c027,P12,B,5,3.87,4.091,3.618,0.62832,0.5,-0.12832,0.9,0.841,1.1,-0.03739,3.833,-0.037,0.0003875657851598592
B_K0.35,ee391d96-8de4-42ce-a205-c1cdfb456904,33f9b461-e8d9-49f7-b81f-f472e956c93f,P13,B,5,4.311,4.091,3.618,0.62832,0.5,-0.12832,0.9,0.841,1.1,-0.03739,4.274,-0.037,0.0003875657851598592
B_K0.35,f3b149b5-28f9-4362-b063-42dcdfd9af4f,091f312a-207f-4cea-9d57-437a614affde,P01,A,4,3.523,3.856,4.294,0.38055,0.71429,0.33374,0.9,0.841,1.25,0.1105,3.634,0.111,0.0004985064396657902
B_K0.35,f3b149b5-28f9-4362-b063-42dcdfd9af4f,0afcfd8d-0965-4364-a90e-c1872c47c12c,P04,A,8,4.188,3.856,4.294,0.38055,0.71429,0.33374,0.9,0.841,1.1,0.09724,4.285,0.097,-0.00024131433309410459
B_K0.35,f3b149b5-28f9-4362-b063-42dcdfd9af4f,0fa0a889-795e-4185-8e11-61e0c1f1929b,P05,B,6,4.311,4.294,3.856,0.61945,0.28571,-0.33374,0.9,0.841,1.1,-0.09724,4.214,-0.097,0.00024131433309410459
B_K0.35,f3b149b5-28f9-4362-b063-42dcdfd9af4f,27f6c2fe-4682-46a5-a2a2-4962a0d9776e,P10,B,11,4.277,4.294,3.856,0.61945,0.28571,-0.33374,0.9,0.841,1.0,-0.0884,4.189,-0.088,0.0004011948482673678
B_K0.35,582ecfb9-c710-4531-b49d-78ccd3f000f7,32b0e88b-e994-4b10-bf2e-4086a731c027,P12,A,6,3.833,4.552,2.995,0.84948,0.71429,-0.1352,0.9,0.841,1.1,-0.03939,3.794,-0.039,0.0003926517151909394
B_K0.35,582ecfb9-c710-4531-b49d-78ccd3f000f7,9313bcbf-e559-499a-9658-b277050b37ca,P19,A,10,5.271,4.552,2.995,0.84948,0.71429,-0.1352,0.9,0.841,1.0,-0.03581,5.235,-0.036,-0.00018849844073550966
B_K0.35,582ecfb9-c710-4531-b49d-78ccd3f000f7,28656f69-2ade-488b-b07a-037fb9bfa311,P11,B,9,3.945,2.995,4.552,0.15052,0.28571,0.1352,0.9,0.841,1.1,0.03939,3.984,0.039,-0.0003926517151909394
B_K0.35,582ecfb9-c710-4531-b49d-78ccd3f000f7,4952b344-b938-4d7f-9799-ddf405dcf72a,P14,B,5,2.044,2.995,4.552,0.15052,0.28571,0.1352,0.9,0.841,1.1,0.03939,2.083,0.039,-0.0003926517151909394
B_K0.35,cc03e92d-6065-4561-9a3c-04717e8c9905,0fa0a889-795e-4185-8e11-61e0c1f1929b,P05,A,7,4.214,4.725,5.176,0.37715,0.6,0.22285,0.9,0.841,1.1,0.06493,4.279,0.065,6.779079428527858e-05
B_K0.35,cc03e92d-6065-4561-9a3c-04717e8c9905,9313bcbf-e559-499a-9658-b277050b37ca,P19,A,11,5.235,4.725,5.176,0.37715,0.6,0.22285,0.9,0.841,1.0,0.05903,5.294,0.059,-2.9281096104292205e-05
B_K0.35,cc03e92d-6065-4561-9a3c-04717e8c9905,20067ed8-879d-470d-9fdf-138b78039ac3,P08,B,10,6.771,5.176,4.725,0.62285,0.4,-0.22285,0.9,0.841,1.0,-0.05903,6.712,-0.059,2.9281096104292205e-05
B_K0.35,cc03e92d-6065-4561-9a3c-04717e8c9905,ed66b898-95e9-4f5c-a69c-df19b9c6da3c,P25,B,9,3.581,5.176,4.725,0.62285,0.4,-0.22285,0.9,0.841,1.1,-0.06493,3.516,-0.065,-6.779079428527858e-05
B_K0.35,cfbc251b-3ce2-41af-aac8-8943d8f1e396,0996ee22-e381-45db-90c2-1863869a244e,P02,A,1,4.083,4.132,3.948,0.55107,0.44444,-0.10663,0.9,0.841,1.25,-0.0353,4.048,-0.035,0.00030445770135661396
B_K0.35,cfbc251b-3ce2-41af-aac8-8943d8f1e396,8e7929b9-007e-42c3-aa3f-003d3f4df78f,P17,A,9,4.181,4.132,3.948,0.55107,0.44444,-0.10663,0.9,0.841,1.1,-0.03107,4.15,-0.031,6.792277719382028e-05
B_K0.35,cfbc251b-3ce2-41af-aac8-8943d8f1e396,32b0e88b-e994-4b10-bf2e-4086a731c027,P12,B,7,3.794,3.948,4.132,0.44893,0.55556,0.10663,0.9,0.841,1.1,0.03107,3.825,0.031,-6.792277719382028e-05
B_K0.35,cfbc251b-3ce2-41af-aac8-8943d8f1e396,8fa5441d-1934-4810-af86-a11ee051e58f,P18,B,1,4.101,3.948,4.132,0.44893,0.55556,0.10663,0.9,0.841,1.25,0.0353,4.136,0.035,-0.00030445770135661396
B_K0.35,eb6641d5-8f9d-4284-9b9f-8d09a46004dd,0996ee22-e381-45db-90c2-1863869a244e,P02,A,2,4.048,4.099,3.841,0.57118,0.625,0.05382,0.9,0.841,1.25,0.01782,4.066,0.018,0.00017999963535048213
B_K0.35,eb6641d5-8f9d-4284-9b9f-8d09a46004dd,8e7929b9-007e-42c3-aa3f-003d3f4df78f,P17,A,10,4.15,4.099,3.841,0.57118,0.625,0.05382,0.9,0.841,1.0,0.01426,4.164,0.014,-0.0002560002917196143
B_K0.35,eb6641d5-8f9d-4284-9b9f-8d09a46004dd,09db6874-adc0-46f0-82f7-83cd372cc1f5,P03,B,2,4.166,3.841,4.099,0.42882,0.375,-0.05382,0.9,0.841,1.25,-0.01782,4.148,-0.018,-0.00017999963535048213
B_K0.35,eb6641d5-8f9d-4284-9b9f-8d09a46004dd,ed66b898-95e9-4f5c-a69c-df19b9c6da3c,P25,B,10,3.516,3.841,4.099,0.42882,0.375,-0.05382,0.9,0.841,1.0,-0.01426,3.502,-0.014,0.0002560002917196143
B_K0.35,22635c77-8955-4f42-846b-ee2b2fb46872,09db6874-adc0-46f0-82f7-83cd372cc1f5,P03,A,3,4.148,3.825,3.835,0.49722,0.57692,0.0797,0.9,0.841,1.25,0.02639,4.174,0.026,-0.00038917972329541116
B_K0.35,22635c77-8955-4f42-846b-ee2b2fb46872,ed66b898-95e9-4f5c-a69c-df19b9c6da3c,P25,A,11,3.502,3.825,3.835,0.49722,0.57692,0.0797,0.9,0.841,1.0,0.02111,3.523,0.021,-0.00011134377863632892
B_K0.35,22635c77-8955-4f42-846b-ee2b2fb46872,8e7929b9-007e-42c3-aa3f-003d3f4df78f,P17,B,11,4.164,3.835,3.825,0.50278,0.42308,-0.0797,0.9,0.841,1.0,-0.02111,4.143,-0.021,0.00011134377863632892
B_K0.35,22635c77-8955-4f42-846b-ee2b2fb46872,b5146cb1-84e0-4690-a7ae-d6256b33586c,P20,B,5,3.506,3.835,3.825,0.50278,0.42308,-0.0797,0.9,0.841,1.1,-0.02322,3.483,-0.023,0.0002224781564999618
B_K0.35,8b5a8b8c-6a43-4782-8581-0a28f3244d65,20067ed8-879d-470d-9fdf-138b78039ac3,P08,A,11,6.712,5.118,4.224,0.72964,0.25,-0.47964,0.9,0.841,1.0,-0.12705,6.585,-0.127,4.718336755951333e-05
B_K0.35,8b5a8b8c-6a43-4782-8581-0a28f3244d65,ed66b898-95e9-4f5c-a69c-df19b9c6da3c,P25,A,12,3.523,5.118,4.224,0.72964,0.25,-0.47964,0.9,0.841,1.0,-0.12705,3.396,-0.127,4.718336755951333e-05
B_K0.35,8b5a8b8c-6a43-4782-8581-0a28f3244d65,09db6874-adc0-46f0-82f7-83cd372cc1f5,P03,B,4,4.174,4.224,5.118,0.27036,0.75,0.47964,0.9,0.841,1.25,0.15881,4.333,0.159,0.00019102079055060834
B_K0.35,8b5a8b8c-6a43-4782-8581-0a28f3244d65,33f9b461-e8d9-49f7-b81f-f472e956c93f,P13,B,6,4.274,4.224,5.118,0.27036,0.75,0.47964,0.9,0.841,1.1,0.13975,4.414,0.14,0.0002480982956845353
B_K0.35,8afb7ce5-b3d5-4431-946b-4ddf97e7d426,20067ed8-879d-470d-9fdf-138b78039ac3,P08,A,12,6.585,4.991,4.024,0.74534,0.28571,-0.45962,0.9,0.841,1.0,-0.12175,6.463,-0.122,-0.0002543712454156914
B_K0.35,8afb7ce5-b3d5-4431-946b-4ddf97e7d426,ed66b898-95e9-4f5c-a69c-df19b9c6da3c,P25,A,13,3.396,4.991,4.024,0.74534,0.28571,-0.45962,0.9,0.841,1.0,-0.12175,3.274,-0.122,-0.0002543712454156914
B_K0.35,8afb7ce5-b3d5-4431-946b-4ddf97e7d426,091f312a-207f-4cea-9d57-437a614affde,P01,B,5,3.634,4.024,4.991,0.25466,0.71429,0.45962,0.9,0.841,1.1,0.13392,3.768,0.134,7.980836995726052e-05
B_K0.35,8afb7ce5-b3d5-4431-946b-4ddf97e7d426,33f9b461-e8d9-49f7-b81f-f472e956c93f,P13,B,7,4.414,4.024,4.991,0.25466,0.71429,0.45962,0.9,0.841,1.1,0.13392,4.548,0.134,7.980836995726052e-05
B_K0.35,0a2a5bf6-21b9-4da6-bd9b-6594b0296ed5,091f312a-207f-4cea-9d57-437a614affde,P01,A,6,3.768,4.158,3.034,0.7772,0.65217,-0.12503,0.9,0.851,1.1,-0.03685,3.731,-0.037,-0.0001467054716155897
B_K0.35,0a2a5bf6-21b9-4da6-bd9b-6594b0296ed5,33f9b461-e8d9-49f7-b81f-f472e956c93f,P13,A,8,4.548,4.158,3.034,0.7772,0.65217,-0.12503,0.9,0.851,1.1,-0.03685,4.511,-0.037,-0.0001467054716155897
B_K0.35,0a2a5bf6-21b9-4da6-bd9b-6594b0296ed5,28656f69-2ade-488b-b07a-037fb9bfa311,P11,B,10,3.984,3.034,4.158,0.2228,0.34783,0.12503,0.9,0.851,1.0,0.0335,4.018,0.034,0.0004970049741959906
B_K0.35,0a2a5bf6-21b9-4da6-bd9b-6594b0296ed5,4952b344-b938-4d7f-9799-ddf405dcf72a,P14,B,6,2.083,3.034,4.158,0.2228,0.34783,0.12503,0.9,0.851,1.1,0.03685,2.12,0.037,0.0001467054716155897
B_K0.35,2828359d-f95b-4320-a7db-5184b305dfeb,32b0e88b-e994-4b10-bf2e-4086a731c027,P12,A,8,3.825,3.981,4.121,0.46105,0.34783,-0.11323,0.9,0.851,1.1,-0.03337,3.792,-0.033,0.000373827532802178
B_K0.35,2828359d-f95b-4320-a7db-5184b305dfeb,8fa5441d-1934-4810-af86-a11ee051e58f,P18,A,2,4.136,3.981,4.121,0.46105,0.34783,-0.11323,0.9,0.851,1.25,-0.03792,4.098,-0.038,-7.519598545207046e-05
B_K0.35,2828359d-f95b-4320-a7db-5184b305dfeb,091f312a-207f-4cea-9d57-437a614affde,P01,B,7,3.731,4.121,3.981,0.53895,0.65217,0.11323,0.9,0.851,1.1,0.03337,3.764,0.033,-0.000373827532802178
B_K0.35,2828359d-f95b-4320-a7db-5184b305dfeb,33f9b461-e8d9-49f7-b81f-f472e956c93f,P13,B,9,4.511,4.121,3.981,0.53895,0.65217,0.11323,0.9,0.851,1.1,0.03337,4.544,0.033,-0.000373827532802178
B_K0.35,eb4a38ec-5b27-4a51-bfca-8aea690e14d3,1f2d89a9-f3fa-41f6-982c-74b37b29581b,P07,A,5,4.142,4.343,4.354,0.49694,0.57692,0.07998,0.9,0.861,1.1,0.02385,4.166,0.024,0.00015189689185926084
B_K0.35,eb4a38ec-5b27-4a51-bfca-8aea690e14d3,33f9b461-e8d9-49f7-b81f-f472e956c93f,P13,A,10,4.544,4.343,4.354,0.49694,0.57692,0.07998,0.9,0.861,1.0,0.02168,4.566,0.022,0.00031990626532660076
B_K0.35,eb4a38ec-5b27-4a51-bfca-8aea690e14d3,0afcfd8d-0965-4364-a90e-c1872c47c12c,P04,B,9,4.285,4.354,4.343,0.50306,0.42308,-0.07998,0.9,0.861,1.1,-0.02385,4.261,-0.024,-0.00015189689185926084
B_K0.35,eb4a38ec-5b27-4a51-bfca-8aea690e14d3,dfda52a3-01e6-4456-b139-f5a74d69cdd3,P23,B,6,4.423,4.354,4.343,0.50306,0.42308,-0.07998,0.9,0.861,1.1,-0.02385,4.399,-0.024,-0.00015189689185926084
B_K0.35,7c95849f-cb1a-493d-99d3-db6cf7fda568,0fa0a889-795e-4185-8e11-61e0c1f1929b,P05,A,8,4.279,3.881,3.191,0.68292,0.42308,-0.25984,0.9,0.861,1.1,-0.07748,4.202,-0.077,0.00048019759723358265
B_K0.35,7c95849f-cb1a-493d-99d3-db6cf7fda568,b5146cb1-84e0-4690-a7ae-d6256b33586c,P20,A,6,3.483,3.881,3.191,0.68292,0.42308,-0.25984,0.9,0.861,1.1,-0.07748,3.406,-0.077,0.00048019759723358265
B_K0.35,7c95849f-cb1a-493d-99d3-db6cf7fda568,0afcfd8d-0965-4364-a90e-c1872c47c12c,P04,B,10,4.261,3.191,3.881,0.31708,0.57692,0.25984,0.9,0.861,1.0,0.07044,4.331,0.07,-0.0004365432702123479
B_K0.35,7c95849f-cb1a-493d-99d3-db6cf7fda568,4952b344-b938-4d7f-9799-ddf405dcf72a,P14,B,7,2.12,3.191,3.881,0.31708,0.57692,0.25984,0.9,0.861,1.1,0.07748,2.197,0.077,-0.00048019759723358265
B_K0.35,8b58dded-0308-486f-bdc4-5dbf37890e1e,4952b344-b938-4d7f-9799-ddf405dcf72a,P14,A,8,2.197,3.298,3.414,0.46782,0.5,0.03218,0.9,0.912,1.1,0.01017,2.207,0.01,-0.00016531300502762629
B_K0.35,8b58dded-0308-486f-bdc4-5dbf37890e1e,dfda52a3-01e6-4456-b139-f5a74d69cdd3,P23,A,7,4.399,3.298,3.414,0.46782,0.5,0.03218,0.9,0.912,1.1,0.01017,4.409,0.01,-0.00016531300502762629
B_K0.35,8b58dded-0308-486f-bdc4-5dbf37890e1e,33f9b461-e8d9-49f7-b81f-f472e956c93f,P13,B,11,4.566,3.414,3.298,0.53218,0.5,-0.03218,0.9,0.912,1.0,-0.00924,4.557,-0.009,0.00024119364093420573
B_K0.35,8b58dded-0308-486f-bdc4-5dbf37890e1e,524889fc-4f50-41bb-b22b-cd5046ba728d,P15,B,3,2.262,3.414,3.298,0.53218,0.5,-0.03218,0.9,0.912,1.25,-0.01155,2.25,-0.012,-0.0004485079488322428
B_K0.35,a6821b7d-e797-42c6-987a-775e3e8fafb5,09db6874-adc0-46f0-82f7-83cd372cc1f5,P03,A,5,4.333,4.176,3.226,0.74173,0.6,-0.14173,0.9,0.989,1.1,-0.04855,4.284,-0.049,-0.00045329613121749645
B_K0.35,a6821b7d-e797-42c6-987a-775e3e8fafb5,28656f69-2ade-488b-b07a-037fb9bfa311,P11,A,11,4.018,4.176,3.226,0.74173,0.6,-0.14173,0.9,0.989,1.0,-0.04413,3.974,-0.044,0.0001333671534386396
B_K0.35,a6821b7d-e797-42c6-987a-775e3e8fafb5,0fa0a889-795e-4185-8e11-61e0c1f1929b,P05,B,9,4.202,3.226,4.176,0.25827,0.4,0.14173,0.9,0.989,1.1,0.04855,4.251,0.049,0.00045329613121749645
B_K0.35,a6821b7d-e797-42c6-987a-775e3e8fafb5,524889fc-4f50-41bb-b22b-cd5046ba728d,P15,B,4,2.25,3.226,4.176,0.25827,0.4,0.14173,0.9,0.989,1.25,0.05517,2.305,0.055,-0.0001667089417982995
B_K0.35,936986a8-0666-4578-b38e-1d09c46579b7,09db6874-adc0-46f0-82f7-83cd372cc1f5,P03,A,6,4.284,4.129,4.159,0.49181,0.68182,0.19001,0.9,0.989,1.1,0.06508,4.349,0.065,-8.289401105293371e-05
B_K0.35,936986a8-0666-4578-b38e-1d09c46579b7,28656f69-2ade-488b-b07a-037fb9bfa311,P11,A,12,3.974,4.129,4.159,0.49181,0.68182,0.19001,0.9,0.989,1.0,0.05917,4.033,0.059,-0.0001662672827753943
B_K0.35,936986a8-0666-4578-b38e-1d09c46579b7,0996ee22-e381-45db-90c2-1863869a244e,P02,B,3,4.066,4.159,4.129,0.50819,0.31818,-0.19001,0.9,0.989,1.25,-0.07396,3.992,-0.074,-4.2165896530757145e-05
B_K0.35,936986a8-0666-4578-b38e-1d09c46579b7,0fa0a889-795e-4185-8e11-61e0c1f1929b,P05,B,10,4.251,4.159,4.129,0.50819,0.31818,-0.19001,0.9,0.989,1.0,-0.05917,4.192,-0.059,0.0001662672827753943
B_K0.35,a29529c6-5899-4297-90aa-d390a4823c65,0996ee22-e381-45db-90c2-1863869a244e,P02,A,4,3.992,4.171,3.848,0.58864,0.6,0.01136,0.9,0.989,1.25,0.00442,3.996,0.004,-0.0004228215396260221
B_K0.35,a29529c6-5899-4297-90aa-d390a4823c65,09db6874-adc0-46f0-82f7-83cd372cc1f5,P03,A,7,4.349,4.171,3.848,0.58864,0.6,0.01136,0.9,0.989,1.1,0.00389,4.353,0.004,0.00010791704512910055
B_K0.35,a29529c6-5899-4297-90aa-d390a4823c65,1f2d89a9-f3fa-41f6-982c-74b37b29581b,P07,B,6,4.166,3.848,4.171,0.41136,0.4,-0.01136,0.9,0.989,1.1,-0.00389,4.162,-0.004,-0.00010791704512910055
B_K0.35,a29529c6-5899-4297-90aa-d390a4823c65,23c1639d-675f-4b9a-a331-3ce419306a6a,P09,B,6,3.53,3.848,4.171,0.41136,0.4,-0.01136,0.9,0.989,1.1,-0.00389,3.526,-0.004,-0.00010791704512910055
B_K0.35,053f8c34-5e15-4f83-bbaf-75197fd4d045,09db6874-adc0-46f0-82f7-83cd372cc1f5,P03,A,8,4.353,4.193,3.859,0.59173,0.4,-0.19173,0.9,0.989,1.1,-0.06567,4.287,-0.066,-0.00032949833582401335
B_K0.35,053f8c34-5e15-4f83-bbaf-75197fd4d045,28656f69-2ade-488b-b07a-037fb9bfa311,P11,A,13,4.033,4.193,3.859,0.59173,0.4,-0.19173,0.9,0.989,1.0,-0.0597,3.973,-0.06,-0.00029954394165819395
B_K0.35,053f8c34-5e15-4f83-bbaf-75197fd4d045,0fa0a889-795e-4185-8e11-61e0c1f1929b,P05,B,11,4.192,3.859,4.193,0.40827,0.6,0.19173,0.9,0.989,1.0,0.0597,4.252,0.06,0.00029954394165819395
B_K0.35,053f8c34-5e15-4f83-bbaf-75197fd4d045,23c1639d-675f-4b9a-a331-3ce419306a6a,P09,B,7,3.526,3.859,4.193,0.40827,0.6,0.19173,0.9,0.989,1.1,0.06567,3.592,0.066,0.00032949833582401335
B_K0.35,e862e4a1-932f-4a47-97f1-d286ab4be13b,09db6874-adc0-46f0-82f7-83cd372cc1f5,P03,A,9,4.287,3.247,3.416,0.45333,0.75,0.29667,0.9,0.989,1.1,0.10162,4.389,0.102,0.00038479470476750877
B_K0.35,e862e4a1-932f-4a47-97f1-d286ab4be13b,4952b344-b938-4d7f-9799-ddf405dcf72a,P14,A,9,2.207,3.247,3.416,0.45333,0.75,0.29667,0.9,0.989,1.1,0.10162,2.309,0.102,0.00038479470476750877
B_K0.35,e862e4a1-932f-4a47-97f1-d286ab4be13b,0afcfd8d-0965-4364-a90e-c1872c47c12c,P04,B,11,4.331,3.416,3.247,0.54667,0.25,-0.29667,0.9,0.989,1.0,-0.09238,4.239,-0.092,0.00037745935930226477
B_K0.35,e862e4a1-932f-4a47-97f1-d286ab4be13b,e82e0c7f-ec26-4880-a11c-8e93cdb4e9ae,P24,B,0,2.5,3.416,3.247,0.54667,0.25,-0.29667,0.9,0.989,1.25,-0.11547,2.385,-0.115,0.00047182419912783095
B_K0.35,6450ccec-a86f-45aa-a4bf-6ae871905ca5,32b0e88b-e994-4b10-bf2e-4086a731c027,P12,A,9,3.792,4.175,3.312,0.72279,0.65217,-0.07061,0.9,0.989,1.1,-0.02419,3.768,-0.024,0.00018674011528642322
B_K0.35,6450ccec-a86f-45aa-a4bf-6ae871905ca5,33f9b461-e8d9-49f7-b81f-f472e956c93f,P13,A,12,4.557,4.175,3.312,0.72279,0.65217,-0.07061,0.9,0.989,1.0,-0.02199,4.535,-0.022,-1.2054440648706151e-05
B_K0.35,6450ccec-a86f-45aa-a4bf-6ae871905ca5,0afcfd8d-0965-4364-a90e-c1872c47c12c,P04,B,12,4.239,3.312,4.175,0.27721,0.34783,0.07061,0.9,0.989,1.0,0.02199,4.261,0.022,1.2054440648706151e-05
B_K0.35,6450ccec-a86f-45aa-a4bf-6ae871905ca5,e82e0c7f-ec26-4880-a11c-8e93cdb4e9ae,P24,B,1,2.385,3.312,4.175,0.27721,0.34783,0.07061,0.9,0.989,1.25,0.02748,2.412,0.027,-0.0004849319491891173
B_K0.35,b1c79180-37ca-45a4-9518-abc27a48f51d,20067ed8-879d-470d-9fdf-138b78039ac3,P08,A,13,6.463,4.869,3.8,0.76634,0.75,-0.01634,0.9,0.989,1.0,-0.00509,6.458,-0.005,8.903484967181338e-05
B_K0.35,b1c79180-37ca-45a4-9518-abc27a48f51d,ed66b898-95e9-4f5c-a69c-df19b9c6da3c,P25,A,14,3.274,4.869,3.8,0.76634,0.75,-0.01634,0.9,0.989,1.0,-0.00509,3.269,-0.005,8.903484967181338e-05
B_K0.35,b1c79180-37ca-45a4-9518-abc27a48f51d,524889fc-4f50-41bb-b22b-cd5046ba728d,P15,B,5,2.305,3.8,4.869,0.23366,0.25,0.01634,0.9,0.989,1.1,0.0056,2.311,0.006,0.0004020616653610053
B_K0.35,b1c79180-37ca-45a4-9518-abc27a48f51d,9313bcbf-e559-499a-9658-b277050b37ca,P19,B,12,5.294,3.8,4.869,0.23366,0.25,0.01634,0.9,0.989,1.0,0.00509,5.299,0.005,-8.903484967181338e-05
B_K0.35,2bc4809f-4961-4e1a-894d-a848b2ae55a6,27f6c2fe-4682-46a5-a2a2-4962a0d9776e,P10,A,12,4.189,4.166,4.113,0.51486,0.5,-0.01486,0.9,0.989,1.0,-0.00463,4.184,-0.005,-0.00037388091604927164
B_K0.35,2bc4809f-4961-4e1a-894d-a848b2ae55a6,8e7929b9-007e-42c3-aa3f-003d3f4df78f,P17,A,12,4.143,4.166,4.113,0.51486,0.5,-0.01486,0.9,0.989,1.0,-0.00463,4.138,-0.005,-0.00037388091604927164
B_K0.35,2bc4809f-4961-4e1a-894d-a848b2ae55a6,0fa0a889-795e-4185-8e11-61e0c1f1929b,P05,B,12,4.252,4.113,4.166,0.48514,0.5,0.01486,0.9,0.989,1.0,0.00463,4.257,0.005,0.00037388091604927164
B_K0.35,2bc4809f-4961-4e1a-894d-a848b2ae55a6,28656f69-2ade-488b-b07a-037fb9bfa311,P11,B,14,3.973,4.113,4.166,0.48514,0.5,0.01486,0.9,0.989,1.0,0.00463,3.978,0.005,0.00037388091604927164
B_K0.35,4383b3be-9fce-4612-a59a-02207116a9e1,20067ed8-879d-470d-9fdf-138b78039ac3,P08,A,14,6.458,4.864,3.422,0.83225,0.55556,-0.2767,0.9,0.989,1.0,-0.08616,6.372,-0.086,0.00015801875436266213
B_K0.35,4383b3be-9fce-4612-a59a-02207116a9e1,ed66b898-95e9-4f5c-a69c-df19b9c6da3c,P25,A,15,3.269,4.864,3.422,0.83225,0.55556,-0.2767,0.9,0.989,1.0,-0.08616,3.183,-0.086,0.00015801875436266213
B_K0.35,4383b3be-9fce-4612-a59a-02207116a9e1,33f9b461-e8d9-49f7-b81f-f472e956c93f,P13,B,13,4.535,3.422,4.864,0.16775,0.44444,0.2767,0.9,0.989,1.0,0.08616,4.621,0.086,-0.00015801875436266213
B_K0.35,4383b3be-9fce-4612-a59a-02207116a9e1,4952b344-b938-4d7f-9799-ddf405dcf72a,P14,B,10,2.309,3.422,4.864,0.16775,0.44444,0.2767,0.9,0.989,1.0,0.08616,2.395,0.086,-0.00015801875436266213
B_K0.35,b75e356b-24af-4c88-9a4d-7328cb9d74d2,33f9b461-e8d9-49f7-b81f-f472e956c93f,P13,A,14,4.621,4.96,4.161,0.70843,0.55556,-0.15288,0.9,0.989,1.0,-0.0476,4.573,-0.048,-0.00039723557607101404
B_K0.35,b75e356b-24af-4c88-9a4d-7328cb9d74d2,9313bcbf-e559-499a-9658-b277050b37ca,P19,A,13,5.299,4.96,4.161,0.70843,0.55556,-0.15288,0.9,0.989,1.0,-0.0476,5.251,-0.048,-0.00039723557607101404
B_K0.35,b75e356b-24af-4c88-9a4d-7328cb9d74d2,27f6c2fe-4682-46a5-a2a2-4962a0d9776e,P10,B,13,4.184,4.161,4.96,0.29157,0.44444,0.15288,0.9,0.989,1.0,0.0476,4.232,0.048,0.00039723557607101404
B_K0.35,b75e356b-24af-4c88-9a4d-7328cb9d74d2,8e7929b9-007e-42c3-aa3f-003d3f4df78f,P17,B,13,4.138,4.161,4.96,0.29157,0.44444,0.15288,0.9,0.989,1.0,0.0476,4.186,0.048,0.00039723557607101404
B_K0.35,c63169fa-2db0-4892-b92e-7cda41f73bf3,d4acf5d8-317e-4564-8170-8fe09e6aa115,P22,A,7,3.944,3.564,5.07,0.15791,0.4,0.24209,0.9,0.989,1.1,0.08292,4.027,0.083,7.806625601109623e-05
B_K0.35,c63169fa-2db0-4892-b92e-7cda41f73bf3,ed66b898-95e9-4f5c-a69c-df19b9c6da3c,P25,A,16,3.183,3.564,5.07,0.15791,0.4,0.24209,0.9,0.989,1.0,0.07538,3.258,0.075,-0.00038357613089900344
B_K0.35,c63169fa-2db0-4892-b92e-7cda41f73bf3,20067ed8-879d-470d-9fdf-138b78039ac3,P08,B,15,6.372,5.07,3.564,0.84209,0.6,-0.24209,0.9,0.989,1.0,-0.07538,6.297,-0.075,0.00038357613089900344
B_K0.35,c63169fa-2db0-4892-b92e-7cda41f73bf3,32b0e88b-e994-4b10-bf2e-4086a731c027,P12,B,10,3.768,5.07,3.564,0.84209,0.6,-0.24209,0.9,0.989,1.0,-0.07538,3.693,-0.075,0.00038357613089900344
B_K0.35,cfb52d2a-8e35-42e7-959b-536e6fc4554b,20067ed8-879d-470d-9fdf-138b78039ac3,P08,A,16,6.297,4.778,3.328,0.83349,0.53571,-0.29777,0.9,0.989,1.0,-0.09272,6.204,-0.093,-0.00027849333950732936
B_K0.35,cfb52d2a-8e35-42e7-959b-536e6fc4554b,ed66b898-95e9-4f5c-a69c-df19b9c6da3c,P25,A,17,3.258,4.778,3.328,0.83349,0.53571,-0.29777,0.9,0.989,1.0,-0.09272,3.165,-0.093,-0.00027849333950732936
B_K0.35,cfb52d2a-8e35-42e7-959b-536e6fc4554b,0afcfd8d-0965-4364-a90e-c1872c47c12c,P04,B,13,4.261,3.328,4.778,0.16651,0.46429,0.29777,0.9,0.989,1.0,0.09272,4.354,0.093,0.00027849333950732936
B_K0.35,cfb52d2a-8e35-42e7-959b-536e6fc4554b,4952b344-b938-4d7f-9799-ddf405dcf72a,P14,B,11,2.395,3.328,4.778,0.16651,0.46429,0.29777,0.9,0.989,1.0,0.09272,2.488,0.093,0.00027849333950732936
B_K0.35,48337539-7d04-41d5-a7d8-499c4535f109,20067ed8-879d-470d-9fdf-138b78039ac3,P08,A,17,6.204,4.685,4.719,0.49056,0.5,0.00944,0.9,0.989,1.0,0.00294,6.207,0.003,5.952049248101624e-05
B_K0.35,48337539-7d04-41d5-a7d8-499c4535f109,ed66b898-95e9-4f5c-a69c-df19b9c6da3c,P25,A,18,3.165,4.685,4.719,0.49056,0.5,0.00944,0.9,0.989,1.0,0.00294,3.168,0.003,5.952049248101624e-05
B_K0.35,48337539-7d04-41d5-a7d8-499c4535f109,8e7929b9-007e-42c3-aa3f-003d3f4df78f,P17,B,14,4.186,4.719,4.685,0.50944,0.5,-0.00944,0.9,0.989,1.0,-0.00294,4.183,-0.003,-5.952049248101624e-05
B_K0.35,48337539-7d04-41d5-a7d8-499c4535f109,9313bcbf-e559-499a-9658-b277050b37ca,P19,B,14,5.251,4.719,4.685,0.50944,0.5,-0.00944,0.9,0.989,1.0,-0.00294,5.248,-0.003,-5.952049248101624e-05
B_K0.35,43ad7b90-44f0-4852-9210-18faf1010105,0fa0a889-795e-4185-8e11-61e0c1f1929b,P05,A,13,4.257,4.118,4.208,0.47502,0.88235,0.40733,0.9,1.0,1.0,0.12831,4.385,0.128,-0.0003096205264543309
B_K0.35,43ad7b90-44f0-4852-9210-18faf1010105,28656f69-2ade-488b-b07a-037fb9bfa311,P11,A,15,3.978,4.118,4.208,0.47502,0.88235,0.40733,0.9,1.0,1.0,0.12831,4.106,0.128,-0.0003096205264543309
B_K0.35,43ad7b90-44f0-4852-9210-18faf1010105,27f6c2fe-4682-46a5-a2a2-4962a0d9776e,P10,B,14,4.232,4.208,4.118,0.52498,0.11765,-0.40733,0.9,1.0,1.0,-0.12831,4.104,-0.128,0.0003096205264543309
B_K0.35,43ad7b90-44f0-4852-9210-18faf1010105,8e7929b9-007e-42c3-aa3f-003d3f4df78f,P17,B,15,4.183,4.208,4.118,0.52498,0.11765,-0.40733,0.9,1.0,1.0,-0.12831,4.055,-0.128,0.0003096205264543309
B_K0.75,f252ac4c-d134-4c6a-a68c-8bfb6868a91f,0fa0a889-795e-4185-8e11-61e0c1f1929b,P05,A,0,4.0,3.0,3.95,0.25816,0.44444,0.18628,0.9,0.715,1.25,0.11243,4.112,0.112,-0.0004328508482989918
B_K0.75,f252ac4c-d134-4c6a-a68c-8bfb6868a91f,4952b344-b938-4d7f-9799-ddf405dcf72a,P14,A,0,2.0,3.0,3.95,0.25816,0.44444,0.18628,0.9,0.715,1.25,0.11243,2.112,0.112,-0.0004328508482989918
B_K0.75,f252ac4c-d134-4c6a-a68c-8bfb6868a91f,524889fc-4f50-41bb-b22b-cd5046ba728d,P15,B,0,2.0,3.95,3.0,0.74184,0.55556,-0.18628,0.9,0.715,1.25,-0.11243,2.0,0.0,0.0
B_K0.75,f252ac4c-d134-4c6a-a68c-8bfb6868a91f,9313bcbf-e559-499a-9658-b277050b37ca,P19,B,0,5.9,3.95,3.0,0.74184,0.55556,-0.18628,0.9,0.715,1.25,-0.11243,5.788,-0.112,0.0004328508482989918
B_K0.75,8f4f89bf-f631-40fb-92ea-2e570dff7707,27f6c2fe-4682-46a5-a2a2-4962a0d9776e,P10,A,0,4.0,4.0,3.75,0.569,0.5,-0.069,0.9,0.715,1.25,-0.04165,3.958,-0.042,-0.00035398678398520015
B_K0.75,8f4f89bf-f631-40fb-92ea-2e570dff7707,28656f69-2ade-488b-b07a-037fb9bfa311,P11,A,0,4.0,4.0,3.75,0.569,0.5,-0.069,0.9,0.715,1.25,-0.04165,3.958,-0.042,-0.00035398678398520015
B_K0.75,8f4f89bf-f631-40fb-92ea-2e570dff7707,0afcfd8d-0965-4364-a90e-c1872c47c12c,P04,B,0,4.0,3.75,4.0,0.431,0.5,0.069,0.9,0.715,1.25,0.04165,4.042,0.042,0.00035398678398520015
B_K0.75,8f4f89bf-f631-40fb-92ea-2e570dff7707,ed66b898-95e9-4f5c-a69c-df19b9c6da3c,P25,B,0,3.5,3.75,4.0,0.431,0.5,0.069,0.9,0.715,1.25,0.04165,3.542,0.042,0.00035398678398520015
B_K0.75,f53ac5f1-4189-4e25-8949-8e6073016eeb,0fa0a889-795e-4185-8e11-61e0c1f1929b,P05,A,1,4.112,3.827,3.7,0.53522,1.0,0.46478,0.9,0.715,1.25,0.28052,4.393,0.281,0.0004798978074523151
B_K0.75,f53ac5f1-4189-4e25-8949-8e6073016eeb,ed66b898-95e9-4f5c-a69c-df19b9c6da3c,P25,A,1,3.542,3.827,3.7,0.53522,1.0,0.46478,0.9,0.715,1.25,0.28052,3.823,0.281,0.0004798978074523151
B_K0.75,f53ac5f1-4189-4e25-8949-8e6073016eeb,23c1639d-675f-4b9a-a331-3ce419306a6a,P09,B,0,4.0,3.7,3.827,0.46478,0.0,-0.46478,0.9,0.715,1.25,-0.28052,3.719,-0.281,-0.0004798978074523151
B_K0.75,f53ac5f1-4189-4e25-8949-8e6073016eeb,b5146cb1-84e0-4690-a7ae-d6256b33586c,P20,B,0,3.4,3.7,3.827,0.46478,0.0,-0.46478,0.9,0.715,1.25,-0.28052,3.119,-0.281,-0.0004798978074523151
B_K0.75,b4436f08-ef01-4453-990c-c6add342dcda,33f9b461-e8d9-49f7-b81f-f472e956c93f,P13,A,0,4.0,4.0,6.021,0.09573,0.55556,0.45982,0.9,0.715,1.25,0.27753,4.278,0.278,0.0004726870287786334
B_K0.75,b4436f08-ef01-4453-990c-c6add342dcda,dfda52a3-01e6-4456-b139-f5a74d69cdd3,P23,A,0,4.0,4.0,6.021,0.09573,0.55556,0.45982,0.9,0.715,1.25,0.27753,4.278,0.278,0.0004726870287786334
B_K0.75,b4436f08-ef01-4453-990c-c6add342dcda,0afcfd8d-0965-4364-a90e-c1872c47c12c,P04,B,1,4.042,6.021,4.0,0.90427,0.44444,-0.45982,0.9,0.715,1.25,-0.27753,3.764,-0.278,-0.0004726870287786334
B_K0.75,b4436f08-ef01-4453-990c-c6add342dcda,20067ed8-879d-470d-9fdf-138b78039ac3,P08,B,0,8.0,6.021,4.0,0.90427,0.44444,-0.45982,0.9,0.715,1.25,-0.27753,7.722,-0.278,-0.0004726870287786334
B_K0.75,a6397938-05cc-4785-9ec8-bb010355c9da,20067ed8-879d-470d-9fdf-138b78039ac3,P08,A,1,7.722,5.861,2.979,0.96092,0.375,-0.58592,0.9,0.715,1.25,-0.35,7.372,-0.35,0.0
B_K0.75,a6397938-05cc-4785-9ec8-bb010355c9da,d4acf5d8-317e-4564-8170-8fe09e6aa115,P22,A,0,4.0,5.861,2.979,0.96092,0.375,-0.58592,0.9,0.715,1.25,-0.35,3.65,-0.35,0.0
B_K0.75,a6397938-05cc-4785-9ec8-bb010355c9da,27f6c2fe-4682-46a5-a2a2-4962a0d9776e,P10,B,1,3.958,2.979,5.861,0.03908,0.625,0.58592,0.9,0.715,1.25,0.35,4.308,0.35,0.0
B_K0.75,a6397938-05cc-4785-9ec8-bb010355c9da,524889fc-4f50-41bb-b22b-cd5046ba728d,P15,B,1,2.0,2.979,5.861,0.03908,0.625,0.58592,0.9,0.715,1.25,0.35,2.35,0.35,0.0
B_K0.75,9a0d536d-702f-4764-b2b8-fc5a69a6b9de,0afcfd8d-0965-4364-a90e-c1872c47c12c,P04,A,2,3.764,3.742,4.051,0.415,0.34783,-0.06717,0.9,0.715,1.25,-0.04054,3.723,-0.041,-0.00045693362380629934
B_K0.75,9a0d536d-702f-4764-b2b8-fc5a69a6b9de,23c1639d-675f-4b9a-a331-3ce419306a6a,P09,A,1,3.719,3.742,4.051,0.415,0.34783,-0.06717,0.9,0.715,1.25,-0.04054,3.678,-0.041,-0.00045693362380629934
B_K0.75,9a0d536d-702f-4764-b2b8-fc5a69a6b9de,dfda52a3-01e6-4456-b139-f5a74d69cdd3,P23,B,1,4.278,4.051,3.742,0.585,0.65217,0.06717,0.9,0.715,1.25,0.04054,4.319,0.041,0.00045693362380629934
B_K0.75,9a0d536d-702f-4764-b2b8-fc5a69a6b9de,ed66b898-95e9-4f5c-a69c-df19b9c6da3c,P25,B,2,3.823,4.051,3.742,0.585,0.65217,0.06717,0.9,0.715,1.25,0.04054,3.864,0.041,0.00045693362380629934
B_K0.75,6e504b4c-8034-4fbb-8e80-dc612f3fde9a,8e7929b9-007e-42c3-aa3f-003d3f4df78f,P17,A,0,4.0,3.56,3.253,0.58446,0.4,-0.18446,0.9,0.715,1.25,-0.11133,3.889,-0.111,0.00033176655356450396
B_K0.75,6e504b4c-8034-4fbb-8e80-dc612f3fde9a,b5146cb1-84e0-4690-a7ae-d6256b33586c,P20,A,1,3.119,3.56,3.253,0.58446,0.4,-0.18446,0.9,0.715,1.25,-0.11133,3.008,-0.111,0.00033176655356450396
B_K0.75,6e504b4c-8034-4fbb-8e80-dc612f3fde9a,0fa0a889-795e-4185-8e11-61e0c1f1929b,P05,B,2,4.393,3.253,3.56,0.41554,0.6,0.18446,0.9,0.715,1.25,0.11133,4.504,0.111,-0.00033176655356450396
B_K0.75,6e504b4c-8034-4fbb-8e80-dc612f3fde9a,4952b344-b938-4d7f-9799-ddf405dcf72a,P14,B,1,2.112,3.253,3.56,0.41554,0.6,0.18446,0.9,0.715,1.25,0.11133,2.223,0.111,-0.00033176655356450396
B_K0.75,883f6955-cf07-44f4-bf2a-d0eaab7996eb,33f9b461-e8d9-49f7-b81f-f472e956c93f,P13,A,1,4.278,3.314,4.873,0.1503,0.46429,0.31398,0.9,0.715,1.25,0.18951,4.468,0.19,0.000494888756709614
B_K0.75,883f6955-cf07-44f4-bf2a-d0eaab7996eb,524889fc-4f50-41bb-b22b-cd5046ba728d,P15,A,2,2.35,3.314,4.873,0.1503,0.46429,0.31398,0.9,0.715,1.25,0.18951,2.54,0.19,0.000494888756709614
B_K0.75,883f6955-cf07-44f4-bf2a-d0eaab7996eb,28656f69-2ade-488b-b07a-037fb9bfa311,P11,B,1,3.958,4.873,3.314,0.8497,0.53571,-0.31398,0.9,0.715,1.25,-0.18951,3.768,-0.19,-0.000494888756709614
B_K0.75,883f6955-cf07-44f4-bf2a-d0eaab7996eb,9313bcbf-e559-499a-9658-b277050b37ca,P19,B,1,5.788,4.873,3.314,0.8497,0.53571,-0.31398,0.9,0.715,1.25,-0.18951,5.598,-0.19,-0.000494888756709614
B_K0.75,b5e0ebeb-d305-4950-b919-9bbc8fea9607,0afcfd8d-0965-4364-a90e-c1872c47c12c,P04,A,3,3.723,3.701,4.197,0.36561,0.4,0.03439,0.9,0.715,1.25,0.02076,3.744,0.021,0.00024177127370135154
B_K0.75,b5e0ebeb-d305-4950-b919-9bbc8fea9607,23c1639d-675f-4b9a-a331-3ce419306a6a,P09,A,2,3.678,3.701,4.197,0.36561,0.4,0.03439,0.9,0.715,1.25,0.02076,3.699,0.021,0.00024177127370135154
B_K0.75,b5e0ebeb-d305-4950-b919-9bbc8fea9607,0fa0a889-795e-4185-8e11-61e0c1f1929b,P05,B,3,4.504,4.197,3.701,0.63439,0.6,-0.03439,0.9,0.715,1.25,-0.02076,4.483,-0.021,-0.00024177127370135154
B_K0.75,b5e0ebeb-d305-4950-b919-9bbc8fea9607,8e7929b9-007e-42c3-aa3f-003d3f4df78f,P17,B,1,3.889,4.197,3.701,0.63439,0.6,-0.03439,0.9,0.715,1.25,-0.02076,3.868,-0.021,-0.00024177127370135154
B_K0.75,3a78a214-ca47-477b-a512-93a45b0f6681,1f2d89a9-f3fa-41f6-982c-74b37b29581b,P07,A,0,4.0,4.0,3.759,0.56655,0.42308,-0.14347,0.9,0.715,1.25,-0.08659,3.913,-0.087,-0.000407932787694627
B_K0.75,3a78a214-ca47-477b-a512-93a45b0f6681,32b0e88b-e994-4b10-bf2e-4086a731c027,P12,A,0,4.0,4.0,3.759,0.56655,0.42308,-0.14347,0.9,0.715,1.25,-0.08659,3.913,-0.087,-0.000407932787694627
B_K0.75,3a78a214-ca47-477b-a512-93a45b0f6681,8e7929b9-007e-42c3-aa3f-003d3f4df78f,P17,B,2,3.868,3.759,4.0,0.43345,0.57692,0.14347,0.9,0.715,1.25,0.08659,3.955,0.087,0.000407932787694627
B_K0.75,3a78a214-ca47-477b-a512-93a45b0f6681,d4acf5d8-317e-4564-8170-8fe09e6aa115,P22,B,1,3.65,3.759,4.0,0.43345,0.57692,0.14347,0.9,0.715,1.25,0.08659,3.737,0.087,0.000407932787694627
B_K0.75,499be5f8-602c-4641-abc1-b5e7a5fbe4e8,1f2d89a9-f3fa-41f6-982c-74b37b29581b,P07,A,1,3.913,3.913,3.846,0.5186,0.42308,-0.09553,0.9,0.715,1.25,-0.05765,3.855,-0.058,-0.00034516708413789886
B_K0.75,499be5f8-602c-4641-abc1-b5e7a5fbe4e8,32b0e88b-e994-4b10-bf2e-4086a731c027,P12,A,1,3.913,3.913,3.846,0.5186,0.42308,-0.09553,0.9,0.715,1.25,-0.05765,3.855,-0.058,-0.00034516708413789886
B_K0.75,499be5f8-602c-4641-abc1-b5e7a5fbe4e8,8e7929b9-007e-42c3-aa3f-003d3f4df78f,P17,B,3,3.955,3.846,3.913,0.4814,0.57692,0.09553,0.9,0.715,1.25,0.05765,4.013,0.058,0.00034516708413789886
B_K0.75,499be5f8-602c-4641-abc1-b5e7a5fbe4e8,d4acf5d8-317e-4564-8170-8fe09e6aa115,P22,B,2,3.737,3.846,3.913,0.4814,0.57692,0.09553,0.9,0.715,1.25,0.05765,3.795,0.058,0.00034516708413789886
B_K0.75,96c408c2-df56-4284-83da-fa8f0174230f,1f2d89a9-f3fa-41f6-982c-74b37b29581b,P07,A,2,3.855,4.087,6.485,0.0651,0.57692,0.51182,0.9,0.715,1.25,0.30891,4.164,0.309,8.985383771976271e-05
B_K0.75,96c408c2-df56-4284-83da-fa8f0174230f,dfda52a3-01e6-4456-b139-f5a74d69cdd3,P23,A,2,4.319,4.087,6.485,0.0651,0.57692,0.51182,0.9,0.715,1.25,0.30891,4.628,0.309,8.985383771976271e-05
B_K0.75,96c408c2-df56-4284-83da-fa8f0174230f,20067ed8-879d-470d-9fdf-138b78039ac3,P08,B,2,7.372,6.485,4.087,0.9349,0.42308,-0.51182,0.9,0.715,1.25,-0.30891,7.063,-0.309,-8.985383771976271e-05
B_K0.75,96c408c2-df56-4284-83da-fa8f0174230f,9313bcbf-e559-499a-9658-b277050b37ca,P19,B,2,5.598,6.485,4.087,0.9349,0.42308,-0.51182,0.9,0.715,1.25,-0.30891,5.289,-0.309,-8.985383771976271e-05
B_K0.75,4b747051-fdbe-44eb-9098-1615dbf2bf65,23c1639d-675f-4b9a-a331-3ce419306a6a,P09,A,3,3.699,3.734,4.086,0.40332,0.625,0.22168,0.9,0.715,1.25,0.1338,3.833,0.134,0.00020187986587726645
B_K0.75,4b747051-fdbe-44eb-9098-1615dbf2bf65,28656f69-2ade-488b-b07a-037fb9bfa311,P11,A,2,3.768,3.734,4.086,0.40332,0.625,0.22168,0.9,0.715,1.25,0.1338,3.902,0.134,0.00020187986587726645
B_K0.75,4b747051-fdbe-44eb-9098-1615dbf2bf65,27f6c2fe-4682-46a5-a2a2-4962a0d9776e,P10,B,2,4.308,4.086,3.734,0.59668,0.375,-0.22168,0.9,0.715,1.25,-0.1338,4.174,-0.134,-0.00020187986587726645
B_K0.75,4b747051-fdbe-44eb-9098-1615dbf2bf65,ed66b898-95e9-4f5c-a69c-df19b9c6da3c,P25,B,3,3.864,4.086,3.734,0.59668,0.375,-0.22168,0.9,0.715,1.25,-0.1338,3.73,-0.134,-0.00020187986587726645
B_K0.75,eef05cfd-1a64-496e-aea4-8428df9c3b9b,20067ed8-879d-470d-9fdf-138b78039ac3,P08,A,3,7.063,6.176,4.186,0.90124,0.4,-0.50124,0.9,0.715,1.25,-0.30253,6.76,-0.303,-0.00047298813254406663
B_K0.75,eef05cfd-1a64-496e-aea4-8428df9c3b9b,9313bcbf-e559-499a-9658-b277050b37ca,P19,A,3,5.289,6.176,4.186,0.90124,0.4,-0.50124,0.9,0.715,1.25,-0.30253,4.986,-0.303,-0.00047298813254406663
B_K0.75,eef05cfd-1a64-496e-aea4-8428df9c3b9b,0afcfd8d-0965-4364-a90e-c1872c47c12c,P04,B,4,3.744,4.186,6.176,0.09876,0.6,0.50124,0.9,0.715,1.25,0.30253,4.047,0.303,0.00047298813254406663
B_K0.75,eef05cfd-1a64-496e-aea4-8428df9c3b9b,dfda52a3-01e6-4456-b139-f5a74d69cdd3,P23,B,3,4.628,4.186,6.176,0.09876,0.6,0.50124,0.9,0.715,1.25,0.30253,4.931,0.303,0.00047298813254406663
B_K0.75,6a01d571-bf2d-4b08-ab63-53d3b764ac65,1f2d89a9-f3fa-41f6-982c-74b37b29581b,P07,A,3,4.164,4.316,3.793,0.64145,0.625,-0.01645,0.9,0.715,1.25,-0.00993,4.154,-0.01,-7.104821928979345e-05
B_K0.75,6a01d571-bf2d-4b08-ab63-53d3b764ac65,33f9b461-e8d9-49f7-b81f-f472e956c93f,P13,A,2,4.468,4.316,3.793,0.64145,0.625,-0.01645,0.9,0.715,1.25,-0.00993,4.458,-0.01,-7.104821928979345e-05
B_K0.75,6a01d571-bf2d-4b08-ab63-53d3b764ac65,32b0e88b-e994-4b10-bf2e-4086a731c027,P12,B,2,3.855,3.793,4.316,0.35855,0.375,0.01645,0.9,0.715,1.25,0.00993,3.865,0.01,7.104821928979345e-05
B_K0.75,6a01d571-bf2d-4b08-ab63-53d3b764ac65,ed66b898-95e9-4f5c-a69c-df19b9c6da3c,P25,B,4,3.73,3.793,4.316,0.35855,0.375,0.01645,0.9,0.715,1.25,0.00993,3.74,0.01,7.104821928979345e-05
B_K0.75,87ba212a-bccc-4be6-92ed-8495c8c0d886,20067ed8-879d-470d-9fdf-138b78039ac3,P08,A,4,6.76,5.297,3.985,0.81119,0.55556,-0.25564,0.9,0.715,1.25,-0.15429,6.606,-0.154,0.00029067118195381356
B_K0.75,87ba212a-bccc-4be6-92ed-8495c8c0d886,23c1639d-675f-4b9a-a331-3ce419306a6a,P09,A,4,3.833,5.297,3.985,0.81119,0.55556,-0.25564,0.9,0.715,1.25,-0.15429,3.679,-0.154,0.00029067118195381356
B_K0.75,87ba212a-bccc-4be6-92ed-8495c8c0d886,27f6c2fe-4682-46a5-a2a2-4962a0d9776e,P10,B,3,4.174,3.985,5.297,0.18881,0.44444,0.25564,0.9,0.715,1.25,0.15429,4.328,0.154,-0.00029067118195381356
B_K0.75,87ba212a-bccc-4be6-92ed-8495c8c0d886,d4acf5d8-317e-4564-8170-8fe09e6aa115,P22,B,3,3.795,3.985,5.297,0.18881,0.44444,0.25564,0.9,0.715,1.25,0.15429,3.949,0.154,-0.00029067118195381356
B_K0.75,9127f50f-f412-4a40-856c-e14097646b7d,27f6c2fe-4682-46a5-a2a2-4962a0d9776e,P10,A,4,4.328,4.115,3.877,0.56587,0.46429,-0.10158,0.9,0.776,1.25,-0.06647,4.262,-0.066,0.0004723890440878235
B_K0.75,9127f50f-f412-4a40-856c-e14097646b7d,28656f69-2ade-488b-b07a-037fb9bfa311,P11,A,3,3.902,4.115,3.877,0.56587,0.46429,-0.10158,0.9,0.776,1.25,-0.06647,3.836,-0.066,0.0004723890440878235
B_K0.75,9127f50f-f412-4a40-856c-e14097646b7d,8e7929b9-007e-42c3-aa3f-003d3f4df78f,P17,B,4,4.013,3.877,4.115,0.43413,0.53571,0.10158,0.9,0.776,1.25,0.06647,4.079,0.066,-0.0004723890440878235
B_K0.75,9127f50f-f412-4a40-856c-e14097646b7d,ed66b898-95e9-4f5c-a69c-df19b9c6da3c,P25,B,5,3.74,3.877,4.115,0.43413,0.53571,0.10158,0.9,0.776,1.1,0.0585,3.798,0.058,-0.0004957023587972846
B_K0.75,fbeddd53-0142-48f1-afa4-8c984b028c2b,0afcfd8d-0965-4364-a90e-c1872c47c12c,P04,A,5,4.047,3.528,5.143,0.14253,1.0,0.85747,0.9,0.776,1.1,0.35,4.397,0.35,0.0
B_K0.75,fbeddd53-0142-48f1-afa4-8c984b028c2b,b5146cb1-84e0-4690-a7ae-d6256b33586c,P20,A,2,3.008,3.528,5.143,0.14253,1.0,0.85747,0.9,0.776,1.25,0.35,3.358,0.35,0.0
B_K0.75,fbeddd53-0142-48f1-afa4-8c984b028c2b,20067ed8-879d-470d-9fdf-138b78039ac3,P08,B,5,6.606,5.143,3.528,0.85747,0.0,-0.85747,0.9,0.776,1.1,-0.35,6.256,-0.35,0.0
B_K0.75,fbeddd53-0142-48f1-afa4-8c984b028c2b,23c1639d-675f-4b9a-a331-3ce419306a6a,P09,B,5,3.679,5.143,3.528,0.85747,0.0,-0.85747,0.9,0.776,1.1,-0.35,3.329,-0.35,0.0
B_K0.75,d782326c-6b6b-48cc-bb4e-4823eb5d1a11,33f9b461-e8d9-49f7-b81f-f472e956c93f,P13,A,3,4.458,4.229,3.577,0.67358,0.83333,0.15975,0.9,0.776,1.25,0.10454,4.563,0.105,0.0004623917895571103
B_K0.75,d782326c-6b6b-48cc-bb4e-4823eb5d1a11,cb2d6d92-3c1d-453d-aa65-79ca040d61f3,P21,A,0,4.0,4.229,3.577,0.67358,0.83333,0.15975,0.9,0.776,1.25,0.10454,4.105,0.105,0.0004623917895571103
B_K0.75,d782326c-6b6b-48cc-bb4e-4823eb5d1a11,4952b344-b938-4d7f-9799-ddf405dcf72a,P14,B,2,2.223,3.577,4.229,0.32642,0.16667,-0.15975,0.9,0.776,1.25,-0.10454,2.118,-0.105,-0.0004623917895571103
B_K0.75,d782326c-6b6b-48cc-bb4e-4823eb5d1a11,dfda52a3-01e6-4456-b139-f5a74d69cdd3,P23,B,4,4.931,3.577,4.229,0.32642,0.16667,-0.15975,0.9,0.776,1.25,-0.10454,4.826,-0.105,-0.0004623917895571103
B_K0.75,4444b26a-6932-440a-864e-029dd40a37d0,0fa0a889-795e-4185-8e11-61e0c1f1929b,P05,A,4,4.483,3.921,4.392,0.37194,0.375,0.00306,0.9,0.776,1.25,0.002,4.485,0.002,-2.505404534227616e-07
B_K0.75,4444b26a-6932-440a-864e-029dd40a37d0,b5146cb1-84e0-4690-a7ae-d6256b33586c,P20,A,3,3.358,3.921,4.392,0.37194,0.375,0.00306,0.9,0.776,1.25,0.002,3.36,0.002,-2.505404534227616e-07
B_K0.75,4444b26a-6932-440a-864e-029dd40a37d0,9313bcbf-e559-499a-9658-b277050b37ca,P19,B,4,4.986,4.392,3.921,0.62806,0.625,-0.00306,0.9,0.776,1.25,-0.002,4.984,-0.002,2.505404534227616e-07
B_K0.75,4444b26a-6932-440a-864e-029dd40a37d0,ed66b898-95e9-4f5c-a69c-df19b9c6da3c,P25,B,6,3.798,4.392,3.921,0.62806,0.625,-0.00306,0.9,0.776,1.1,-0.00176,3.796,-0.002,-0.00023977952440098796
B_K0.75,eba3e49a-f356-41a6-9b31-02e74c37e3dd,091f312a-207f-4cea-9d57-437a614affde,P01,A,0,3.5,3.79,4.049,0.42841,0.46429,0.03587,0.9,0.776,1.25,0.02348,3.523,0.023,-0.0004754080131492755
B_K0.75,eba3e49a-f356-41a6-9b31-02e74c37e3dd,8e7929b9-007e-42c3-aa3f-003d3f4df78f,P17,A,5,4.079,3.79,4.049,0.42841,0.46429,0.03587,0.9,0.776,1.1,0.02066,4.1,0.021,0.0003416409484286376
B_K0.75,eba3e49a-f356-41a6-9b31-02e74c37e3dd,27f6c2fe-4682-46a5-a2a2-4962a0d9776e,P10,B,5,4.262,4.049,3.79,0.57159,0.53571,-0.03587,0.9,0.776,1.1,-0.02066,4.241,-0.021,-0.0003416409484286376
B_K0.75,eba3e49a-f356-41a6-9b31-02e74c37e3dd,28656f69-2ade-488b-b07a-037fb9bfa311,P11,B,4,3.836,4.049,3.79,0.57159,0.53571,-0.03587,0.9,0.776,1.25,-0.02348,3.813,-0.023,0.0004754080131492755
B_K0.75,42f76a99-1849-4db1-b133-f5f0db458291,091f312a-207f-4cea-9d57-437a614affde,P01,A,1,3.523,3.814,4.095,0.42257,0.71429,0.29171,0.9,0.776,1.25,0.19089,3.714,0.191,0.00010596687481289912
B_K0.75,42f76a99-1849-4db1-b133-f5f0db458291,cb2d6d92-3c1d-453d-aa65-79ca040d61f3,P21,A,1,4.105,3.814,4.095,0.42257,0.71429,0.29171,0.9,0.776,1.25,0.19089,4.296,0.191,0.00010596687481289912
B_K0.75,42f76a99-1849-4db1-b133-f5f0db458291,27f6c2fe-4682-46a5-a2a2-4962a0d9776e,P10,B,6,4.241,4.095,3.814,0.57743,0.28571,-0.29171,0.9,0.776,1.1,-0.16799,4.073,-0.168,-1.3250849835351224e-05
B_K0.75,42f76a99-1849-4db1-b133-f5f0db458291,d4acf5d8-317e-4564-8170-8fe09e6aa115,P22,B,4,3.949,4.095,3.814,0.57743,0.28571,-0.29171,0.9,0.776,1.25,-0.19089,3.758,-0.191,-0.00010596687481289912
B_K0.75,a7d12f06-65d8-4881-9c89-1a96aaf41eec,0996ee22-e381-45db-90c2-1863869a244e,P02,A,0,4.0,4.05,4.399,0.40439,0.6,0.19561,0.9,0.776,1.25,0.12801,4.128,0.128,-7.575307772842882e-06
B_K0.75,a7d12f06-65d8-4881-9c89-1a96aaf41eec,8e7929b9-007e-42c3-aa3f-003d3f4df78f,P17,A,6,4.1,4.05,4.399,0.40439,0.6,0.19561,0.9,0.776,1.1,0.11265,4.213,0.113,0.00035333372915989826
B_K0.75,a7d12f06-65d8-4881-9c89-1a96aaf41eec,28656f69-2ade-488b-b07a-037fb9bfa311,P11,B,5,3.813,4.399,4.05,0.59561,0.4,-0.19561,0.9,0.776,1.1,-0.11265,3.7,-0.113,-0.00035333372915989826
B_K0.75,a7d12f06-65d8-4881-9c89-1a96aaf41eec,9313bcbf-e559-499a-9658-b277050b37ca,P19,B,5,4.984,4.399,4.05,0.59561,0.4,-0.19561,0.9,0.776,1.1,-0.11265,4.871,-0.113,-0.00035333372915989826
B_K0.75,6b1b6b0c-f639-4cde-9dc9-a7993eb52dd0,091f312a-207f-4cea-9d57-437a614affde,P01,A,2,3.714,4.293,4.359,0.48167,0.44444,-0.03723,0.9,0.776,1.25,-0.02436,3.69,-0.024,0.0003631936923370831
B_K0.75,6b1b6b0c-f639-4cde-9dc9-a7993eb52dd0,9313bcbf-e559-499a-9658-b277050b37ca,P19,A,6,4.871,4.293,4.359,0.48167,0.44444,-0.03723,0.9,0.776,1.1,-0.02144,4.85,-0.021,0.00043961044925663314
B_K0.75,6b1b6b0c-f639-4cde-9dc9-a7993eb52dd0,1f2d89a9-f3fa-41f6-982c-74b37b29581b,P07,B,4,4.154,4.359,4.293,0.51833,0.55556,0.03723,0.9,0.776,1.25,0.02436,4.178,0.024,-0.0003631936923370831
B_K0.75,6b1b6b0c-f639-4cde-9dc9-a7993eb52dd0,33f9b461-e8d9-49f7-b81f-f472e956c93f,P13,B,4,4.563,4.359,4.293,0.51833,0.55556,0.03723,0.9,0.776,1.25,0.02436,4.587,0.024,-0.0003631936923370831
B_K0.75,c9a88ea7-fe59-404d-8266-d011389186e8,d4acf5d8-317e-4564-8170-8fe09e6aa115,P22,A,5,3.758,4.292,3.831,0.62546,0.55556,-0.0699,0.9,0.776,1.1,-0.04025,3.718,-0.04,0.00025386440650124615
B_K0.75,c9a88ea7-fe59-404d-8266-d011389186e8,dfda52a3-01e6-4456-b139-f5a74d69cdd3,P23,A,5,4.826,4.292,3.831,0.62546,0.55556,-0.0699,0.9,0.776,1.1,-0.04025,4.786,-0.04,0.00025386440650124615
B_K0.75,c9a88ea7-fe59-404d-8266-d011389186e8,32b0e88b-e994-4b10-bf2e-4086a731c027,P12,B,3,3.865,3.831,4.292,0.37454,0.44444,0.0699,0.9,0.776,1.25,0.04574,3.911,0.046,0.000256972265339493
B_K0.75,c9a88ea7-fe59-404d-8266-d011389186e8,ed66b898-95e9-4f5c-a69c-df19b9c6da3c,P25,B,7,3.796,3.831,4.292,0.37454,0.44444,0.0699,0.9,0.776,1.1,0.04025,3.836,0.04,-0.00025386440650124615
B_K0.75,21bb139e-0201-4ffb-a7de-b50fbf708f58,9313bcbf-e559-499a-9658-b277050b37ca,P19,A,7,4.85,4.573,4.107,0.62676,0.46429,-0.16247,0.9,0.776,1.1,-0.09356,4.756,-0.094,-0.00043832676698685473
B_K0.75,21bb139e-0201-4ffb-a7de-b50fbf708f58,cb2d6d92-3c1d-453d-aa65-79ca040d61f3,P21,A,2,4.296,4.573,4.107,0.62676,0.46429,-0.16247,0.9,0.776,1.25,-0.10632,4.19,-0.106,0.0003200832193331196
B_K0.75,21bb139e-0201-4ffb-a7de-b50fbf708f58,09db6874-adc0-46f0-82f7-83cd372cc1f5,P03,B,0,4.0,4.107,4.573,0.37324,0.53571,0.16247,0.9,0.776,1.25,0.10632,4.106,0.106,-0.0003200832193331196
B_K0.75,21bb139e-0201-4ffb-a7de-b50fbf708f58,8e7929b9-007e-42c3-aa3f-003d3f4df78f,P17,B,7,4.213,4.107,4.573,0.37324,0.53571,0.16247,0.9,0.776,1.1,0.09356,4.307,0.094,0.00043832676698685473
B_K0.75,8982d3cf-5276-491f-8ede-8d0417715df0,09db6874-adc0-46f0-82f7-83cd372cc1f5,P03,A,1,4.106,4.053,5.046,0.24912,0.5,0.25088,0.9,0.812,1.25,0.17194,4.278,0.172,5.9568104434627006e-05
B_K0.75,8982d3cf-5276-491f-8ede-8d0417715df0,8fa5441d-1934-4810-af86-a11ee051e58f,P18,A,0,4.0,4.053,5.046,0.24912,0.5,0.25088,0.9,0.812,1.25,0.17194,4.172,0.172,5.9568104434627006e-05
B_K0.75,8982d3cf-5276-491f-8ede-8d0417715df0,20067ed8-879d-470d-9fdf-138b78039ac3,P08,B,6,6.256,5.046,4.053,0.75088,0.5,-0.25088,0.9,0.812,1.1,-0.15131,6.105,-0.151,0.0003075800680975282
B_K0.75,8982d3cf-5276-491f-8ede-8d0417715df0,ed66b898-95e9-4f5c-a69c-df19b9c6da3c,P25,B,8,3.836,5.046,4.053,0.75088,0.5,-0.25088,0.9,0.812,1.1,-0.15131,3.685,-0.151,0.0003075800680975282
B_K0.75,db80fefe-8363-444b-9403-b71ecae8b453,20067ed8-879d-470d-9fdf-138b78039ac3,P08,A,7,6.105,5.008,3.896,0.77489,0.6,-0.17489,0.9,0.841,1.1,-0.10919,5.996,-0.109,0.00019303225454361594
B_K0.75,db80fefe-8363-444b-9403-b71ecae8b453,32b0e88b-e994-4b10-bf2e-4086a731c027,P12,A,4,3.911,5.008,3.896,0.77489,0.6,-0.17489,0.9,0.841,1.25,-0.12408,3.787,-0.124,8.299119834501811e-05
B_K0.75,db80fefe-8363-444b-9403-b71ecae8b453,27f6c2fe-4682-46a5-a2a2-4962a0d9776e,P10,B,7,4.073,3.896,5.008,0.22511,0.4,0.17489,0.9,0.841,1.1,0.10919,4.182,0.109,-0.00019303225454361594
B_K0.75,db80fefe-8363-444b-9403-b71ecae8b453,d4acf5d8-317e-4564-8170-8fe09e6aa115,P22,B,6,3.718,3.896,5.008,0.22511,0.4,0.17489,0.9,0.841,1.1,0.10919,3.827,0.109,-0.00019303225454361594
B_K0.75,08ad6e83-1698-4b9e-8b11-9e80ac10a9b4,20067ed8-879d-470d-9fdf-138b78039ac3,P08,A,8,5.996,4.057,3.941,0.53218,0.4,-0.13218,0.9,0.841,1.1,-0.08253,5.913,-0.083,-0.00047279945868299733
B_K0.75,08ad6e83-1698-4b9e-8b11-9e80ac10a9b4,4952b344-b938-4d7f-9799-ddf405dcf72a,P14,A,3,2.118,4.057,3.941,0.53218,0.4,-0.13218,0.9,0.841,1.25,-0.09378,2.024,-0.094,-0.00021909029395795153
B_K0.75,08ad6e83-1698-4b9e-8b11-9e80ac10a9b4,27f6c2fe-4682-46a5-a2a2-4962a0d9776e,P10,B,8,4.182,3.941,4.057,0.46782,0.6,0.13218,0.9,0.841,1.1,0.08253,4.265,0.083,0.00047279945868299733
B_K0.75,08ad6e83-1698-4b9e-8b11-9e80ac10a9b4,28656f69-2ade-488b-b07a-037fb9bfa311,P11,B,6,3.7,3.941,4.057,0.46782,0.6,0.13218,0.9,0.841,1.1,0.08253,3.783,0.083,0.00047279945868299733
B_K0.75,e20b223e-f0bd-4bea-adb8-40d1c0ba3083,0afcfd8d-0965-4364-a90e-c1872c47c12c,P04,A,6,4.397,5.155,4.024,0.77845,0.57692,-0.20153,0.9,0.841,1.1,-0.12583,4.271,-0.126,-0.00017242563384744827
B_K0.75,e20b223e-f0bd-4bea-adb8-40d1c0ba3083,20067ed8-879d-470d-9fdf-138b78039ac3,P08,A,9,5.913,5.155,4.024,0.77845,0.57692,-0.20153,0.9,0.841,1.1,-0.12583,5.787,-0.126,-0.00017242563384744827
B_K0.75,e20b223e-f0bd-4bea-adb8-40d1c0ba3083,27f6c2fe-4682-46a5-a2a2-4962a0d9776e,P10,B,9,4.265,4.024,5.155,0.22155,0.42308,0.20153,0.9,0.841,1.1,0.12583,4.391,0.126,0.00017242563384744827
B_K0.75,e20b223e-f0bd-4bea-adb8-40d1c0ba3083,28656f69-2ade-488b-b07a-037fb9bfa311,P11,B,7,3.783,4.024,5.155,0.22155,0.42308,0.20153,0.9,0.841,1.1,0.12583,3.909,0.126,0.00017242563384744827
B_K0.75,46e90da0-e642-4e9c-bc75-17b4b6b5596f,091f312a-207f-4cea-9d57-437a614affde,P01,A,3,3.69,4.223,4.378,0.45705,0.44444,-0.01261,0.9,0.841,1.25,-0.00894,3.681,-0.009,-5.588770504539538e-05
B_K0.75,46e90da0-e642-4e9c-bc75-17b4b6b5596f,9313bcbf-e559-499a-9658-b277050b37ca,P19,A,8,4.756,4.223,4.378,0.45705,0.44444,-0.01261,0.9,0.841,1.1,-0.00787,4.748,-0.008,-0.00012918118043994794
B_K0.75,46e90da0-e642-4e9c-bc75-17b4b6b5596f,0afcfd8d-0965-4364-a90e-c1872c47c12c,P04,B,7,4.271,4.378,4.223,0.54295,0.55556,0.01261,0.9,0.841,1.1,0.00787,4.279,0.008,0.00012918118043994794
B_K0.75,46e90da0-e642-4e9c-bc75-17b4b6b5596f,0fa0a889-795e-4185-8e11-61e0c1f1929b,P05,B,5,4.485,4.378,4.223,0.54295,0.55556,0.01261,0.9,0.841,1.1,0.00787,4.493,0.008,0.00012918118043994794
B_K0.75,9ccc3f52-a4d5-4b07-9518-34a896671e8a,8e7929b9-007e-42c3-aa3f-003d3f4df78f,P17,A,8,4.307,3.834,4.15,0.41298,0.46429,0.05131,0.9,0.841,1.1,0.03203,4.339,0.032,-3.4573173961667556e-05
B_K0.75,9ccc3f52-a4d5-4b07-9518-34a896671e8a,b5146cb1-84e0-4690-a7ae-d6256b33586c,P20,A,4,3.36,3.834,4.15,0.41298,0.46429,0.05131,0.9,0.841,1.25,0.0364,3.396,0.036,-0.00040292406132007676
B_K0.75,9ccc3f52-a4d5-4b07-9518-34a896671e8a,27f6c2fe-4682-46a5-a2a2-4962a0d9776e,P10,B,10,4.391,4.15,3.834,0.58702,0.53571,-0.05131,0.9,0.841,1.0,-0.02912,4.362,-0.029,0.00012233924905606143
B_K0.75,9ccc3f52-a4d5-4b07-9518-34a896671e8a,28656f69-2ade-488b-b07a-037fb9bfa311,P11,B,8,3.909,4.15,3.834,0.58702,0.53571,-0.05131,0.9,0.841,1.1,-0.03203,3.877,-0.032,3.4573173961667556e-05
B_K0.75,ee391d96-8de4-42ce-a205-c1cdfb456904,4952b344-b938-4d7f-9799-ddf405dcf72a,P14,A,4,2.024,3.386,4.187,0.29111,0.5,0.20889,0.9,0.841,1.25,0.14821,2.172,0.148,-0.00020890396561443642
B_K0.75,ee391d96-8de4-42ce-a205-c1cdfb456904,9313bcbf-e559-499a-9658-b277050b37ca,P19,A,9,4.748,3.386,4.187,0.29111,0.5,0.20889,0.9,0.841,1.1,0.13042,4.878,0.13,-0.00042383548974070406
B_K0.75,ee391d96-8de4-42ce-a205-c1cdfb456904,32b0e88b-e994-4b10-bf2e-4086a731c027,P12,B,5,3.787,4.187,3.386,0.70889,0.5,-0.20889,0.9,0.841,1.1,-0.13042,3.657,-0.13,0.00042383548974070406
B_K0.75,ee391d96-8de4-42ce-a205-c1cdfb456904,33f9b461-e8d9-49f7-b81f-f472e956c93f,P13,B,5,4.587,4.187,3.386,0.70889,0.5,-0.20889,0.9,0.841,1.1,-0.13042,4.457,-0.13,0.00042383548974070406
B_K0.75,f3b149b5-28f9-4362-b063-42dcdfd9af4f,091f312a-207f-4cea-9d57-437a614affde,P01,A,4,3.681,3.98,4.428,0.37819,0.71429,0.33609,0.9,0.841,1.25,0.23846,3.919,0.238,-0.0004594336288535203
B_K0.75,f3b149b5-28f9-4362-b063-42dcdfd9af4f,0afcfd8d-0965-4364-a90e-c1872c47c12c,P04,A,8,4.279,3.98,4.428,0.37819,0.71429,0.33609,0.9,0.841,1.1,0.20984,4.489,0.21,0.00015569840660890213
B_K0.75,f3b149b5-28f9-4362-b063-42dcdfd9af4f,0fa0a889-795e-4185-8e11-61e0c1f1929b,P05,B,6,4.493,4.428,3.98,0.62181,0.28571,-0.33609,0.9,0.841,1.1,-0.20984,4.283,-0.21,-0.00015569840660890213
B_K0.75,f3b149b5-28f9-4362-b063-42dcdfd9af4f,27f6c2fe-4682-46a5-a2a2-4962a0d9776e,P10,B,11,4.362,4.428,3.98,0.62181,0.28571,-0.33609,0.9,0.841,1.0,-0.19077,4.171,-0.191,-0.00023245309691718376
B_K0.75,582ecfb9-c710-4531-b49d-78ccd3f000f7,32b0e88b-e994-4b10-bf2e-4086a731c027,P12,A,6,3.657,4.268,3.025,0.79917,0.71429,-0.08488,0.9,0.841,1.1,-0.053,3.604,-0.053,-1.5536980356222167e-06
B_K0.75,582ecfb9-c710-4531-b49d-78ccd3f000f7,9313bcbf-e559-499a-9658-b277050b37ca,P19,A,10,4.878,4.268,3.025,0.79917,0.71429,-0.08488,0.9,0.841,1.0,-0.04818,4.83,-0.048,0.00018040572905852527
B_K0.75,582ecfb9-c710-4531-b49d-78ccd3f000f7,28656f69-2ade-488b-b07a-037fb9bfa311,P11,B,9,3.877,3.025,4.268,0.20083,0.28571,0.08488,0.9,0.841,1.1,0.053,3.93,0.053,1.5536980356222167e-06
B_K0.75,582ecfb9-c710-4531-b49d-78ccd3f000f7,4952b344-b938-4d7f-9799-ddf405dcf72a,P14,B,5,2.172,3.025,4.268,0.20083,0.28571,0.08488,0.9,0.841,1.1,0.053,2.225,0.053,1.5536980356222167e-06
B_K0.75,cc03e92d-6065-4561-9a3c-04717e8c9905,0fa0a889-795e-4185-8e11-61e0c1f1929b,P05,A,7,4.283,4.557,4.736,0.4503,0.6,0.1497,0.9,0.841,1.1,0.09347,4.376,0.093,-0.00046533349142761156
B_K0.75,cc03e92d-6065-4561-9a3c-04717e8c9905,9313bcbf-e559-499a-9658-b277050b37ca,P19,A,11,4.83,4.557,4.736,0.4503,0.6,0.1497,0.9,0.841,1.0,0.08497,4.915,0.085,3.151500779308039e-05
B_K0.75,cc03e92d-6065-4561-9a3c-04717e8c9905,20067ed8-879d-470d-9fdf-138b78039ac3,P08,B,10,5.787,4.736,4.557,0.5497,0.4,-0.1497,0.9,0.841,1.0,-0.08497,5.702,-0.085,-3.151500779308039e-05
B_K0.75,cc03e92d-6065-4561-9a3c-04717e8c9905,ed66b898-95e9-4f5c-a69c-df19b9c6da3c,P25,B,9,3.685,4.736,4.557,0.5497,0.4,-0.1497,0.9,0.841,1.1,-0.09347,3.592,-0.093,0.00046533349142761156
B_K0.75,cfbc251b-3ce2-41af-aac8-8943d8f1e396,0996ee22-e381-45db-90c2-1863869a244e,P02,A,1,4.128,4.234,3.888,0.59481,0.44444,-0.15037,0.9,0.841,1.25,-0.10669,4.021,-0.107,-0.0003141781600339907
B_K0.75,cfbc251b-3ce2-41af-aac8-8943d8f1e396,8e7929b9-007e-42c3-aa3f-003d3f4df78f,P17,A,9,4.339,4.234,3.888,0.59481,0.44444,-0.15037,0.9,0.841,1.1,-0.09388,4.245,-0.094,-0.00011647678082991184
B_K0.75,cfbc251b-3ce2-41af-aac8-8943d8f1e396,32b0e88b-e994-4b10-bf2e-4086a731c027,P12,B,7,3.604,3.888,4.234,0.40519,0.55556,0.15037,0.9,0.841,1.1,0.09388,3.698,0.094,0.00011647678082991184
B_K0.75,cfbc251b-3ce2-41af-aac8-8943d8f1e396,8fa5441d-1934-4810-af86-a11ee051e58f,P18,B,1,4.172,3.888,4.234,0.40519,0.55556,0.15037,0.9,0.841,1.25,0.10669,4.279,0.107,0.0003141781600339907
B_K0.75,eb6641d5-8f9d-4284-9b9f-8d09a46004dd,0996ee22-e381-45db-90c2-1863869a244e,P02,A,2,4.021,4.133,3.935,0.55478,0.625,0.07022,0.9,0.841,1.25,0.04982,4.071,0.05,0.00017792138070753705
B_K0.75,eb6641d5-8f9d-4284-9b9f-8d09a46004dd,8e7929b9-007e-42c3-aa3f-003d3f4df78f,P17,A,10,4.245,4.133,3.935,0.55478,0.625,0.07022,0.9,0.841,1.0,0.03986,4.285,0.04,0.00014233710456602964
B_K0.75,eb6641d5-8f9d-4284-9b9f-8d09a46004dd,09db6874-adc0-46f0-82f7-83cd372cc1f5,P03,B,2,4.278,3.935,4.133,0.44522,0.375,-0.07022,0.9,0.841,1.25,-0.04982,4.228,-0.05,-0.00017792138070753705
B_K0.75,eb6641d5-8f9d-4284-9b9f-8d09a46004dd,ed66b898-95e9-4f5c-a69c-df19b9c6da3c,P25,B,10,3.592,3.935,4.133,0.44522,0.375,-0.07022,0.9,0.841,1.0,-0.03986,3.552,-0.04,-0.00014233710456602964
B_K0.75,22635c77-8955-4f42-846b-ee2b2fb46872,09db6874-adc0-46f0-82f7-83cd372cc1f5,P03,A,3,4.228,3.89,3.841,0.51375,0.57692,0.06318,0.9,0.841,1.25,0.04482,4.273,0.045,0.0001758422418602731
B_K0.75,22635c77-8955-4f42-846b-ee2b2fb46872,ed66b898-95e9-4f5c-a69c-df19b9c6da3c,P25,A,11,3.552,3.89,3.841,0.51375,0.57692,0.06318,0.9,0.841,1.0,0.03586,3.588,0.036,0.00014067379348821848
B_K0.75,22635c77-8955-4f42-846b-ee2b2fb46872,8e7929b9-007e-42c3-aa3f-003d3f4df78f,P17,B,11,4.285,3.841,3.89,0.48625,0.42308,-0.06318,0.9,0.841,1.0,-0.03586,4.249,-0.036,-0.00014067379348821848
B_K0.75,22635c77-8955-4f42-846b-ee2b2fb46872,b5146cb1-84e0-4690-a7ae-d6256b33586c,P20,B,5,3.396,3.841,3.89,0.48625,0.42308,-0.06318,0.9,0.841,1.1,-0.03945,3.357,-0.039,0.0004452588271629597
B_K0.75,8b5a8b8c-6a43-4782-8581-0a28f3244d65,20067ed8-879d-470d-9fdf-138b78039ac3,P08,A,11,5.702,4.645,4.365,0.57716,0.25,-0.32716,0.9,0.841,1.0,-0.1857,5.516,-0.186,-0.00030433831571900793
B_K0.75,8b5a8b8c-6a43-4782-8581-0a28f3244d65,ed66b898-95e9-4f5c-a69c-df19b9c6da3c,P25,A,12,3.588,4.645,4.365,0.57716,0.25,-0.32716,0.9,0.841,1.0,-0.1857,3.402,-0.186,-0.00030433831571900793
B_K0.75,8b5a8b8c-6a43-4782-8581-0a28f3244d65,09db6874-adc0-46f0-82f7-83cd372cc1f5,P03,B,4,4.273,4.365,4.645,0.42284,0.75,0.32716,0.9,0.841,1.25,0.23212,4.505,0.232,-0.00011957710535124007
B_K0.75,8b5a8b8c-6a43-4782-8581-0a28f3244d65,33f9b461-e8d9-49f7-b81f-f472e956c93f,P13,B,6,4.457,4.365,4.645,0.42284,0.75,0.32716,0.9,0.841,1.1,0.20427,4.661,0.204,-0.00026522785270909126
B_K0.75,8afb7ce5-b3d5-4431-946b-4ddf97e7d426,20067ed8-879d-470d-9fdf-138b78039ac3,P08,A,12,5.516,4.459,4.29,0.54681,0.28571,-0.26109,0.9,0.841,1.0,-0.1482,5.368,-0.148,0.0001975446667594538
B_K0.75,8afb7ce5-b3d5-4431-946b-4ddf97e7d426,ed66b898-95e9-4f5c-a69c-df19b9c6da3c,P25,A,13,3.402,4.459,4.29,0.54681,0.28571,-0.26109,0.9,0.841,1.0,-0.1482,3.254,-0.148,0.0001975446667594538
B_K0.75,8afb7ce5-b3d5-4431-946b-4ddf97e7d426,091f312a-207f-4cea-9d57-437a614affde,P01,B,5,3.919,4.29,4.459,0.45319,0.71429,0.26109,0.9,0.841,1.1,0.16302,4.082,0.163,-1.729913343539918e-05
B_K0.75,8afb7ce5-b3d5-4431-946b-4ddf97e7d426,33f9b461-e8d9-49f7-b81f-f472e956c93f,P13,B,7,4.661,4.29,4.459,0.45319,0.71429,0.26109,0.9,0.841,1.1,0.16302,4.824,0.163,-1.729913343539918e-05
B_K0.75,0a2a5bf6-21b9-4da6-bd9b-6594b0296ed5,091f312a-207f-4cea-9d57-437a614affde,P01,A,6,4.082,4.453,3.078,0.82176,0.65217,-0.16959,0.9,0.851,1.1,-0.10712,3.975,-0.107,0.00011549822553448898
B_K0.75,0a2a5bf6-21b9-4da6-bd9b-6594b0296ed5,33f9b461-e8d9-49f7-b81f-f472e956c93f,P13,A,8,4.824,4.453,3.078,0.82176,0.65217,-0.16959,0.9,0.851,1.1,-0.10712,4.717,-0.107,0.00011549822553448898
B_K0.75,0a2a5bf6-21b9-4da6-bd9b-6594b0296ed5,28656f69-2ade-488b-b07a-037fb9bfa311,P11,B,10,3.93,3.078,4.453,0.17824,0.34783,0.16959,0.9,0.851,1.0,0.09738,4.027,0.097,-0.00037772565957680813
B_K0.75,0a2a5bf6-21b9-4da6-bd9b-6594b0296ed5,4952b344-b938-4d7f-9799-ddf405dcf72a,P14,B,6,2.225,3.078,4.453,0.17824,0.34783,0.16959,0.9,0.851,1.1,0.10712,2.332,0.107,-0.00011549822553448898
B_K0.75,2828359d-f95b-4320-a7db-5184b305dfeb,32b0e88b-e994-4b10-bf2e-4086a731c027,P12,A,8,3.698,3.989,4.346,0.40198,0.34783,-0.05415,0.9,0.851,1.1,-0.0342,3.664,-0.034,0.00020465974704204006
B_K0.75,2828359d-f95b-4320-a7db-5184b305dfeb,8fa5441d-1934-4810-af86-a11ee051e58f,P18,A,2,4.279,3.989,4.346,0.40198,0.34783,-0.05415,0.9,0.851,1.25,-0.03887,4.24,-0.039,-0.00013106846927040902
B_K0.75,2828359d-f95b-4320-a7db-5184b305dfeb,091f312a-207f-4cea-9d57-437a614affde,P01,B,7,3.975,4.346,3.989,0.59802,0.65217,0.05415,0.9,0.851,1.1,0.0342,4.009,0.034,-0.00020465974704204006
B_K0.75,2828359d-f95b-4320-a7db-5184b305dfeb,33f9b461-e8d9-49f7-b81f-f472e956c93f,P13,B,9,4.717,4.346,3.989,0.59802,0.65217,0.05415,0.9,0.851,1.1,0.0342,4.751,0.034,-0.00020465974704204006
B_K0.75,eb4a38ec-5b27-4a51-bfca-8aea690e14d3,1f2d89a9-f3fa-41f6-982c-74b37b29581b,P07,A,5,4.178,4.465,4.638,0.45209,0.57692,0.12483,0.9,0.861,1.1,0.07976,4.258,0.08,0.00023792059973611472
B_K0.75,eb4a38ec-5b27-4a51-bfca-8aea690e14d3,33f9b461-e8d9-49f7-b81f-f472e956c93f,P13,A,10,4.751,4.465,4.638,0.45209,0.57692,0.12483,0.9,0.861,1.0,0.07251,4.824,0.073,0.0004890187270328315
B_K0.75,eb4a38ec-5b27-4a51-bfca-8aea690e14d3,0afcfd8d-0965-4364-a90e-c1872c47c12c,P04,B,9,4.489,4.638,4.465,0.54791,0.42308,-0.12483,0.9,0.861,1.1,-0.07976,4.409,-0.08,-0.00023792059973611472
B_K0.75,eb4a38ec-5b27-4a51-bfca-8aea690e14d3,dfda52a3-01e6-4456-b139-f5a74d69cdd3,P23,B,6,4.786,4.638,4.465,0.54791,0.42308,-0.12483,0.9,0.861,1.1,-0.07976,4.706,-0.08,-0.00023792059973611472
B_K0.75,7c95849f-cb1a-493d-99d3-db6cf7fda568,0fa0a889-795e-4185-8e11-61e0c1f1929b,P05,A,8,4.376,3.867,3.371,0.63439,0.42308,-0.21132,0.9,0.861,1.1,-0.13502,4.241,-0.135,2.261913388494492e-05
B_K0.75,7c95849f-cb1a-493d-99d3-db6cf7fda568,b5146cb1-84e0-4690-a7ae-d6256b33586c,P20,A,6,3.357,3.867,3.371,0.63439,0.42308,-0.21132,0.9,0.861,1.1,-0.13502,3.222,-0.135,2.261913388494492e-05
B_K0.75,7c95849f-cb1a-493d-99d3-db6cf7fda568,0afcfd8d-0965-4364-a90e-c1872c47c12c,P04,B,10,4.409,3.371,3.867,0.36561,0.57692,0.21132,0.9,0.861,1.0,0.12275,4.532,0.123,0.0002521644237409592
B_K0.75,7c95849f-cb1a-493d-99d3-db6cf7fda568,4952b344-b938-4d7f-9799-ddf405dcf72a,P14,B,7,2.332,3.371,3.867,0.36561,0.57692,0.21132,0.9,0.861,1.1,0.13502,2.467,0.135,-2.261913388494492e-05
B_K0.75,8b58dded-0308-486f-bdc4-5dbf37890e1e,4952b344-b938-4d7f-9799-ddf405dcf72a,P14,A,8,2.467,3.587,3.682,0.4735,0.5,0.0265,0.9,0.912,1.1,0.01794,2.485,0.018,5.8747179454547405e-05
B_K0.75,8b58dded-0308-486f-bdc4-5dbf37890e1e,dfda52a3-01e6-4456-b139-f5a74d69cdd3,P23,A,7,4.706,3.587,3.682,0.4735,0.5,0.0265,0.9,0.912,1.1,0.01794,4.724,0.018,5.8747179454547405e-05
B_K0.75,8b58dded-0308-486f-bdc4-5dbf37890e1e,33f9b461-e8d9-49f7-b81f-f472e956c93f,P13,B,11,4.824,3.682,3.587,0.5265,0.5,-0.0265,0.9,0.912,1.0,-0.01631,4.808,-0.016,0.00031022983685950235
B_K0.75,8b58dded-0308-486f-bdc4-5dbf37890e1e,524889fc-4f50-41bb-b22b-cd5046ba728d,P15,B,3,2.54,3.682,3.587,0.5265,0.5,-0.0265,0.9,0.912,1.25,-0.02039,2.52,-0.02,0.00038778729607437797
B_K0.75,a6821b7d-e797-42c6-987a-775e3e8fafb5,09db6874-adc0-46f0-82f7-83cd372cc1f5,P03,A,5,4.505,4.266,3.381,0.72788,0.6,-0.12788,0.9,0.989,1.1,-0.09386,4.411,-0.094,-0.000140309617531789
B_K0.75,a6821b7d-e797-42c6-987a-775e3e8fafb5,28656f69-2ade-488b-b07a-037fb9bfa311,P11,A,11,4.027,4.266,3.381,0.72788,0.6,-0.12788,0.9,0.989,1.0,-0.08533,3.942,-0.085,0.00032699125678928276
B_K0.75,a6821b7d-e797-42c6-987a-775e3e8fafb5,0fa0a889-795e-4185-8e11-61e0c1f1929b,P05,B,9,4.241,3.381,4.266,0.27212,0.4,0.12788,0.9,0.989,1.1,0.09386,4.335,0.094,0.000140309617531789
B_K0.75,a6821b7d-e797-42c6-987a-775e3e8fafb5,524889fc-4f50-41bb-b22b-cd5046ba728d,P15,B,4,2.52,3.381,4.266,0.27212,0.4,0.12788,0.9,0.989,1.25,0.10666,2.627,0.107,0.00034126092901339656
B_K0.75,936986a8-0666-4578-b38e-1d09c46579b7,09db6874-adc0-46f0-82f7-83cd372cc1f5,P03,A,6,4.411,4.177,4.203,0.49264,0.68182,0.18918,0.9,0.989,1.1,0.13885,4.55,0.139,0.00014815062060340764
B_K0.75,936986a8-0666-4578-b38e-1d09c46579b7,28656f69-2ade-488b-b07a-037fb9bfa311,P11,A,12,3.942,4.177,4.203,0.49264,0.68182,0.18918,0.9,0.989,1.0,0.12623,4.068,0.126,-0.0002289539812696294
B_K0.75,936986a8-0666-4578-b38e-1d09c46579b7,0996ee22-e381-45db-90c2-1863869a244e,P02,B,3,4.071,4.203,4.177,0.50736,0.31818,-0.18918,0.9,0.989,1.25,-0.15779,3.913,-0.158,-0.00021380752341296322
B_K0.75,936986a8-0666-4578-b38e-1d09c46579b7,0fa0a889-795e-4185-8e11-61e0c1f1929b,P05,B,10,4.335,4.203,4.177,0.50736,0.31818,-0.18918,0.9,0.989,1.0,-0.12623,4.209,-0.126,0.0002289539812696294
B_K0.75,a29529c6-5899-4297-90aa-d390a4823c65,0996ee22-e381-45db-90c2-1863869a244e,P02,A,4,3.913,4.232,3.794,0.61932,0.6,-0.01932,0.9,0.989,1.25,-0.01611,3.897,-0.016,0.00011474015339934775
B_K0.75,a29529c6-5899-4297-90aa-d390a4823c65,09db6874-adc0-46f0-82f7-83cd372cc1f5,P03,A,7,4.55,4.232,3.794,0.61932,0.6,-0.01932,0.9,0.989,1.1,-0.01418,4.536,-0.014,0.00018097133499142602
B_K0.75,a29529c6-5899-4297-90aa-d390a4823c65,1f2d89a9-f3fa-41f6-982c-74b37b29581b,P07,B,6,4.258,3.794,4.232,0.38068,0.4,0.01932,0.9,0.989,1.1,0.01418,4.272,0.014,-0.00018097133499142602
B_K0.75,a29529c6-5899-4297-90aa-d390a4823c65,23c1639d-675f-4b9a-a331-3ce419306a6a,P09,B,6,3.329,3.794,4.232,0.38068,0.4,0.01932,0.9,0.989,1.1,0.01418,3.343,0.014,-0.00018097133499142602
B_K0.75,053f8c34-5e15-4f83-bbaf-75197fd4d045,09db6874-adc0-46f0-82f7-83cd372cc1f5,P03,A,8,4.536,4.302,3.776,0.64209,0.4,-0.24209,0.9,0.989,1.1,-0.17769,4.358,-0.178,-0.00031321881051719924
B_K0.75,053f8c34-5e15-4f83-bbaf-75197fd4d045,28656f69-2ade-488b-b07a-037fb9bfa311,P11,A,13,4.068,4.302,3.776,0.64209,0.4,-0.24209,0.9,0.989,1.0,-0.16153,3.906,-0.162,-0.0004665625550156357
B_K0.75,053f8c34-5e15-4f83-bbaf-75197fd4d045,0fa0a889-795e-4185-8e11-61e0c1f1929b,P05,B,11,4.209,3.776,4.302,0.35791,0.6,0.24209,0.9,0.989,1.0,0.16153,4.371,0.162,0.0004665625550156357
B_K0.75,053f8c34-5e15-4f83-bbaf-75197fd4d045,23c1639d-675f-4b9a-a331-3ce419306a6a,P09,B,7,3.343,3.776,4.302,0.35791,0.6,0.24209,0.9,0.989,1.1,0.17769,3.521,0.178,0.00031321881051719924
B_K0.75,e862e4a1-932f-4a47-97f1-d286ab4be13b,09db6874-adc0-46f0-82f7-83cd372cc1f5,P03,A,9,4.358,3.422,3.516,0.47377,0.75,0.27623,0.9,0.989,1.1,0.20274,4.561,0.203,0.00025801073222883814
B_K0.75,e862e4a1-932f-4a47-97f1-d286ab4be13b,4952b344-b938-4d7f-9799-ddf405dcf72a,P14,A,9,2.485,3.422,3.516,0.47377,0.75,0.27623,0.9,0.989,1.1,0.20274,2.688,0.203,0.00025801073222883814
B_K0.75,e862e4a1-932f-4a47-97f1-d286ab4be13b,0afcfd8d-0965-4364-a90e-c1872c47c12c,P04,B,11,4.532,3.516,3.422,0.52623,0.25,-0.27623,0.9,0.989,1.0,-0.18431,4.348,-0.184,0.0003108993343374199
B_K0.75,e862e4a1-932f-4a47-97f1-d286ab4be13b,e82e0c7f-ec26-4880-a11c-8e93cdb4e9ae,P24,B,0,2.5,3.516,3.422,0.52623,0.25,-0.27623,0.9,0.989,1.25,-0.23039,2.27,-0.23,0.00038862416792177486
B_K0.75,6450ccec-a86f-45aa-a4bf-6ae871905ca5,32b0e88b-e994-4b10-bf2e-4086a731c027,P12,A,9,3.664,4.236,3.309,0.73692,0.65217,-0.08474,0.9,0.989,1.1,-0.0622,3.602,-0.062,0.0001982137895183931
B_K0.75,6450ccec-a86f-45aa-a4bf-6ae871905ca5,33f9b461-e8d9-49f7-b81f-f472e956c93f,P13,A,12,4.808,4.236,3.309,0.73692,0.65217,-0.08474,0.9,0.989,1.0,-0.05654,4.751,-0.057,-0.00045616928225600625
B_K0.75,6450ccec-a86f-45aa-a4bf-6ae871905ca5,0afcfd8d-0965-4364-a90e-c1872c47c12c,P04,B,12,4.348,3.309,4.236,0.26308,0.34783,0.08474,0.9,0.989,1.0,0.05654,4.405,0.057,0.00045616928225600625
B_K0.75,6450ccec-a86f-45aa-a4bf-6ae871905ca5,e82e0c7f-ec26-4880-a11c-8e93cdb4e9ae,P24,B,1,2.27,3.309,4.236,0.26308,0.34783,0.08474,0.9,0.989,1.25,0.07068,2.341,0.071,0.0003202116028200078
B_K0.75,b1c79180-37ca-45a4-9518-abc27a48f51d,20067ed8-879d-470d-9fdf-138b78039ac3,P08,A,13,5.368,4.311,3.771,0.64566,0.75,0.10434,0.9,0.989,1.0,0.06962,5.438,0.07,0.00037698714393298306
B_K0.75,b1c79180-37ca-45a4-9518-abc27a48f51d,ed66b898-95e9-4f5c-a69c-df19b9c6da3c,P25,A,14,3.254,4.311,3.771,0.64566,0.75,0.10434,0.9,0.989,1.0,0.06962,3.324,0.07,0.00037698714393298306
B_K0.75,b1c79180-37ca-45a4-9518-abc27a48f51d,524889fc-4f50-41bb-b22b-cd5046ba728d,P15,B,5,2.627,3.771,4.311,0.35434,0.25,-0.10434,0.9,0.989,1.1,-0.07659,2.55,-0.077,-0.0004146858583262814
B_K0.75,b1c79180-37ca-45a4-9518-abc27a48f51d,9313bcbf-e559-499a-9658-b277050b37ca,P19,B,12,4.915,3.771,4.311,0.35434,0.25,-0.10434,0.9,0.989,1.0,-0.06962,4.845,-0.07,-0.00037698714393298306
B_K0.75,2bc4809f-4961-4e1a-894d-a848b2ae55a6,27f6c2fe-4682-46a5-a2a2-4962a0d9776e,P10,A,12,4.171,4.21,4.139,0.51985,0.5,-0.01985,0.9,0.989,1.0,-0.01325,4.158,-0.013,0.00024530043047814017
B_K0.75,2bc4809f-4961-4e1a-894d-a848b2ae55a6,8e7929b9-007e-42c3-aa3f-003d3f4df78f,P17,A,12,4.249,4.21,4.139,0.51985,0.5,-0.01985,0.9,0.989,1.0,-0.01325,4.236,-0.013,0.00024530043047814017
B_K0.75,2bc4809f-4961-4e1a-894d-a848b2ae55a6,0fa0a889-795e-4185-8e11-61e0c1f1929b,P05,B,12,4.371,4.139,4.21,0.48015,0.5,0.01985,0.9,0.989,1.0,0.01325,4.384,0.013,-0.00024530043047814017
B_K0.75,2bc4809f-4961-4e1a-894d-a848b2ae55a6,28656f69-2ade-488b-b07a-037fb9bfa311,P11,B,14,3.906,4.139,4.21,0.48015,0.5,0.01985,0.9,0.989,1.0,0.01325,3.919,0.013,-0.00024530043047814017
B_K0.75,4383b3be-9fce-4612-a59a-02207116a9e1,20067ed8-879d-470d-9fdf-138b78039ac3,P08,A,14,5.438,4.381,3.72,0.6759,0.55556,-0.12035,0.9,0.989,1.0,-0.0803,5.358,-0.08,0.00030048452881199225
B_K0.75,4383b3be-9fce-4612-a59a-02207116a9e1,ed66b898-95e9-4f5c-a69c-df19b9c6da3c,P25,A,15,3.324,4.381,3.72,0.6759,0.55556,-0.12035,0.9,0.989,1.0,-0.0803,3.244,-0.08,0.00030048452881199225
B_K0.75,4383b3be-9fce-4612-a59a-02207116a9e1,33f9b461-e8d9-49f7-b81f-f472e956c93f,P13,B,13,4.751,3.72,4.381,0.3241,0.44444,0.12035,0.9,0.989,1.0,0.0803,4.831,0.08,-0.00030048452881199225
B_K0.75,4383b3be-9fce-4612-a59a-02207116a9e1,4952b344-b938-4d7f-9799-ddf405dcf72a,P14,B,10,2.688,3.72,4.381,0.3241,0.44444,0.12035,0.9,0.989,1.0,0.0803,2.768,0.08,-0.00030048452881199225
B_K0.75,b75e356b-24af-4c88-9a4d-7328cb9d74d2,33f9b461-e8d9-49f7-b81f-f472e956c93f,P13,A,14,4.831,4.838,4.197,0.67089,0.55556,-0.11534,0.9,0.989,1.0,-0.07696,4.754,-0.077,-4.2105222910712286e-05
B_K0.75,b75e356b-24af-4c88-9a4d-7328cb9d74d2,9313bcbf-e559-499a-9658-b277050b37ca,P19,A,13,4.845,4.838,4.197,0.67089,0.55556,-0.11534,0.9,0.989,1.0,-0.07696,4.768,-0.077,-4.2105222910712286e-05
B_K0.75,b75e356b-24af-4c88-9a4d-7328cb9d74d2,27f6c2fe-4682-46a5-a2a2-4962a0d9776e,P10,B,13,4.158,4.197,4.838,0.32911,0.44444,0.11534,0.9,0.989,1.0,0.07696,4.235,0.077,4.2105222910712286e-05
B_K0.75,b75e356b-24af-4c88-9a4d-7328cb9d74d2,8e7929b9-007e-42c3-aa3f-003d3f4df78f,P17,B,13,4.236,4.197,4.838,0.32911,0.44444,0.11534,0.9,0.989,1.0,0.07696,4.313,0.077,4.2105222910712286e-05
B_K0.75,c63169fa-2db0-4892-b92e-7cda41f73bf3,d4acf5d8-317e-4564-8170-8fe09e6aa115,P22,A,7,3.827,3.536,4.48,0.25933,0.4,0.14067,0.9,0.989,1.1,0.10325,3.93,0.103,-0.00024647447889952697
B_K0.75,c63169fa-2db0-4892-b92e-7cda41f73bf3,ed66b898-95e9-4f5c-a69c-df19b9c6da3c,P25,A,16,3.244,3.536,4.48,0.25933,0.4,0.14067,0.9,0.989,1.0,0.09386,3.338,0.094,0.00013956865554588455
B_K0.75,c63169fa-2db0-4892-b92e-7cda41f73bf3,20067ed8-879d-470d-9fdf-138b78039ac3,P08,B,15,5.358,4.48,3.536,0.74067,0.6,-0.14067,0.9,0.989,1.0,-0.09386,5.264,-0.094,-0.00013956865554588455
B_K0.75,c63169fa-2db0-4892-b92e-7cda41f73bf3,32b0e88b-e994-4b10-bf2e-4086a731c027,P12,B,10,3.602,4.48,3.536,0.74067,0.6,-0.14067,0.9,0.989,1.0,-0.09386,3.508,-0.094,-0.00013956865554588455
B_K0.75,cfb52d2a-8e35-42e7-959b-536e6fc4554b,20067ed8-879d-470d-9fdf-138b78039ac3,P08,A,16,5.264,4.301,3.587,0.68867,0.53571,-0.15295,0.9,0.989,1.0,-0.10206,5.162,-0.102,5.639339643188998e-05
B_K0.75,cfb52d2a-8e35-42e7-959b-536e6fc4554b,ed66b898-95e9-4f5c-a69c-df19b9c6da3c,P25,A,17,3.338,4.301,3.587,0.68867,0.53571,-0.15295,0.9,0.989,1.0,-0.10206,3.236,-0.102,5.639339643188998e-05
B_K0.75,cfb52d2a-8e35-42e7-959b-536e6fc4554b,0afcfd8d-0965-4364-a90e-c1872c47c12c,P04,B,13,4.405,3.587,4.301,0.31133,0.46429,0.15295,0.9,0.989,1.0,0.10206,4.507,0.102,-5.639339643188998e-05
B_K0.75,cfb52d2a-8e35-42e7-959b-536e6fc4554b,4952b344-b938-4d7f-9799-ddf405dcf72a,P14,B,11,2.768,3.587,4.301,0.31133,0.46429,0.15295,0.9,0.989,1.0,0.10206,2.87,0.102,-5.639339643188998e-05
B_K0.75,48337539-7d04-41d5-a7d8-499c4535f109,20067ed8-879d-470d-9fdf-138b78039ac3,P08,A,17,5.162,4.199,4.541,0.40626,0.5,0.09374,0.9,0.989,1.0,0.06255,5.225,0.063,0.0004528683368794715
B_K0.75,48337539-7d04-41d5-a7d8-499c4535f109,ed66b898-95e9-4f5c-a69c-df19b9c6da3c,P25,A,18,3.236,4.199,4.541,0.40626,0.5,0.09374,0.9,0.989,1.0,0.06255,3.299,0.063,0.0004528683368794715
B_K0.75,48337539-7d04-41d5-a7d8-499c4535f109,8e7929b9-007e-42c3-aa3f-003d3f4df78f,P17,B,14,4.313,4.541,4.199,0.59374,0.5,-0.09374,0.9,0.989,1.0,-0.06255,4.25,-0.063,-0.0004528683368794715
B_K0.75,48337539-7d04-41d5-a7d8-499c4535f109,9313bcbf-e559-499a-9658-b277050b37ca,P19,B,14,4.768,4.541,4.199,0.59374,0.5,-0.09374,0.9,0.989,1.0,-0.06255,4.705,-0.063,-0.0004528683368794715
B_K0.75,43ad7b90-44f0-4852-9210-18faf1010105,0fa0a889-795e-4185-8e11-61e0c1f1929b,P05,A,13,4.384,4.152,4.243,0.47474,0.88235,0.40761,0.9,1.0,1.0,0.27514,4.659,0.275,-0.00013621366244091873
B_K0.75,43ad7b90-44f0-4852-9210-18faf1010105,28656f69-2ade-488b-b07a-037fb9bfa311,P11,A,15,3.919,4.152,4.243,0.47474,0.88235,0.40761,0.9,1.0,1.0,0.27514,4.194,0.275,-0.00013621366244091873
B_K0.75,43ad7b90-44f0-4852-9210-18faf1010105,27f6c2fe-4682-46a5-a2a2-4962a0d9776e,P10,B,14,4.235,4.243,4.152,0.52526,0.11765,-0.40761,0.9,1.0,1.0,-0.27514,3.96,-0.275,0.00013621366244091873
B_K0.75,43ad7b90-44f0-4852-9210-18faf1010105,8e7929b9-007e-42c3-aa3f-003d3f4df78f,P17,B,15,4.25,4.243,4.152,0.52526,0.11765,-0.40761,0.9,1.0,1.0,-0.27514,3.975,-0.275,0.00013621366244091873
C_P1.5_N5,f252ac4c-d134-4c6a-a68c-8bfb6868a91f,0fa0a889-795e-4185-8e11-61e0c1f1929b,P05,A,0,4.0,3.0,3.95,0.25816,0.44444,0.18628,0.9,0.715,1.5,0.09894,4.099,0.099,5.909125349688721e-05
C_P1.5_N5,f252ac4c-d134-4c6a-a68c-8bfb6868a91f,4952b344-b938-4d7f-9799-ddf405dcf72a,P14,A,0,2.0,3.0,3.95,0.25816,0.44444,0.18628,0.9,0.715,1.5,0.09894,2.099,0.099,5.909125349688721e-05
C_P1.5_N5,f252ac4c-d134-4c6a-a68c-8bfb6868a91f,524889fc-4f50-41bb-b22b-cd5046ba728d,P15,B,0,2.0,3.95,3.0,0.74184,0.55556,-0.18628,0.9,0.715,1.5,-0.09894,2.0,0.0,0.0
C_P1.5_N5,f252ac4c-d134-4c6a-a68c-8bfb6868a91f,9313bcbf-e559-499a-9658-b277050b37ca,P19,B,0,5.9,3.95,3.0,0.74184,0.55556,-0.18628,0.9,0.715,1.5,-0.09894,5.801,-0.099,-5.909125349688721e-05
C_P1.5_N5,8f4f89bf-f631-40fb-92ea-2e570dff7707,27f6c2fe-4682-46a5-a2a2-4962a0d9776e,P10,A,0,4.0,4.0,3.75,0.569,0.5,-0.069,0.9,0.715,1.5,-0.03665,3.963,-0.037,-0.00035150836990697614
C_P1.5_N5,8f4f89bf-f631-40fb-92ea-2e570dff7707,28656f69-2ade-488b-b07a-037fb9bfa311,P11,A,0,4.0,4.0,3.75,0.569,0.5,-0.069,0.9,0.715,1.5,-0.03665,3.963,-0.037,-0.00035150836990697614
C_P1.5_N5,8f4f89bf-f631-40fb-92ea-2e570dff7707,0afcfd8d-0965-4364-a90e-c1872c47c12c,P04,B,0,4.0,3.75,4.0,0.431,0.5,0.069,0.9,0.715,1.5,0.03665,4.037,0.037,0.00035150836990697614
C_P1.5_N5,8f4f89bf-f631-40fb-92ea-2e570dff7707,ed66b898-95e9-4f5c-a69c-df19b9c6da3c,P25,B,0,3.5,3.75,4.0,0.431,0.5,0.069,0.9,0.715,1.5,0.03665,3.537,0.037,0.00035150836990697614
C_P1.5_N5,f53ac5f1-4189-4e25-8949-8e6073016eeb,0fa0a889-795e-4185-8e11-61e0c1f1929b,P05,A,1,4.099,3.818,3.7,0.53273,1.0,0.46727,0.9,0.715,1.5,0.24818,4.347,0.248,-0.00017937454126312966
C_P1.5_N5,f53ac5f1-4189-4e25-8949-8e6073016eeb,ed66b898-95e9-4f5c-a69c-df19b9c6da3c,P25,A,1,3.537,3.818,3.7,0.53273,1.0,0.46727,0.9,0.715,1.5,0.24818,3.785,0.248,-0.00017937454126312966
C_P1.5_N5,f53ac5f1-4189-4e25-8949-8e6073016eeb,23c1639d-675f-4b9a-a331-3ce419306a6a,P09,B,0,4.0,3.7,3.818,0.46727,0.0,-0.46727,0.9,0.715,1.5,-0.24818,3.752,-0.248,0.00017937454126312966
C_P1.5_N5,f53ac5f1-4189-4e25-8949-8e6073016eeb,b5146cb1-84e0-4690-a7ae-d6256b33586c,P20,B,0,3.4,3.7,3.818,0.46727,0.0,-0.46727,0.9,0.715,1.5,-0.24818,3.152,-0.248,0.00017937454126312966
C_P1.5_N5,b4436f08-ef01-4453-990c-c6add342dcda,33f9b461-e8d9-49f7-b81f-f472e956c93f,P13,A,0,4.0,4.0,6.019,0.09597,0.55556,0.45958,0.9,0.715,1.5,0.2441,4.244,0.244,-9.617259082879165e-05
C_P1.5_N5,b4436f08-ef01-4453-990c-c6add342dcda,dfda52a3-01e6-4456-b139-f5a74d69cdd3,P23,A,0,4.0,4.0,6.019,0.09597,0.55556,0.45958,0.9,0.715,1.5,0.2441,4.244,0.244,-9.617259082879165e-05
C_P1.5_N5,b4436f08-ef01-4453-990c-c6add342dcda,0afcfd8d-0965-4364-a90e-c1872c47c12c,P04,B,1,4.037,6.019,4.0,0.90403,0.44444,-0.45958,0.9,0.715,1.5,-0.2441,3.793,-0.244,9.617259082879165e-05
C_P1.5_N5,b4436f08-ef01-4453-990c-c6add342dcda,20067ed8-879d-470d-9fdf-138b78039ac3,P08,B,0,8.0,6.019,4.0,0.90403,0.44444,-0.45958,0.9,0.715,1.5,-0.2441,7.756,-0.244,9.617259082879165e-05
C_P1.5_N5,a6397938-05cc-4785-9ec8-bb010355c9da,20067ed8-879d-470d-9fdf-138b78039ac3,P08,A,1,7.756,5.878,2.982,0.96152,0.375,-0.58652,0.9,0.715,1.5,-0.31152,7.444,-0.312,-0.0004840675995597008
C_P1.5_N5,a6397938-05cc-4785-9ec8-bb010355c9da,d4acf5d8-317e-4564-8170-8fe09e6aa115,P22,A,0,4.0,5.878,2.982,0.96152,0.375,-0.58652,0.9,0.715,1.5,-0.31152,3.688,-0.312,-0.0004840675995597008
C_P1.5_N5,a6397938-05cc-4785-9ec8-bb010355c9da,27f6c2fe-4682-46a5-a2a2-4962a0d9776e,P10,B,1,3.963,2.982,5.878,0.03848,0.625,0.58652,0.9,0.715,1.5,0.31152,4.275,0.312,0.0004840675995597008
C_P1.5_N5,a6397938-05cc-4785-9ec8-bb010355c9da,524889fc-4f50-41bb-b22b-cd5046ba728d,P15,B,1,2.0,2.982,5.878,0.03848,0.625,0.58652,0.9,0.715,1.5,0.31152,2.312,0.312,0.0004840675995597008
C_P1.5_N5,9a0d536d-702f-4764-b2b8-fc5a69a6b9de,0afcfd8d-0965-4364-a90e-c1872c47c12c,P04,A,2,3.793,3.773,4.015,0.43318,0.34783,-0.08535,0.9,0.715,1.5,-0.04533,3.748,-0.045,0.00033373595854983287
C_P1.5_N5,9a0d536d-702f-4764-b2b8-fc5a69a6b9de,23c1639d-675f-4b9a-a331-3ce419306a6a,P09,A,1,3.752,3.773,4.015,0.43318,0.34783,-0.08535,0.9,0.715,1.5,-0.04533,3.707,-0.045,0.00033373595854983287
C_P1.5_N5,9a0d536d-702f-4764-b2b8-fc5a69a6b9de,dfda52a3-01e6-4456-b139-f5a74d69cdd3,P23,B,1,4.244,4.015,3.773,0.56682,0.65217,0.08535,0.9,0.715,1.5,0.04533,4.289,0.045,-0.00033373595854983287
C_P1.5_N5,9a0d536d-702f-4764-b2b8-fc5a69a6b9de,ed66b898-95e9-4f5c-a69c-df19b9c6da3c,P25,B,2,3.785,4.015,3.773,0.56682,0.65217,0.08535,0.9,0.715,1.5,0.04533,3.83,0.045,-0.00033373595854983287
C_P1.5_N5,6e504b4c-8034-4fbb-8e80-dc612f3fde9a,8e7929b9-007e-42c3-aa3f-003d3f4df78f,P17,A,0,4.0,3.576,3.223,0.59682,0.4,-0.19682,0.9,0.715,1.5,-0.10454,3.895,-0.105,-0.0004648312296438421
C_P1.5_N5,6e504b4c-8034-4fbb-8e80-dc612f3fde9a,b5146cb1-84e0-4690-a7ae-d6256b33586c,P20,A,1,3.152,3.576,3.223,0.59682,0.4,-0.19682,0.9,0.715,1.5,-0.10454,3.047,-0.105,-0.0004648312296438421
C_P1.5_N5,6e504b4c-8034-4fbb-8e80-dc612f3fde9a,0fa0a889-795e-4185-8e11-61e0c1f1929b,P05,B,2,4.347,3.223,3.576,0.40318,0.6,0.19682,0.9,0.715,1.5,0.10454,4.452,0.105,0.0004648312296438421
C_P1.5_N5,6e504b4c-8034-4fbb-8e80-dc612f3fde9a,4952b344-b938-4d7f-9799-ddf405dcf72a,P14,B,1,2.099,3.223,3.576,0.40318,0.6,0.19682,0.9,0.715,1.5,0.10454,2.204,0.105,0.0004648312296438421
C_P1.5_N5,883f6955-cf07-44f4-bf2a-d0eaab7996eb,33f9b461-e8d9-49f7-b81f-f472e956c93f,P13,A,1,4.244,3.278,4.882,0.14403,0.46429,0.32026,0.9,0.715,1.5,0.1701,4.414,0.17,-9.71104957274711e-05
C_P1.5_N5,883f6955-cf07-44f4-bf2a-d0eaab7996eb,524889fc-4f50-41bb-b22b-cd5046ba728d,P15,A,2,2.312,3.278,4.882,0.14403,0.46429,0.32026,0.9,0.715,1.5,0.1701,2.482,0.17,-9.71104957274711e-05
C_P1.5_N5,883f6955-cf07-44f4-bf2a-d0eaab7996eb,28656f69-2ade-488b-b07a-037fb9bfa311,P11,B,1,3.963,4.882,3.278,0.85597,0.53571,-0.32026,0.9,0.715,1.5,-0.1701,3.793,-0.17,9.71104957274711e-05
C_P1.5_N5,883f6955-cf07-44f4-bf2a-d0eaab7996eb,9313bcbf-e559-499a-9658-b277050b37ca,P19,B,1,5.801,4.882,3.278,0.85597,0.53571,-0.32026,0.9,0.715,1.5,-0.1701,5.631,-0.17,9.71104957274711e-05
C_P1.5_N5,b5e0ebeb-d305-4950-b919-9bbc8fea9607,0afcfd8d-0965-4364-a90e-c1872c47c12c,P04,A,3,3.748,3.728,4.174,0.37859,0.4,0.02141,0.9,0.715,1.5,0.01137,3.759,0.011,-0.0003737210960756642
C_P1.5_N5,b5e0ebeb-d305-4950-b919-9bbc8fea9607,23c1639d-675f-4b9a-a331-3ce419306a6a,P09,A,2,3.707,3.728,4.174,0.37859,0.4,0.02141,0.9,0.715,1.5,0.01137,3.718,0.011,-0.0003737210960756642
C_P1.5_N5,b5e0ebeb-d305-4950-b919-9bbc8fea9607,0fa0a889-795e-4185-8e11-61e0c1f1929b,P05,B,3,4.452,4.174,3.728,0.62141,0.6,-0.02141,0.9,0.715,1.5,-0.01137,4.441,-0.011,0.0003737210960756642
C_P1.5_N5,b5e0ebeb-d305-4950-b919-9bbc8fea9607,8e7929b9-007e-42c3-aa3f-003d3f4df78f,P17,B,1,3.895,4.174,3.728,0.62141,0.6,-0.02141,0.9,0.715,1.5,-0.01137,3.884,-0.011,0.0003737210960756642
C_P1.5_N5,3a78a214-ca47-477b-a512-93a45b0f6681,1f2d89a9-f3fa-41f6-982c-74b37b29581b,P07,A,0,4.0,4.0,3.786,0.55917,0.42308,-0.13609,0.9,0.715,1.5,-0.07228,3.928,-0.072,0.00028059514519100366
C_P1.5_N5,3a78a214-ca47-477b-a512-93a45b0f6681,32b0e88b-e994-4b10-bf2e-4086a731c027,P12,A,0,4.0,4.0,3.786,0.55917,0.42308,-0.13609,0.9,0.715,1.5,-0.07228,3.928,-0.072,0.00028059514519100366
C_P1.5_N5,3a78a214-ca47-477b-a512-93a45b0f6681,8e7929b9-007e-42c3-aa3f-003d3f4df78f,P17,B,2,3.884,3.786,4.0,0.44083,0.57692,0.13609,0.9,0.715,1.5,0.07228,3.956,0.072,-0.00028059514519100366
C_P1.5_N5,3a78a214-ca47-477b-a512-93a45b0f6681,d4acf5d8-317e-4564-8170-8fe09e6aa115,P22,B,1,3.688,3.786,4.0,0.44083,0.57692,0.13609,0.9,0.715,1.5,0.07228,3.76,0.072,-0.00028059514519100366
C_P1.5_N5,499be5f8-602c-4641-abc1-b5e7a5fbe4e8,1f2d89a9-f3fa-41f6-982c-74b37b29581b,P07,A,1,3.928,3.928,3.858,0.51943,0.42308,-0.09636,0.9,0.715,1.5,-0.05118,3.877,-0.051,0.00017821857446947536
C_P1.5_N5,499be5f8-602c-4641-abc1-b5e7a5fbe4e8,32b0e88b-e994-4b10-bf2e-4086a731c027,P12,A,1,3.928,3.928,3.858,0.51943,0.42308,-0.09636,0.9,0.715,1.5,-0.05118,3.877,-0.051,0.00017821857446947536
C_P1.5_N5,499be5f8-602c-4641-abc1-b5e7a5fbe4e8,8e7929b9-007e-42c3-aa3f-003d3f4df78f,P17,B,3,3.956,3.858,3.928,0.48057,0.57692,0.09636,0.9,0.715,1.5,0.05118,4.007,0.051,-0.00017821857446947536
C_P1.5_N5,499be5f8-602c-4641-abc1-b5e7a5fbe4e8,d4acf5d8-317e-4564-8170-8fe09e6aa115,P22,B,2,3.76,3.858,3.928,0.48057,0.57692,0.09636,0.9,0.715,1.5,0.05118,3.811,0.051,-0.00017821857446947536
C_P1.5_N5,96c408c2-df56-4284-83da-fa8f0174230f,1f2d89a9-f3fa-41f6-982c-74b37b29581b,P07,A,2,3.877,4.083,6.538,0.06139,0.57692,0.51554,0.9,0.715,1.5,0.27382,4.151,0.274,0.00018419224128777732
C_P1.5_N5,96c408c2-df56-4284-83da-fa8f0174230f,dfda52a3-01e6-4456-b139-f5a74d69cdd3,P23,A,2,4.289,4.083,6.538,0.06139,0.57692,0.51554,0.9,0.715,1.5,0.27382,4.563,0.274,0.00018419224128777732
C_P1.5_N5,96c408c2-df56-4284-83da-fa8f0174230f,20067ed8-879d-470d-9fdf-138b78039ac3,P08,B,2,7.444,6.538,4.083,0.93861,0.42308,-0.51554,0.9,0.715,1.5,-0.27382,7.17,-0.274,-0.00018419224128777732
C_P1.5_N5,96c408c2-df56-4284-83da-fa8f0174230f,9313bcbf-e559-499a-9658-b277050b37ca,P19,B,2,5.631,6.538,4.083,0.93861,0.42308,-0.51554,0.9,0.715,1.5,-0.27382,5.357,-0.274,-0.00018419224128777732
C_P1.5_N5,4b747051-fdbe-44eb-9098-1615dbf2bf65,23c1639d-675f-4b9a-a331-3ce419306a6a,P09,A,3,3.718,3.756,4.053,0.41824,0.625,0.20676,0.9,0.715,1.5,0.10982,3.828,0.11,0.00018444992866041741
C_P1.5_N5,4b747051-fdbe-44eb-9098-1615dbf2bf65,28656f69-2ade-488b-b07a-037fb9bfa311,P11,A,2,3.793,3.756,4.053,0.41824,0.625,0.20676,0.9,0.715,1.5,0.10982,3.903,0.11,0.00018444992866041741
C_P1.5_N5,4b747051-fdbe-44eb-9098-1615dbf2bf65,27f6c2fe-4682-46a5-a2a2-4962a0d9776e,P10,B,2,4.275,4.053,3.756,0.58176,0.375,-0.20676,0.9,0.715,1.5,-0.10982,4.165,-0.11,-0.00018444992866041741
C_P1.5_N5,4b747051-fdbe-44eb-9098-1615dbf2bf65,ed66b898-95e9-4f5c-a69c-df19b9c6da3c,P25,B,3,3.83,4.053,3.756,0.58176,0.375,-0.20676,0.9,0.715,1.5,-0.10982,3.72,-0.11,-0.00018444992866041741
C_P1.5_N5,eef05cfd-1a64-496e-aea4-8428df9c3b9b,20067ed8-879d-470d-9fdf-138b78039ac3,P08,A,3,7.17,6.264,4.161,0.91182,0.4,-0.51182,0.9,0.715,1.5,-0.27184,6.898,-0.272,-0.00015634486501870626
C_P1.5_N5,eef05cfd-1a64-496e-aea4-8428df9c3b9b,9313bcbf-e559-499a-9658-b277050b37ca,P19,A,3,5.357,6.264,4.161,0.91182,0.4,-0.51182,0.9,0.715,1.5,-0.27184,5.085,-0.272,-0.00015634486501870626
C_P1.5_N5,eef05cfd-1a64-496e-aea4-8428df9c3b9b,0afcfd8d-0965-4364-a90e-c1872c47c12c,P04,B,4,3.759,4.161,6.264,0.08818,0.6,0.51182,0.9,0.715,1.5,0.27184,4.031,0.272,0.00015634486501870626
C_P1.5_N5,eef05cfd-1a64-496e-aea4-8428df9c3b9b,dfda52a3-01e6-4456-b139-f5a74d69cdd3,P23,B,3,4.563,4.161,6.264,0.08818,0.6,0.51182,0.9,0.715,1.5,0.27184,4.835,0.272,0.00015634486501870626
C_P1.5_N5,6a01d571-bf2d-4b08-ab63-53d3b764ac65,1f2d89a9-f3fa-41f6-982c-74b37b29581b,P07,A,3,4.151,4.283,3.799,0.6313,0.625,-0.0063,0.9,0.715,1.5,-0.00334,4.148,-0.003,0.0003436168377937328
C_P1.5_N5,6a01d571-bf2d-4b08-ab63-53d3b764ac65,33f9b461-e8d9-49f7-b81f-f472e956c93f,P13,A,2,4.414,4.283,3.799,0.6313,0.625,-0.0063,0.9,0.715,1.5,-0.00334,4.411,-0.003,0.0003436168377937328
C_P1.5_N5,6a01d571-bf2d-4b08-ab63-53d3b764ac65,32b0e88b-e994-4b10-bf2e-4086a731c027,P12,B,2,3.877,3.799,4.283,0.3687,0.375,0.0063,0.9,0.715,1.5,0.00334,3.88,0.003,-0.0003436168377937328
C_P1.5_N5,6a01d571-bf2d-4b08-ab63-53d3b764ac65,ed66b898-95e9-4f5c-a69c-df19b9c6da3c,P25,B,4,3.72,3.799,4.283,0.3687,0.375,0.0063,0.9,0.715,1.5,0.00334,3.723,0.003,-0.0003436168377937328
C_P1.5_N5,87ba212a-bccc-4be6-92ed-8495c8c0d886,20067ed8-879d-470d-9fdf-138b78039ac3,P08,A,4,6.898,5.363,3.988,0.82168,0.55556,-0.26613,0.9,0.715,1.5,-0.14135,6.757,-0.141,0.00034645961186644165
C_P1.5_N5,87ba212a-bccc-4be6-92ed-8495c8c0d886,23c1639d-675f-4b9a-a331-3ce419306a6a,P09,A,4,3.828,5.363,3.988,0.82168,0.55556,-0.26613,0.9,0.715,1.5,-0.14135,3.687,-0.141,0.00034645961186644165
C_P1.5_N5,87ba212a-bccc-4be6-92ed-8495c8c0d886,27f6c2fe-4682-46a5-a2a2-4962a0d9776e,P10,B,3,4.165,3.988,5.363,0.17832,0.44444,0.26613,0.9,0.715,1.5,0.14135,4.306,0.141,-0.00034645961186644165
C_P1.5_N5,87ba212a-bccc-4be6-92ed-8495c8c0d886,d4acf5d8-317e-4564-8170-8fe09e6aa115,P22,B,3,3.811,3.988,5.363,0.17832,0.44444,0.26613,0.9,0.715,1.5,0.14135,3.952,0.141,-0.00034645961186644165
C_P1.5_N5,9127f50f-f412-4a40-856c-e14097646b7d,27f6c2fe-4682-46a5-a2a2-4962a0d9776e,P10,A,4,4.306,4.105,3.865,0.56614,0.46429,-0.10185,0.9,0.776,1.5,-0.05865,4.247,-0.059,-0.0003471231406564079
C_P1.5_N5,9127f50f-f412-4a40-856c-e14097646b7d,28656f69-2ade-488b-b07a-037fb9bfa311,P11,A,3,3.903,4.105,3.865,0.56614,0.46429,-0.10185,0.9,0.776,1.5,-0.05865,3.844,-0.059,-0.0003471231406564079
C_P1.5_N5,9127f50f-f412-4a40-856c-e14097646b7d,8e7929b9-007e-42c3-aa3f-003d3f4df78f,P17,B,4,4.007,3.865,4.105,0.43386,0.53571,0.10185,0.9,0.776,1.5,0.05865,4.066,0.059,0.0003471231406564079
C_P1.5_N5,9127f50f-f412-4a40-856c-e14097646b7d,ed66b898-95e9-4f5c-a69c-df19b9c6da3c,P25,B,5,3.723,3.865,4.105,0.43386,0.53571,0.10185,0.9,0.776,1.1,0.04301,3.766,0.043,-1.2109696851967518e-05
C_P1.5_N5,fbeddd53-0142-48f1-afa4-8c984b028c2b,0afcfd8d-0965-4364-a90e-c1872c47c12c,P04,A,5,4.031,3.539,5.222,0.13354,1.0,0.86646,0.9,0.776,1.1,0.35,4.381,0.35,0.0
C_P1.5_N5,fbeddd53-0142-48f1-afa4-8c984b028c2b,b5146cb1-84e0-4690-a7ae-d6256b33586c,P20,A,2,3.047,3.539,5.222,0.13354,1.0,0.86646,0.9,0.776,1.5,0.35,3.397,0.35,0.0
C_P1.5_N5,fbeddd53-0142-48f1-afa4-8c984b028c2b,20067ed8-879d-470d-9fdf-138b78039ac3,P08,B,5,6.757,5.222,3.539,0.86646,0.0,-0.86646,0.9,0.776,1.1,-0.35,6.407,-0.35,0.0
C_P1.5_N5,fbeddd53-0142-48f1-afa4-8c984b028c2b,23c1639d-675f-4b9a-a331-3ce419306a6a,P09,B,5,3.687,5.222,3.539,0.86646,0.0,-0.86646,0.9,0.776,1.1,-0.35,3.337,-0.35,0.0
C_P1.5_N5,d782326c-6b6b-48cc-bb4e-4823eb5d1a11,33f9b461-e8d9-49f7-b81f-f472e956c93f,P13,A,3,4.411,4.206,3.52,0.68184,0.83333,0.1515,0.9,0.776,1.5,0.08724,4.498,0.087,-0.0002416275812897245
C_P1.5_N5,d782326c-6b6b-48cc-bb4e-4823eb5d1a11,cb2d6d92-3c1d-453d-aa65-79ca040d61f3,P21,A,0,4.0,4.206,3.52,0.68184,0.83333,0.1515,0.9,0.776,1.5,0.08724,4.087,0.087,-0.0002416275812897245
C_P1.5_N5,d782326c-6b6b-48cc-bb4e-4823eb5d1a11,4952b344-b938-4d7f-9799-ddf405dcf72a,P14,B,2,2.204,3.52,4.206,0.31816,0.16667,-0.1515,0.9,0.776,1.5,-0.08724,2.117,-0.087,0.0002416275812897245
C_P1.5_N5,d782326c-6b6b-48cc-bb4e-4823eb5d1a11,dfda52a3-01e6-4456-b139-f5a74d69cdd3,P23,B,4,4.835,3.52,4.206,0.31816,0.16667,-0.1515,0.9,0.776,1.5,-0.08724,4.748,-0.087,0.0002416275812897245
C_P1.5_N5,4444b26a-6932-440a-864e-029dd40a37d0,0fa0a889-795e-4185-8e11-61e0c1f1929b,P05,A,4,4.441,3.919,4.426,0.3629,0.375,0.0121,0.9,0.776,1.5,0.00697,4.448,0.007,3.493132990430142e-05
C_P1.5_N5,4444b26a-6932-440a-864e-029dd40a37d0,b5146cb1-84e0-4690-a7ae-d6256b33586c,P20,A,3,3.397,3.919,4.426,0.3629,0.375,0.0121,0.9,0.776,1.5,0.00697,3.404,0.007,3.493132990430142e-05
C_P1.5_N5,4444b26a-6932-440a-864e-029dd40a37d0,9313bcbf-e559-499a-9658-b277050b37ca,P19,B,4,5.085,4.426,3.919,0.6371,0.625,-0.0121,0.9,0.776,1.5,-0.00697,5.078,-0.007,-3.493132990430142e-05
C_P1.5_N5,4444b26a-6932-440a-864e-029dd40a37d0,ed66b898-95e9-4f5c-a69c-df19b9c6da3c,P25,B,6,3.766,4.426,3.919,0.6371,0.625,-0.0121,0.9,0.776,1.1,-0.00511,3.761,-0.005,0.00010771702473684563
C_P1.5_N5,eba3e49a-f356-41a6-9b31-02e74c37e3dd,091f312a-207f-4cea-9d57-437a614affde,P01,A,0,3.5,3.783,4.046,0.4276,0.46429,0.03669,0.9,0.776,1.5,0.02113,3.521,0.021,-0.0001282945252556947
C_P1.5_N5,eba3e49a-f356-41a6-9b31-02e74c37e3dd,8e7929b9-007e-42c3-aa3f-003d3f4df78f,P17,A,5,4.066,3.783,4.046,0.4276,0.46429,0.03669,0.9,0.776,1.1,0.01549,4.081,0.015,-0.0004940826518541761
C_P1.5_N5,eba3e49a-f356-41a6-9b31-02e74c37e3dd,27f6c2fe-4682-46a5-a2a2-4962a0d9776e,P10,B,5,4.247,4.046,3.783,0.5724,0.53571,-0.03669,0.9,0.776,1.1,-0.01549,4.232,-0.015,0.0004940826518541761
C_P1.5_N5,eba3e49a-f356-41a6-9b31-02e74c37e3dd,28656f69-2ade-488b-b07a-037fb9bfa311,P11,B,4,3.844,4.046,3.783,0.5724,0.53571,-0.03669,0.9,0.776,1.5,-0.02113,3.823,-0.021,0.0001282945252556947
C_P1.5_N5,42f76a99-1849-4db1-b133-f5f0db458291,091f312a-207f-4cea-9d57-437a614affde,P01,A,1,3.521,3.804,4.092,0.42068,0.71429,0.29361,0.9,0.776,1.5,0.16908,3.69,0.169,-7.896719091016679e-05
C_P1.5_N5,42f76a99-1849-4db1-b133-f5f0db458291,cb2d6d92-3c1d-453d-aa65-79ca040d61f3,P21,A,1,4.087,3.804,4.092,0.42068,0.71429,0.29361,0.9,0.776,1.5,0.16908,4.256,0.169,-7.896719091016679e-05
C_P1.5_N5,42f76a99-1849-4db1-b133-f5f0db458291,27f6c2fe-4682-46a5-a2a2-4962a0d9776e,P10,B,6,4.232,4.092,3.804,0.57932,0.28571,-0.29361,0.9,0.776,1.1,-0.12399,4.108,-0.124,-8.757393332544352e-06
C_P1.5_N5,42f76a99-1849-4db1-b133-f5f0db458291,d4acf5d8-317e-4564-8170-8fe09e6aa115,P22,B,4,3.952,4.092,3.804,0.57932,0.28571,-0.29361,0.9,0.776,1.5,-0.16908,3.783,-0.169,7.896719091016679e-05
C_P1.5_N5,a7d12f06-65d8-4881-9c89-1a96aaf41eec,0996ee22-e381-45db-90c2-1863869a244e,P02,A,0,4.0,4.041,4.451,0.38804,0.6,0.21196,0.9,0.776,1.5,0.12206,4.122,0.122,-5.941218285344786e-05
C_P1.5_N5,a7d12f06-65d8-4881-9c89-1a96aaf41eec,8e7929b9-007e-42c3-aa3f-003d3f4df78f,P17,A,6,4.081,4.041,4.451,0.38804,0.6,0.21196,0.9,0.776,1.1,0.08951,4.171,0.09,0.0004897643992408049
C_P1.5_N5,a7d12f06-65d8-4881-9c89-1a96aaf41eec,28656f69-2ade-488b-b07a-037fb9bfa311,P11,B,5,3.823,4.451,4.041,0.61196,0.4,-0.21196,0.9,0.776,1.1,-0.08951,3.733,-0.09,-0.0004897643992408049
C_P1.5_N5,a7d12f06-65d8-4881-9c89-1a96aaf41eec,9313bcbf-e559-499a-9658-b277050b37ca,P19,B,5,5.078,4.451,4.041,0.61196,0.4,-0.21196,0.9,0.776,1.1,-0.08951,4.988,-0.09,-0.0004897643992408049
C_P1.5_N5,6b1b6b0c-f639-4cde-9dc9-a7993eb52dd0,091f312a-207f-4cea-9d57-437a614affde,P01,A,2,3.69,4.339,4.323,0.50444,0.44444,-0.06,0.9,0.776,1.5,-0.03455,3.655,-0.035,-0.00044831783579557706
C_P1.5_N5,6b1b6b0c-f639-4cde-9dc9-a7993eb52dd0,9313bcbf-e559-499a-9658-b277050b37ca,P19,A,6,4.988,4.339,4.323,0.50444,0.44444,-0.06,0.9,0.776,1.1,-0.02534,4.963,-0.025,0.00033790025374991016
C_P1.5_N5,6b1b6b0c-f639-4cde-9dc9-a7993eb52dd0,1f2d89a9-f3fa-41f6-982c-74b37b29581b,P07,B,4,4.148,4.323,4.339,0.49556,0.55556,0.06,0.9,0.776,1.5,0.03455,4.183,0.035,0.00044831783579557706
C_P1.5_N5,6b1b6b0c-f639-4cde-9dc9-a7993eb52dd0,33f9b461-e8d9-49f7-b81f-f472e956c93f,P13,B,4,4.498,4.323,4.339,0.49556,0.55556,0.06,0.9,0.776,1.5,0.03455,4.533,0.035,0.00044831783579557706
C_P1.5_N5,c9a88ea7-fe59-404d-8266-d011389186e8,d4acf5d8-317e-4564-8170-8fe09e6aa115,P22,A,5,3.783,4.266,3.821,0.62115,0.55556,-0.0656,0.9,0.776,1.1,-0.0277,3.755,-0.028,-0.00029830930579687135
C_P1.5_N5,c9a88ea7-fe59-404d-8266-d011389186e8,dfda52a3-01e6-4456-b139-f5a74d69cdd3,P23,A,5,4.748,4.266,3.821,0.62115,0.55556,-0.0656,0.9,0.776,1.1,-0.0277,4.72,-0.028,-0.00029830930579687135
C_P1.5_N5,c9a88ea7-fe59-404d-8266-d011389186e8,32b0e88b-e994-4b10-bf2e-4086a731c027,P12,B,3,3.88,3.821,4.266,0.37885,0.44444,0.0656,0.9,0.776,1.5,0.03778,3.918,0.038,0.00022496723517755187
C_P1.5_N5,c9a88ea7-fe59-404d-8266-d011389186e8,ed66b898-95e9-4f5c-a69c-df19b9c6da3c,P25,B,7,3.761,3.821,4.266,0.37885,0.44444,0.0656,0.9,0.776,1.1,0.0277,3.789,0.028,0.00029830930579687135
C_P1.5_N5,21bb139e-0201-4ffb-a7de-b50fbf708f58,9313bcbf-e559-499a-9658-b277050b37ca,P19,A,7,4.963,4.61,4.086,0.64158,0.46429,-0.17729,0.9,0.776,1.1,-0.07487,4.888,-0.075,-0.00012937182938062657
C_P1.5_N5,21bb139e-0201-4ffb-a7de-b50fbf708f58,cb2d6d92-3c1d-453d-aa65-79ca040d61f3,P21,A,2,4.256,4.61,4.086,0.64158,0.46429,-0.17729,0.9,0.776,1.5,-0.1021,4.154,-0.102,9.631114175369104e-05
C_P1.5_N5,21bb139e-0201-4ffb-a7de-b50fbf708f58,09db6874-adc0-46f0-82f7-83cd372cc1f5,P03,B,0,4.0,4.086,4.61,0.35842,0.53571,0.17729,0.9,0.776,1.5,0.1021,4.102,0.102,-9.631114175369104e-05
C_P1.5_N5,21bb139e-0201-4ffb-a7de-b50fbf708f58,8e7929b9-007e-42c3-aa3f-003d3f4df78f,P17,B,7,4.171,4.086,4.61,0.35842,0.53571,0.17729,0.9,0.776,1.1,0.07487,4.246,0.075,0.00012937182938062657
C_P1.5_N5,8982d3cf-5276-491f-8ede-8d0417715df0,09db6874-adc0-46f0-82f7-83cd372cc1f5,P03,A,1,4.102,4.051,5.098,0.23806,0.5,0.26194,0.9,0.812,1.5,0.15797,4.26,0.158,2.5949813392729166e-05
C_P1.5_N5,8982d3cf-5276-491f-8ede-8d0417715df0,8fa5441d-1934-4810-af86-a11ee051e58f,P18,A,0,4.0,4.051,5.098,0.23806,0.5,0.26194,0.9,0.812,1.5,0.15797,4.158,0.158,2.5949813392729166e-05
C_P1.5_N5,8982d3cf-5276-491f-8ede-8d0417715df0,20067ed8-879d-470d-9fdf-138b78039ac3,P08,B,6,6.407,5.098,4.051,0.76194,0.5,-0.26194,0.9,0.812,1.1,-0.11585,6.291,-0.116,-0.00015236319648800138
C_P1.5_N5,8982d3cf-5276-491f-8ede-8d0417715df0,ed66b898-95e9-4f5c-a69c-df19b9c6da3c,P25,B,8,3.789,5.098,4.051,0.76194,0.5,-0.26194,0.9,0.812,1.1,-0.11585,3.673,-0.116,-0.00015236319648800138
C_P1.5_N5,db80fefe-8363-444b-9403-b71ecae8b453,20067ed8-879d-470d-9fdf-138b78039ac3,P08,A,7,6.291,5.105,3.932,0.7864,0.6,-0.1864,0.9,0.841,1.1,-0.08534,6.206,-0.085,0.00034452701321363696
C_P1.5_N5,db80fefe-8363-444b-9403-b71ecae8b453,32b0e88b-e994-4b10-bf2e-4086a731c027,P12,A,4,3.918,5.105,3.932,0.7864,0.6,-0.1864,0.9,0.841,1.5,-0.11638,3.802,-0.116,0.0003789004725640504
C_P1.5_N5,db80fefe-8363-444b-9403-b71ecae8b453,27f6c2fe-4682-46a5-a2a2-4962a0d9776e,P10,B,7,4.108,3.932,5.105,0.2136,0.4,0.1864,0.9,0.841,1.1,0.08534,4.193,0.085,-0.00034452701321363696
C_P1.5_N5,db80fefe-8363-444b-9403-b71ecae8b453,d4acf5d8-317e-4564-8170-8fe09e6aa115,P22,B,6,3.755,3.932,5.105,0.2136,0.4,0.1864,0.9,0.841,1.1,0.08534,3.84,0.085,-0.00034452701321363696
C_P1.5_N5,08ad6e83-1698-4b9e-8b11-9e80ac10a9b4,20067ed8-879d-470d-9fdf-138b78039ac3,P08,A,8,6.206,4.162,3.963,0.55492,0.4,-0.15492,0.9,0.841,1.1,-0.07093,6.135,-0.071,-6.869842543951272e-05
C_P1.5_N5,08ad6e83-1698-4b9e-8b11-9e80ac10a9b4,4952b344-b938-4d7f-9799-ddf405dcf72a,P14,A,3,2.117,4.162,3.963,0.55492,0.4,-0.15492,0.9,0.841,1.5,-0.09672,2.02,-0.097,-0.0002754978528720628
C_P1.5_N5,08ad6e83-1698-4b9e-8b11-9e80ac10a9b4,27f6c2fe-4682-46a5-a2a2-4962a0d9776e,P10,B,8,4.193,3.963,4.162,0.44508,0.6,0.15492,0.9,0.841,1.1,0.07093,4.264,0.071,6.869842543951272e-05
C_P1.5_N5,08ad6e83-1698-4b9e-8b11-9e80ac10a9b4,28656f69-2ade-488b-b07a-037fb9bfa311,P11,B,6,3.733,3.963,4.162,0.44508,0.6,0.15492,0.9,0.841,1.1,0.07093,3.804,0.071,6.869842543951272e-05
C_P1.5_N5,e20b223e-f0bd-4bea-adb8-40d1c0ba3083,0afcfd8d-0965-4364-a90e-c1872c47c12c,P04,A,6,4.381,5.258,4.034,0.79576,0.57692,-0.21884,0.9,0.841,1.1,-0.1002,4.281,-0.1,0.00019830735828047828
C_P1.5_N5,e20b223e-f0bd-4bea-adb8-40d1c0ba3083,20067ed8-879d-470d-9fdf-138b78039ac3,P08,A,9,6.135,5.258,4.034,0.79576,0.57692,-0.21884,0.9,0.841,1.1,-0.1002,6.035,-0.1,0.00019830735828047828
C_P1.5_N5,e20b223e-f0bd-4bea-adb8-40d1c0ba3083,27f6c2fe-4682-46a5-a2a2-4962a0d9776e,P10,B,9,4.264,4.034,5.258,0.20424,0.42308,0.21884,0.9,0.841,1.1,0.1002,4.364,0.1,-0.00019830735828047828
C_P1.5_N5,e20b223e-f0bd-4bea-adb8-40d1c0ba3083,28656f69-2ade-488b-b07a-037fb9bfa311,P11,B,7,3.804,4.034,5.258,0.20424,0.42308,0.21884,0.9,0.841,1.1,0.1002,3.904,0.1,-0.00019830735828047828
C_P1.5_N5,46e90da0-e642-4e9c-bc75-17b4b6b5596f,091f312a-207f-4cea-9d57-437a614affde,P01,A,3,3.655,4.272,4.365,0.47419,0.44444,-0.02975,0.9,0.841,1.5,-0.01857,3.636,-0.019,-0.0004281303257582471
C_P1.5_N5,46e90da0-e642-4e9c-bc75-17b4b6b5596f,9313bcbf-e559-499a-9658-b277050b37ca,P19,A,8,4.888,4.272,4.365,0.47419,0.44444,-0.02975,0.9,0.841,1.1,-0.01362,4.874,-0.014,-0.00038062890555604783
C_P1.5_N5,46e90da0-e642-4e9c-bc75-17b4b6b5596f,0afcfd8d-0965-4364-a90e-c1872c47c12c,P04,B,7,4.281,4.365,4.272,0.52581,0.55556,0.02975,0.9,0.841,1.1,0.01362,4.295,0.014,0.00038062890555604783
C_P1.5_N5,46e90da0-e642-4e9c-bc75-17b4b6b5596f,0fa0a889-795e-4185-8e11-61e0c1f1929b,P05,B,5,4.448,4.365,4.272,0.52581,0.55556,0.02975,0.9,0.841,1.1,0.01362,4.462,0.014,0.00038062890555604783
C_P1.5_N5,9ccc3f52-a4d5-4b07-9518-34a896671e8a,8e7929b9-007e-42c3-aa3f-003d3f4df78f,P17,A,8,4.246,3.825,4.134,0.415,0.46429,0.04929,0.9,0.841,1.1,0.02257,4.269,0.023,0.0004336430323438587
C_P1.5_N5,9ccc3f52-a4d5-4b07-9518-34a896671e8a,b5146cb1-84e0-4690-a7ae-d6256b33586c,P20,A,4,3.404,3.825,4.134,0.415,0.46429,0.04929,0.9,0.841,1.5,0.03077,3.435,0.031,0.0002276950441052619
C_P1.5_N5,9ccc3f52-a4d5-4b07-9518-34a896671e8a,27f6c2fe-4682-46a5-a2a2-4962a0d9776e,P10,B,10,4.364,4.134,3.825,0.585,0.53571,-0.04929,0.9,0.841,1.0,-0.02051,4.343,-0.021,-0.00048513002940350796
C_P1.5_N5,9ccc3f52-a4d5-4b07-9518-34a896671e8a,28656f69-2ade-488b-b07a-037fb9bfa311,P11,B,8,3.904,4.134,3.825,0.585,0.53571,-0.04929,0.9,0.841,1.1,-0.02257,3.881,-0.023,-0.0004336430323438587
C_P1.5_N5,ee391d96-8de4-42ce-a205-c1cdfb456904,4952b344-b938-4d7f-9799-ddf405dcf72a,P14,A,4,2.02,3.447,4.168,0.30991,0.5,0.19009,0.9,0.841,1.5,0.11869,2.139,0.119,0.00031228034847073313
C_P1.5_N5,ee391d96-8de4-42ce-a205-c1cdfb456904,9313bcbf-e559-499a-9658-b277050b37ca,P19,A,9,4.874,3.447,4.168,0.30991,0.5,0.19009,0.9,0.841,1.1,0.08704,4.961,0.087,-3.7661077788129044e-05
C_P1.5_N5,ee391d96-8de4-42ce-a205-c1cdfb456904,32b0e88b-e994-4b10-bf2e-4086a731c027,P12,B,5,3.802,4.168,3.447,0.69009,0.5,-0.19009,0.9,0.841,1.1,-0.08704,3.715,-0.087,3.7661077788129044e-05
C_P1.5_N5,ee391d96-8de4-42ce-a205-c1cdfb456904,33f9b461-e8d9-49f7-b81f-f472e956c93f,P13,B,5,4.533,4.168,3.447,0.69009,0.5,-0.19009,0.9,0.841,1.1,-0.08704,4.446,-0.087,3.7661077788129044e-05
C_P1.5_N5,f3b149b5-28f9-4362-b063-42dcdfd9af4f,091f312a-207f-4cea-9d57-437a614affde,P01,A,4,3.636,3.966,4.403,0.38094,0.71429,0.33334,0.9,0.841,1.5,0.20813,3.844,0.208,-0.00012889206751322022
C_P1.5_N5,f3b149b5-28f9-4362-b063-42dcdfd9af4f,0afcfd8d-0965-4364-a90e-c1872c47c12c,P04,A,8,4.295,3.966,4.403,0.38094,0.71429,0.33334,0.9,0.841,1.1,0.15263,4.448,0.153,0.00037214581715697186
C_P1.5_N5,f3b149b5-28f9-4362-b063-42dcdfd9af4f,0fa0a889-795e-4185-8e11-61e0c1f1929b,P05,B,6,4.462,4.403,3.966,0.61906,0.28571,-0.33334,0.9,0.841,1.1,-0.15263,4.309,-0.153,-0.00037214581715697186
C_P1.5_N5,f3b149b5-28f9-4362-b063-42dcdfd9af4f,27f6c2fe-4682-46a5-a2a2-4962a0d9776e,P10,B,11,4.343,4.403,3.966,0.61906,0.28571,-0.33334,0.9,0.841,1.0,-0.13875,4.204,-0.139,-0.0002474052883245199
C_P1.5_N5,582ecfb9-c710-4531-b49d-78ccd3f000f7,32b0e88b-e994-4b10-bf2e-4086a731c027,P12,A,6,3.715,4.338,3.01,0.8139,0.71429,-0.09961,0.9,0.841,1.1,-0.04561,3.669,-0.046,-0.00038964312806225834
C_P1.5_N5,582ecfb9-c710-4531-b49d-78ccd3f000f7,9313bcbf-e559-499a-9658-b277050b37ca,P19,A,10,4.961,4.338,3.01,0.8139,0.71429,-0.09961,0.9,0.841,1.0,-0.04146,4.92,-0.041,0.00046396079267067424
C_P1.5_N5,582ecfb9-c710-4531-b49d-78ccd3f000f7,28656f69-2ade-488b-b07a-037fb9bfa311,P11,B,9,3.881,3.01,4.338,0.1861,0.28571,0.09961,0.9,0.841,1.1,0.04561,3.927,0.046,0.00038964312806225834
C_P1.5_N5,582ecfb9-c710-4531-b49d-78ccd3f000f7,4952b344-b938-4d7f-9799-ddf405dcf72a,P14,B,5,2.139,3.01,4.338,0.1861,0.28571,0.09961,0.9,0.841,1.1,0.04561,2.185,0.046,0.00038964312806225834
C_P1.5_N5,cc03e92d-6065-4561-9a3c-04717e8c9905,0fa0a889-795e-4185-8e11-61e0c1f1929b,P05,A,7,4.309,4.615,4.854,0.43386,0.6,0.16614,0.9,0.841,1.1,0.07607,4.385,0.076,-6.926281704215588e-05
C_P1.5_N5,cc03e92d-6065-4561-9a3c-04717e8c9905,9313bcbf-e559-499a-9658-b277050b37ca,P19,A,11,4.92,4.615,4.854,0.43386,0.6,0.16614,0.9,0.841,1.0,0.06915,4.989,0.069,-0.00015387528822014172
C_P1.5_N5,cc03e92d-6065-4561-9a3c-04717e8c9905,20067ed8-879d-470d-9fdf-138b78039ac3,P08,B,10,6.035,4.854,4.615,0.56614,0.4,-0.16614,0.9,0.841,1.0,-0.06915,5.966,-0.069,0.00015387528822014172
C_P1.5_N5,cc03e92d-6065-4561-9a3c-04717e8c9905,ed66b898-95e9-4f5c-a69c-df19b9c6da3c,P25,B,9,3.673,4.854,4.615,0.56614,0.4,-0.16614,0.9,0.841,1.1,-0.07607,3.597,-0.076,6.926281704215588e-05
C_P1.5_N5,cfbc251b-3ce2-41af-aac8-8943d8f1e396,0996ee22-e381-45db-90c2-1863869a244e,P02,A,1,4.122,4.196,3.914,0.5777,0.44444,-0.13325,0.9,0.841,1.5,-0.0832,4.039,-0.083,0.00019935965887239905
C_P1.5_N5,cfbc251b-3ce2-41af-aac8-8943d8f1e396,8e7929b9-007e-42c3-aa3f-003d3f4df78f,P17,A,9,4.269,4.196,3.914,0.5777,0.44444,-0.13325,0.9,0.841,1.1,-0.06101,4.208,-0.061,1.2863749839759302e-05
C_P1.5_N5,cfbc251b-3ce2-41af-aac8-8943d8f1e396,32b0e88b-e994-4b10-bf2e-4086a731c027,P12,B,7,3.669,3.914,4.196,0.4223,0.55556,0.13325,0.9,0.841,1.1,0.06101,3.73,0.061,-1.2863749839759302e-05
C_P1.5_N5,cfbc251b-3ce2-41af-aac8-8943d8f1e396,8fa5441d-1934-4810-af86-a11ee051e58f,P18,B,1,4.158,3.914,4.196,0.4223,0.55556,0.13325,0.9,0.841,1.5,0.0832,4.241,0.083,-0.00019935965887239905
C_P1.5_N5,eb6641d5-8f9d-4284-9b9f-8d09a46004dd,0996ee22-e381-45db-90c2-1863869a244e,P02,A,2,4.039,4.124,3.929,0.55396,0.625,0.07104,0.9,0.841,1.5,0.04436,4.083,0.044,-0.0003575820016608912
C_P1.5_N5,eb6641d5-8f9d-4284-9b9f-8d09a46004dd,8e7929b9-007e-42c3-aa3f-003d3f4df78f,P17,A,10,4.208,4.124,3.929,0.55396,0.625,0.07104,0.9,0.841,1.0,0.02957,4.238,0.03,0.00042827866555940585
C_P1.5_N5,eb6641d5-8f9d-4284-9b9f-8d09a46004dd,09db6874-adc0-46f0-82f7-83cd372cc1f5,P03,B,2,4.26,3.929,4.124,0.44604,0.375,-0.07104,0.9,0.841,1.5,-0.04436,4.216,-0.044,0.0003575820016608912
C_P1.5_N5,eb6641d5-8f9d-4284-9b9f-8d09a46004dd,ed66b898-95e9-4f5c-a69c-df19b9c6da3c,P25,B,10,3.597,3.929,4.124,0.44604,0.375,-0.07104,0.9,0.841,1.0,-0.02957,3.567,-0.03,-0.00042827866555940585
C_P1.5_N5,22635c77-8955-4f42-846b-ee2b2fb46872,09db6874-adc0-46f0-82f7-83cd372cc1f5,P03,A,3,4.216,3.892,3.837,0.51527,0.57692,0.06165,0.9,0.841,1.5,0.03849,4.254,0.038,-0.0004921710051070131
C_P1.5_N5,22635c77-8955-4f42-846b-ee2b2fb46872,ed66b898-95e9-4f5c-a69c-df19b9c6da3c,P25,A,11,3.567,3.892,3.837,0.51527,0.57692,0.06165,0.9,0.841,1.0,0.02566,3.593,0.026,0.0003385526632619913
C_P1.5_N5,22635c77-8955-4f42-846b-ee2b2fb46872,8e7929b9-007e-42c3-aa3f-003d3f4df78f,P17,B,11,4.238,3.837,3.892,0.48473,0.42308,-0.06165,0.9,0.841,1.0,-0.02566,4.212,-0.026,-0.0003385526632619913
C_P1.5_N5,22635c77-8955-4f42-846b-ee2b2fb46872,b5146cb1-84e0-4690-a7ae-d6256b33586c,P20,B,5,3.435,3.837,3.892,0.48473,0.42308,-0.06165,0.9,0.841,1.1,-0.02823,3.407,-0.028,0.00022759207041180961
C_P1.5_N5,8b5a8b8c-6a43-4782-8581-0a28f3244d65,20067ed8-879d-470d-9fdf-138b78039ac3,P08,A,11,5.966,4.78,4.35,0.61709,0.25,-0.36709,0.9,0.841,1.0,-0.1528,5.813,-0.153,-0.00020037118197191719
C_P1.5_N5,8b5a8b8c-6a43-4782-8581-0a28f3244d65,ed66b898-95e9-4f5c-a69c-df19b9c6da3c,P25,A,12,3.593,4.78,4.35,0.61709,0.25,-0.36709,0.9,0.841,1.0,-0.1528,3.44,-0.153,-0.00020037118197191719
C_P1.5_N5,8b5a8b8c-6a43-4782-8581-0a28f3244d65,09db6874-adc0-46f0-82f7-83cd372cc1f5,P03,B,4,4.254,4.35,4.78,0.38291,0.75,0.36709,0.9,0.841,1.5,0.2292,4.483,0.229,-0.00019944322704212424
C_P1.5_N5,8b5a8b8c-6a43-4782-8581-0a28f3244d65,33f9b461-e8d9-49f7-b81f-f472e956c93f,P13,B,6,4.446,4.35,4.78,0.38291,0.75,0.36709,0.9,0.841,1.1,0.16808,4.614,0.168,-7.95916998308911e-05
C_P1.5_N5,8afb7ce5-b3d5-4431-946b-4ddf97e7d426,20067ed8-879d-470d-9fdf-138b78039ac3,P08,A,12,5.813,4.627,4.229,0.60866,0.28571,-0.32294,0.9,0.841,1.0,-0.13442,5.679,-0.134,0.00042250071588141483
C_P1.5_N5,8afb7ce5-b3d5-4431-946b-4ddf97e7d426,ed66b898-95e9-4f5c-a69c-df19b9c6da3c,P25,A,13,3.44,4.627,4.229,0.60866,0.28571,-0.32294,0.9,0.841,1.0,-0.13442,3.306,-0.134,0.00042250071588141483
C_P1.5_N5,8afb7ce5-b3d5-4431-946b-4ddf97e7d426,091f312a-207f-4cea-9d57-437a614affde,P01,B,5,3.844,4.229,4.627,0.39134,0.71429,0.32294,0.9,0.841,1.1,0.14786,3.992,0.148,0.0001352492125304437
C_P1.5_N5,8afb7ce5-b3d5-4431-946b-4ddf97e7d426,33f9b461-e8d9-49f7-b81f-f472e956c93f,P13,B,7,4.614,4.229,4.627,0.39134,0.71429,0.32294,0.9,0.841,1.1,0.14786,4.762,0.148,0.0001352492125304437
C_P1.5_N5,0a2a5bf6-21b9-4da6-bd9b-6594b0296ed5,091f312a-207f-4cea-9d57-437a614affde,P01,A,6,3.992,4.377,3.056,0.81272,0.65217,-0.16055,0.9,0.851,1.1,-0.07436,3.918,-0.074,0.0003627789028421886
C_P1.5_N5,0a2a5bf6-21b9-4da6-bd9b-6594b0296ed5,33f9b461-e8d9-49f7-b81f-f472e956c93f,P13,A,8,4.762,4.377,3.056,0.81272,0.65217,-0.16055,0.9,0.851,1.1,-0.07436,4.688,-0.074,0.0003627789028421886
C_P1.5_N5,0a2a5bf6-21b9-4da6-bd9b-6594b0296ed5,28656f69-2ade-488b-b07a-037fb9bfa311,P11,B,10,3.927,3.056,4.377,0.18728,0.34783,0.16055,0.9,0.851,1.0,0.0676,3.995,0.068,0.0003974737246889194
C_P1.5_N5,0a2a5bf6-21b9-4da6-bd9b-6594b0296ed5,4952b344-b938-4d7f-9799-ddf405dcf72a,P14,B,6,2.185,3.056,4.377,0.18728,0.34783,0.16055,0.9,0.851,1.1,0.07436,2.259,0.074,-0.0003627789028421886
C_P1.5_N5,2828359d-f95b-4320-a7db-5184b305dfeb,32b0e88b-e994-4b10-bf2e-4086a731c027,P12,A,8,3.73,3.986,4.303,0.41271,0.34783,-0.06488,0.9,0.851,1.1,-0.03005,3.7,-0.03,5.299477426841881e-05
C_P1.5_N5,2828359d-f95b-4320-a7db-5184b305dfeb,8fa5441d-1934-4810-af86-a11ee051e58f,P18,A,2,4.241,3.986,4.303,0.41271,0.34783,-0.06488,0.9,0.851,1.5,-0.04098,4.2,-0.041,-1.8643489633974354e-05
C_P1.5_N5,2828359d-f95b-4320-a7db-5184b305dfeb,091f312a-207f-4cea-9d57-437a614affde,P01,B,7,3.918,4.303,3.986,0.58729,0.65217,0.06488,0.9,0.851,1.1,0.03005,3.948,0.03,-5.299477426841881e-05
C_P1.5_N5,2828359d-f95b-4320-a7db-5184b305dfeb,33f9b461-e8d9-49f7-b81f-f472e956c93f,P13,B,9,4.688,4.303,3.986,0.58729,0.65217,0.06488,0.9,0.851,1.1,0.03005,4.718,0.03,-5.299477426841881e-05
C_P1.5_N5,eb4a38ec-5b27-4a51-bfca-8aea690e14d3,1f2d89a9-f3fa-41f6-982c-74b37b29581b,P07,A,5,4.183,4.451,4.584,0.46298,0.57692,0.11394,0.9,0.861,1.1,0.05339,4.236,0.053,-0.00038822267347348555
C_P1.5_N5,eb4a38ec-5b27-4a51-bfca-8aea690e14d3,33f9b461-e8d9-49f7-b81f-f472e956c93f,P13,A,10,4.718,4.451,4.584,0.46298,0.57692,0.11394,0.9,0.861,1.0,0.04853,4.767,0.049,0.00046525211502410405
C_P1.5_N5,eb4a38ec-5b27-4a51-bfca-8aea690e14d3,0afcfd8d-0965-4364-a90e-c1872c47c12c,P04,B,9,4.448,4.584,4.451,0.53702,0.42308,-0.11394,0.9,0.861,1.1,-0.05339,4.395,-0.053,0.00038822267347348555
C_P1.5_N5,eb4a38ec-5b27-4a51-bfca-8aea690e14d3,dfda52a3-01e6-4456-b139-f5a74d69cdd3,P23,B,6,4.72,4.584,4.451,0.53702,0.42308,-0.11394,0.9,0.861,1.1,-0.05339,4.667,-0.053,0.00038822267347348555
C_P1.5_N5,7c95849f-cb1a-493d-99d3-db6cf7fda568,0fa0a889-795e-4185-8e11-61e0c1f1929b,P05,A,8,4.385,3.896,3.327,0.65299,0.42308,-0.22992,0.9,0.861,1.1,-0.10773,4.277,-0.108,-0.0002680833469858795
C_P1.5_N5,7c95849f-cb1a-493d-99d3-db6cf7fda568,b5146cb1-84e0-4690-a7ae-d6256b33586c,P20,A,6,3.407,3.896,3.327,0.65299,0.42308,-0.22992,0.9,0.861,1.1,-0.10773,3.299,-0.108,-0.0002680833469858795
C_P1.5_N5,7c95849f-cb1a-493d-99d3-db6cf7fda568,0afcfd8d-0965-4364-a90e-c1872c47c12c,P04,B,10,4.395,3.327,3.896,0.34701,0.57692,0.22992,0.9,0.861,1.0,0.09794,4.493,0.098,6.189395180534501e-05
C_P1.5_N5,7c95849f-cb1a-493d-99d3-db6cf7fda568,4952b344-b938-4d7f-9799-ddf405dcf72a,P14,B,7,2.259,3.327,3.896,0.34701,0.57692,0.22992,0.9,0.861,1.1,0.10773,2.367,0.108,0.0002680833469858795
C_P1.5_N5,8b58dded-0308-486f-bdc4-5dbf37890e1e,4952b344-b938-4d7f-9799-ddf405dcf72a,P14,A,8,2.367,3.517,3.625,0.47017,0.5,0.02983,0.9,0.912,1.1,0.01481,2.382,0.015,0.00019356156914532367
C_P1.5_N5,8b58dded-0308-486f-bdc4-5dbf37890e1e,dfda52a3-01e6-4456-b139-f5a74d69cdd3,P23,A,7,4.667,3.517,3.625,0.47017,0.5,0.02983,0.9,0.912,1.1,0.01481,4.682,0.015,0.00019356156914532367
C_P1.5_N5,8b58dded-0308-486f-bdc4-5dbf37890e1e,33f9b461-e8d9-49f7-b81f-f472e956c93f,P13,B,11,4.767,3.625,3.517,0.52983,0.5,-0.02983,0.9,0.912,1.0,-0.01346,4.754,-0.013,0.0004603985735042512
C_P1.5_N5,8b58dded-0308-486f-bdc4-5dbf37890e1e,524889fc-4f50-41bb-b22b-cd5046ba728d,P15,B,3,2.482,3.625,3.517,0.52983,0.5,-0.02983,0.9,0.912,1.5,-0.02019,2.462,-0.02,0.00019059786025637683
C_P1.5_N5,a6821b7d-e797-42c6-987a-775e3e8fafb5,09db6874-adc0-46f0-82f7-83cd372cc1f5,P03,A,5,4.483,4.239,3.37,0.72434,0.6,-0.12434,0.9,0.989,1.1,-0.06693,4.416,-0.067,-7.25252090267277e-05
C_P1.5_N5,a6821b7d-e797-42c6-987a-775e3e8fafb5,28656f69-2ade-488b-b07a-037fb9bfa311,P11,A,11,3.995,4.239,3.37,0.72434,0.6,-0.12434,0.9,0.989,1.0,-0.06084,3.934,-0.061,-0.000156841099115207
C_P1.5_N5,a6821b7d-e797-42c6-987a-775e3e8fafb5,0fa0a889-795e-4185-8e11-61e0c1f1929b,P05,B,9,4.277,3.37,4.239,0.27566,0.4,0.12434,0.9,0.989,1.1,0.06693,4.344,0.067,7.25252090267277e-05
C_P1.5_N5,a6821b7d-e797-42c6-987a-775e3e8fafb5,524889fc-4f50-41bb-b22b-cd5046ba728d,P15,B,4,2.462,3.37,4.239,0.27566,0.4,0.12434,0.9,0.989,1.5,0.09126,2.553,0.091,-0.0002647383513271895
C_P1.5_N5,936986a8-0666-4578-b38e-1d09c46579b7,09db6874-adc0-46f0-82f7-83cd372cc1f5,P03,A,6,4.416,4.175,4.214,0.48931,0.68182,0.19251,0.9,0.989,1.1,0.10362,4.52,0.104,0.0003817489167912983
C_P1.5_N5,936986a8-0666-4578-b38e-1d09c46579b7,28656f69-2ade-488b-b07a-037fb9bfa311,P11,A,12,3.934,4.175,4.214,0.48931,0.68182,0.19251,0.9,0.989,1.0,0.0942,4.028,0.094,-0.00019841007564427423
C_P1.5_N5,936986a8-0666-4578-b38e-1d09c46579b7,0996ee22-e381-45db-90c2-1863869a244e,P02,B,3,4.083,4.214,4.175,0.51069,0.31818,-0.19251,0.9,0.989,1.5,-0.1413,3.942,-0.141,0.00029761511346641133
C_P1.5_N5,936986a8-0666-4578-b38e-1d09c46579b7,0fa0a889-795e-4185-8e11-61e0c1f1929b,P05,B,10,4.344,4.214,4.175,0.51069,0.31818,-0.19251,0.9,0.989,1.0,-0.0942,4.25,-0.094,0.00019841007564427423
C_P1.5_N5,a29529c6-5899-4297-90aa-d390a4823c65,0996ee22-e381-45db-90c2-1863869a244e,P02,A,4,3.942,4.231,3.787,0.62102,0.6,-0.02102,0.9,0.989,1.5,-0.01543,3.927,-0.015,0.00042964495967972883
C_P1.5_N5,a29529c6-5899-4297-90aa-d390a4823c65,09db6874-adc0-46f0-82f7-83cd372cc1f5,P03,A,7,4.52,4.231,3.787,0.62102,0.6,-0.02102,0.9,0.989,1.1,-0.01132,4.509,-0.011,0.0003150729704318011
C_P1.5_N5,a29529c6-5899-4297-90aa-d390a4823c65,1f2d89a9-f3fa-41f6-982c-74b37b29581b,P07,B,6,4.236,3.787,4.231,0.37898,0.4,0.02102,0.9,0.989,1.1,0.01132,4.247,0.011,-0.0003150729704318011
C_P1.5_N5,a29529c6-5899-4297-90aa-d390a4823c65,23c1639d-675f-4b9a-a331-3ce419306a6a,P09,B,6,3.337,3.787,4.231,0.37898,0.4,0.02102,0.9,0.989,1.1,0.01132,3.348,0.011,-0.0003150729704318011
C_P1.5_N5,053f8c34-5e15-4f83-bbaf-75197fd4d045,09db6874-adc0-46f0-82f7-83cd372cc1f5,P03,A,8,4.509,4.269,3.799,0.62754,0.4,-0.22754,0.9,0.989,1.1,-0.12247,4.387,-0.122,0.00047107228786855983
C_P1.5_N5,053f8c34-5e15-4f83-bbaf-75197fd4d045,28656f69-2ade-488b-b07a-037fb9bfa311,P11,A,13,4.028,4.269,3.799,0.62754,0.4,-0.22754,0.9,0.989,1.0,-0.11134,3.917,-0.111,0.0003373384435168726
C_P1.5_N5,053f8c34-5e15-4f83-bbaf-75197fd4d045,0fa0a889-795e-4185-8e11-61e0c1f1929b,P05,B,11,4.25,3.799,4.269,0.37246,0.6,0.22754,0.9,0.989,1.0,0.11134,4.361,0.111,-0.0003373384435168726
C_P1.5_N5,053f8c34-5e15-4f83-bbaf-75197fd4d045,23c1639d-675f-4b9a-a331-3ce419306a6a,P09,B,7,3.348,3.799,4.269,0.37246,0.6,0.22754,0.9,0.989,1.1,0.12247,3.47,0.122,-0.00047107228786855983
C_P1.5_N5,e862e4a1-932f-4a47-97f1-d286ab4be13b,09db6874-adc0-46f0-82f7-83cd372cc1f5,P03,A,9,4.387,3.385,3.497,0.46893,0.75,0.28107,0.9,0.989,1.1,0.15129,4.538,0.151,-0.0002853213800326724
C_P1.5_N5,e862e4a1-932f-4a47-97f1-d286ab4be13b,4952b344-b938-4d7f-9799-ddf405dcf72a,P14,A,9,2.382,3.385,3.497,0.46893,0.75,0.28107,0.9,0.989,1.1,0.15129,2.533,0.151,-0.0002853213800326724
C_P1.5_N5,e862e4a1-932f-4a47-97f1-d286ab4be13b,0afcfd8d-0965-4364-a90e-c1872c47c12c,P04,B,11,4.493,3.497,3.385,0.53107,0.25,-0.28107,0.9,0.989,1.0,-0.13753,4.355,-0.138,-0.0004678896545157524
C_P1.5_N5,e862e4a1-932f-4a47-97f1-d286ab4be13b,e82e0c7f-ec26-4880-a11c-8e93cdb4e9ae,P24,B,0,2.5,3.497,3.385,0.53107,0.25,-0.28107,0.9,0.989,1.5,-0.2063,2.294,-0.206,0.0002981655182263714
C_P1.5_N5,6450ccec-a86f-45aa-a4bf-6ae871905ca5,32b0e88b-e994-4b10-bf2e-4086a731c027,P12,A,9,3.7,4.227,3.325,0.7316,0.65217,-0.07943,0.9,0.989,1.1,-0.04275,3.657,-0.043,-0.0002468822711898142
C_P1.5_N5,6450ccec-a86f-45aa-a4bf-6ae871905ca5,33f9b461-e8d9-49f7-b81f-f472e956c93f,P13,A,12,4.754,4.227,3.325,0.7316,0.65217,-0.07943,0.9,0.989,1.0,-0.03887,4.715,-0.039,-0.00013352933744528562
C_P1.5_N5,6450ccec-a86f-45aa-a4bf-6ae871905ca5,0afcfd8d-0965-4364-a90e-c1872c47c12c,P04,B,12,4.355,3.325,4.227,0.2684,0.34783,0.07943,0.9,0.989,1.0,0.03887,4.394,0.039,0.00013352933744528562
C_P1.5_N5,6450ccec-a86f-45aa-a4bf-6ae871905ca5,e82e0c7f-ec26-4880-a11c-8e93cdb4e9ae,P24,B,1,2.294,3.325,4.227,0.2684,0.34783,0.07943,0.9,0.989,1.5,0.0583,2.352,0.058,-0.00029970599383207153
C_P1.5_N5,b1c79180-37ca-45a4-9518-abc27a48f51d,20067ed8-879d-470d-9fdf-138b78039ac3,P08,A,13,5.679,4.493,3.771,0.69033,0.75,0.05967,0.9,0.989,1.0,0.0292,5.708,0.029,-0.00019695990908256988
C_P1.5_N5,b1c79180-37ca-45a4-9518-abc27a48f51d,ed66b898-95e9-4f5c-a69c-df19b9c6da3c,P25,A,14,3.306,4.493,3.771,0.69033,0.75,0.05967,0.9,0.989,1.0,0.0292,3.335,0.029,-0.00019695990908256988
C_P1.5_N5,b1c79180-37ca-45a4-9518-abc27a48f51d,524889fc-4f50-41bb-b22b-cd5046ba728d,P15,B,5,2.553,3.771,4.493,0.30967,0.25,-0.05967,0.9,0.989,1.1,-0.03212,2.521,-0.032,0.00011665589999082689
C_P1.5_N5,b1c79180-37ca-45a4-9518-abc27a48f51d,9313bcbf-e559-499a-9658-b277050b37ca,P19,B,12,4.989,3.771,4.493,0.30967,0.25,-0.05967,0.9,0.989,1.0,-0.0292,4.96,-0.029,0.00019695990908256988
C_P1.5_N5,2bc4809f-4961-4e1a-894d-a848b2ae55a6,27f6c2fe-4682-46a5-a2a2-4962a0d9776e,P10,A,12,4.204,4.208,4.139,0.51916,0.5,-0.01916,0.9,0.989,1.0,-0.00937,4.195,-0.009,0.0003739357252400379
C_P1.5_N5,2bc4809f-4961-4e1a-894d-a848b2ae55a6,8e7929b9-007e-42c3-aa3f-003d3f4df78f,P17,A,12,4.212,4.208,4.139,0.51916,0.5,-0.01916,0.9,0.989,1.0,-0.00937,4.203,-0.009,0.0003739357252400379
C_P1.5_N5,2bc4809f-4961-4e1a-894d-a848b2ae55a6,0fa0a889-795e-4185-8e11-61e0c1f1929b,P05,B,12,4.361,4.139,4.208,0.48084,0.5,0.01916,0.9,0.989,1.0,0.00937,4.37,0.009,-0.0003739357252400379
C_P1.5_N5,2bc4809f-4961-4e1a-894d-a848b2ae55a6,28656f69-2ade-488b-b07a-037fb9bfa311,P11,B,14,3.917,4.139,4.208,0.48084,0.5,0.01916,0.9,0.989,1.0,0.00937,3.926,0.009,-0.0003739357252400379
C_P1.5_N5,4383b3be-9fce-4612-a59a-02207116a9e1,20067ed8-879d-470d-9fdf-138b78039ac3,P08,A,14,5.708,4.522,3.624,0.73051,0.55556,-0.17496,0.9,0.989,1.0,-0.08561,5.622,-0.086,-0.00039124426340113533
C_P1.5_N5,4383b3be-9fce-4612-a59a-02207116a9e1,ed66b898-95e9-4f5c-a69c-df19b9c6da3c,P25,A,15,3.335,4.522,3.624,0.73051,0.55556,-0.17496,0.9,0.989,1.0,-0.08561,3.249,-0.086,-0.00039124426340113533
C_P1.5_N5,4383b3be-9fce-4612-a59a-02207116a9e1,33f9b461-e8d9-49f7-b81f-f472e956c93f,P13,B,13,4.715,3.624,4.522,0.26949,0.44444,0.17496,0.9,0.989,1.0,0.08561,4.801,0.086,0.00039124426340113533
C_P1.5_N5,4383b3be-9fce-4612-a59a-02207116a9e1,4952b344-b938-4d7f-9799-ddf405dcf72a,P14,B,10,2.533,3.624,4.522,0.26949,0.44444,0.17496,0.9,0.989,1.0,0.08561,2.619,0.086,0.00039124426340113533
C_P1.5_N5,b75e356b-24af-4c88-9a4d-7328cb9d74d2,33f9b461-e8d9-49f7-b81f-f472e956c93f,P13,A,14,4.801,4.881,4.199,0.68075,0.55556,-0.12519,0.9,0.989,1.0,-0.06126,4.74,-0.061,0.00025961809828600236
C_P1.5_N5,b75e356b-24af-4c88-9a4d-7328cb9d74d2,9313bcbf-e559-499a-9658-b277050b37ca,P19,A,13,4.96,4.881,4.199,0.68075,0.55556,-0.12519,0.9,0.989,1.0,-0.06126,4.899,-0.061,0.00025961809828600236
C_P1.5_N5,b75e356b-24af-4c88-9a4d-7328cb9d74d2,27f6c2fe-4682-46a5-a2a2-4962a0d9776e,P10,B,13,4.195,4.199,4.881,0.31925,0.44444,0.12519,0.9,0.989,1.0,0.06126,4.256,0.061,-0.00025961809828600236
C_P1.5_N5,b75e356b-24af-4c88-9a4d-7328cb9d74d2,8e7929b9-007e-42c3-aa3f-003d3f4df78f,P17,B,13,4.203,4.199,4.881,0.31925,0.44444,0.12519,0.9,0.989,1.0,0.06126,4.264,0.061,-0.00025961809828600236
C_P1.5_N5,c63169fa-2db0-4892-b92e-7cda41f73bf3,d4acf5d8-317e-4564-8170-8fe09e6aa115,P22,A,7,3.84,3.545,4.64,0.22852,0.4,0.17148,0.9,0.989,1.1,0.0923,3.932,0.092,-0.00029647338446956096
C_P1.5_N5,c63169fa-2db0-4892-b92e-7cda41f73bf3,ed66b898-95e9-4f5c-a69c-df19b9c6da3c,P25,A,16,3.249,3.545,4.64,0.22852,0.4,0.17148,0.9,0.989,1.0,0.08391,3.333,0.084,9.411510502767184e-05
C_P1.5_N5,c63169fa-2db0-4892-b92e-7cda41f73bf3,20067ed8-879d-470d-9fdf-138b78039ac3,P08,B,15,5.622,4.64,3.545,0.77148,0.6,-0.17148,0.9,0.989,1.0,-0.08391,5.538,-0.084,-9.411510502767184e-05
C_P1.5_N5,c63169fa-2db0-4892-b92e-7cda41f73bf3,32b0e88b-e994-4b10-bf2e-4086a731c027,P12,B,10,3.657,4.64,3.545,0.77148,0.6,-0.17148,0.9,0.989,1.0,-0.08391,3.573,-0.084,-9.411510502767184e-05
C_P1.5_N5,cfb52d2a-8e35-42e7-959b-536e6fc4554b,20067ed8-879d-470d-9fdf-138b78039ac3,P08,A,16,5.538,4.436,3.507,0.73735,0.53571,-0.20163,0.9,0.989,1.0,-0.09866,5.439,-0.099,-0.0003384493493582727
C_P1.5_N5,cfb52d2a-8e35-42e7-959b-536e6fc4554b,ed66b898-95e9-4f5c-a69c-df19b9c6da3c,P25,A,17,3.333,4.436,3.507,0.73735,0.53571,-0.20163,0.9,0.989,1.0,-0.09866,3.234,-0.099,-0.0003384493493582727
C_P1.5_N5,cfb52d2a-8e35-42e7-959b-536e6fc4554b,0afcfd8d-0965-4364-a90e-c1872c47c12c,P04,B,13,4.394,3.507,4.436,0.26265,0.46429,0.20163,0.9,0.989,1.0,0.09866,4.493,0.099,0.0003384493493582727
C_P1.5_N5,cfb52d2a-8e35-42e7-959b-536e6fc4554b,4952b344-b938-4d7f-9799-ddf405dcf72a,P14,B,11,2.619,3.507,4.436,0.26265,0.46429,0.20163,0.9,0.989,1.0,0.09866,2.718,0.099,0.0003384493493582727
C_P1.5_N5,48337539-7d04-41d5-a7d8-499c4535f109,20067ed8-879d-470d-9fdf-138b78039ac3,P08,A,17,5.439,4.337,4.582,0.43236,0.5,0.06764,0.9,0.989,1.0,0.0331,5.472,0.033,-9.643394769736935e-05
C_P1.5_N5,48337539-7d04-41d5-a7d8-499c4535f109,ed66b898-95e9-4f5c-a69c-df19b9c6da3c,P25,A,18,3.234,4.337,4.582,0.43236,0.5,0.06764,0.9,0.989,1.0,0.0331,3.267,0.033,-9.643394769736935e-05
C_P1.5_N5,48337539-7d04-41d5-a7d8-499c4535f109,8e7929b9-007e-42c3-aa3f-003d3f4df78f,P17,B,14,4.264,4.582,4.337,0.56764,0.5,-0.06764,0.9,0.989,1.0,-0.0331,4.231,-0.033,9.643394769736935e-05
C_P1.5_N5,48337539-7d04-41d5-a7d8-499c4535f109,9313bcbf-e559-499a-9658-b277050b37ca,P19,B,14,4.899,4.582,4.337,0.56764,0.5,-0.06764,0.9,0.989,1.0,-0.0331,4.866,-0.033,9.643394769736935e-05
C_P1.5_N5,43ad7b90-44f0-4852-9210-18faf1010105,0fa0a889-795e-4185-8e11-61e0c1f1929b,P05,A,13,4.37,4.148,4.244,0.4735,0.88235,0.40886,0.9,1.0,1.0,0.20238,4.572,0.202,-0.0003836487227468857
C_P1.5_N5,43ad7b90-44f0-4852-9210-18faf1010105,28656f69-2ade-488b-b07a-037fb9bfa311,P11,A,15,3.926,4.148,4.244,0.4735,0.88235,0.40886,0.9,1.0,1.0,0.20238,4.128,0.202,-0.0003836487227468857
C_P1.5_N5,43ad7b90-44f0-4852-9210-18faf1010105,27f6c2fe-4682-46a5-a2a2-4962a0d9776e,P10,B,14,4.256,4.244,4.148,0.5265,0.11765,-0.40886,0.9,1.0,1.0,-0.20238,4.054,-0.202,0.0003836487227468857
C_P1.5_N5,43ad7b90-44f0-4852-9210-18faf1010105,8e7929b9-007e-42c3-aa3f-003d3f4df78f,P17,B,15,4.231,4.244,4.148,0.5265,0.11765,-0.40886,0.9,1.0,1.0,-0.20238,4.029,-0.202,0.0003836487227468857
C_P1.5_N10,f252ac4c-d134-4c6a-a68c-8bfb6868a91f,0fa0a889-795e-4185-8e11-61e0c1f1929b,P05,A,0,4.0,3.0,3.95,0.25816,0.44444,0.18628,0.9,0.715,1.5,0.09894,4.099,0.099,5.909125349688721e-05
C_P1.5_N10,f252ac4c-d134-4c6a-a68c-8bfb6868a91f,4952b344-b938-4d7f-9799-ddf405dcf72a,P14,A,0,2.0,3.0,3.95,0.25816,0.44444,0.18628,0.9,0.715,1.5,0.09894,2.099,0.099,5.909125349688721e-05
C_P1.5_N10,f252ac4c-d134-4c6a-a68c-8bfb6868a91f,524889fc-4f50-41bb-b22b-cd5046ba728d,P15,B,0,2.0,3.95,3.0,0.74184,0.55556,-0.18628,0.9,0.715,1.5,-0.09894,2.0,0.0,0.0
C_P1.5_N10,f252ac4c-d134-4c6a-a68c-8bfb6868a91f,9313bcbf-e559-499a-9658-b277050b37ca,P19,B,0,5.9,3.95,3.0,0.74184,0.55556,-0.18628,0.9,0.715,1.5,-0.09894,5.801,-0.099,-5.909125349688721e-05
C_P1.5_N10,8f4f89bf-f631-40fb-92ea-2e570dff7707,27f6c2fe-4682-46a5-a2a2-4962a0d9776e,P10,A,0,4.0,4.0,3.75,0.569,0.5,-0.069,0.9,0.715,1.5,-0.03665,3.963,-0.037,-0.00035150836990697614
C_P1.5_N10,8f4f89bf-f631-40fb-92ea-2e570dff7707,28656f69-2ade-488b-b07a-037fb9bfa311,P11,A,0,4.0,4.0,3.75,0.569,0.5,-0.069,0.9,0.715,1.5,-0.03665,3.963,-0.037,-0.00035150836990697614
C_P1.5_N10,8f4f89bf-f631-40fb-92ea-2e570dff7707,0afcfd8d-0965-4364-a90e-c1872c47c12c,P04,B,0,4.0,3.75,4.0,0.431,0.5,0.069,0.9,0.715,1.5,0.03665,4.037,0.037,0.00035150836990697614
C_P1.5_N10,8f4f89bf-f631-40fb-92ea-2e570dff7707,ed66b898-95e9-4f5c-a69c-df19b9c6da3c,P25,B,0,3.5,3.75,4.0,0.431,0.5,0.069,0.9,0.715,1.5,0.03665,3.537,0.037,0.00035150836990697614
C_P1.5_N10,f53ac5f1-4189-4e25-8949-8e6073016eeb,0fa0a889-795e-4185-8e11-61e0c1f1929b,P05,A,1,4.099,3.818,3.7,0.53273,1.0,0.46727,0.9,0.715,1.5,0.24818,4.347,0.248,-0.00017937454126312966
C_P1.5_N10,f53ac5f1-4189-4e25-8949-8e6073016eeb,ed66b898-95e9-4f5c-a69c-df19b9c6da3c,P25,A,1,3.537,3.818,3.7,0.53273,1.0,0.46727,0.9,0.715,1.5,0.24818,3.785,0.248,-0.00017937454126312966
C_P1.5_N10,f53ac5f1-4189-4e25-8949-8e6073016eeb,23c1639d-675f-4b9a-a331-3ce419306a6a,P09,B,0,4.0,3.7,3.818,0.46727,0.0,-0.46727,0.9,0.715,1.5,-0.24818,3.752,-0.248,0.00017937454126312966
C_P1.5_N10,f53ac5f1-4189-4e25-8949-8e6073016eeb,b5146cb1-84e0-4690-a7ae-d6256b33586c,P20,B,0,3.4,3.7,3.818,0.46727,0.0,-0.46727,0.9,0.715,1.5,-0.24818,3.152,-0.248,0.00017937454126312966
C_P1.5_N10,b4436f08-ef01-4453-990c-c6add342dcda,33f9b461-e8d9-49f7-b81f-f472e956c93f,P13,A,0,4.0,4.0,6.019,0.09597,0.55556,0.45958,0.9,0.715,1.5,0.2441,4.244,0.244,-9.617259082879165e-05
C_P1.5_N10,b4436f08-ef01-4453-990c-c6add342dcda,dfda52a3-01e6-4456-b139-f5a74d69cdd3,P23,A,0,4.0,4.0,6.019,0.09597,0.55556,0.45958,0.9,0.715,1.5,0.2441,4.244,0.244,-9.617259082879165e-05
C_P1.5_N10,b4436f08-ef01-4453-990c-c6add342dcda,0afcfd8d-0965-4364-a90e-c1872c47c12c,P04,B,1,4.037,6.019,4.0,0.90403,0.44444,-0.45958,0.9,0.715,1.5,-0.2441,3.793,-0.244,9.617259082879165e-05
C_P1.5_N10,b4436f08-ef01-4453-990c-c6add342dcda,20067ed8-879d-470d-9fdf-138b78039ac3,P08,B,0,8.0,6.019,4.0,0.90403,0.44444,-0.45958,0.9,0.715,1.5,-0.2441,7.756,-0.244,9.617259082879165e-05
C_P1.5_N10,a6397938-05cc-4785-9ec8-bb010355c9da,20067ed8-879d-470d-9fdf-138b78039ac3,P08,A,1,7.756,5.878,2.982,0.96152,0.375,-0.58652,0.9,0.715,1.5,-0.31152,7.444,-0.312,-0.0004840675995597008
C_P1.5_N10,a6397938-05cc-4785-9ec8-bb010355c9da,d4acf5d8-317e-4564-8170-8fe09e6aa115,P22,A,0,4.0,5.878,2.982,0.96152,0.375,-0.58652,0.9,0.715,1.5,-0.31152,3.688,-0.312,-0.0004840675995597008
C_P1.5_N10,a6397938-05cc-4785-9ec8-bb010355c9da,27f6c2fe-4682-46a5-a2a2-4962a0d9776e,P10,B,1,3.963,2.982,5.878,0.03848,0.625,0.58652,0.9,0.715,1.5,0.31152,4.275,0.312,0.0004840675995597008
C_P1.5_N10,a6397938-05cc-4785-9ec8-bb010355c9da,524889fc-4f50-41bb-b22b-cd5046ba728d,P15,B,1,2.0,2.982,5.878,0.03848,0.625,0.58652,0.9,0.715,1.5,0.31152,2.312,0.312,0.0004840675995597008
C_P1.5_N10,9a0d536d-702f-4764-b2b8-fc5a69a6b9de,0afcfd8d-0965-4364-a90e-c1872c47c12c,P04,A,2,3.793,3.773,4.015,0.43318,0.34783,-0.08535,0.9,0.715,1.5,-0.04533,3.748,-0.045,0.00033373595854983287
C_P1.5_N10,9a0d536d-702f-4764-b2b8-fc5a69a6b9de,23c1639d-675f-4b9a-a331-3ce419306a6a,P09,A,1,3.752,3.773,4.015,0.43318,0.34783,-0.08535,0.9,0.715,1.5,-0.04533,3.707,-0.045,0.00033373595854983287
C_P1.5_N10,9a0d536d-702f-4764-b2b8-fc5a69a6b9de,dfda52a3-01e6-4456-b139-f5a74d69cdd3,P23,B,1,4.244,4.015,3.773,0.56682,0.65217,0.08535,0.9,0.715,1.5,0.04533,4.289,0.045,-0.00033373595854983287
C_P1.5_N10,9a0d536d-702f-4764-b2b8-fc5a69a6b9de,ed66b898-95e9-4f5c-a69c-df19b9c6da3c,P25,B,2,3.785,4.015,3.773,0.56682,0.65217,0.08535,0.9,0.715,1.5,0.04533,3.83,0.045,-0.00033373595854983287
C_P1.5_N10,6e504b4c-8034-4fbb-8e80-dc612f3fde9a,8e7929b9-007e-42c3-aa3f-003d3f4df78f,P17,A,0,4.0,3.576,3.223,0.59682,0.4,-0.19682,0.9,0.715,1.5,-0.10454,3.895,-0.105,-0.0004648312296438421
C_P1.5_N10,6e504b4c-8034-4fbb-8e80-dc612f3fde9a,b5146cb1-84e0-4690-a7ae-d6256b33586c,P20,A,1,3.152,3.576,3.223,0.59682,0.4,-0.19682,0.9,0.715,1.5,-0.10454,3.047,-0.105,-0.0004648312296438421
C_P1.5_N10,6e504b4c-8034-4fbb-8e80-dc612f3fde9a,0fa0a889-795e-4185-8e11-61e0c1f1929b,P05,B,2,4.347,3.223,3.576,0.40318,0.6,0.19682,0.9,0.715,1.5,0.10454,4.452,0.105,0.0004648312296438421
C_P1.5_N10,6e504b4c-8034-4fbb-8e80-dc612f3fde9a,4952b344-b938-4d7f-9799-ddf405dcf72a,P14,B,1,2.099,3.223,3.576,0.40318,0.6,0.19682,0.9,0.715,1.5,0.10454,2.204,0.105,0.0004648312296438421
C_P1.5_N10,883f6955-cf07-44f4-bf2a-d0eaab7996eb,33f9b461-e8d9-49f7-b81f-f472e956c93f,P13,A,1,4.244,3.278,4.882,0.14403,0.46429,0.32026,0.9,0.715,1.5,0.1701,4.414,0.17,-9.71104957274711e-05
C_P1.5_N10,883f6955-cf07-44f4-bf2a-d0eaab7996eb,524889fc-4f50-41bb-b22b-cd5046ba728d,P15,A,2,2.312,3.278,4.882,0.14403,0.46429,0.32026,0.9,0.715,1.5,0.1701,2.482,0.17,-9.71104957274711e-05
C_P1.5_N10,883f6955-cf07-44f4-bf2a-d0eaab7996eb,28656f69-2ade-488b-b07a-037fb9bfa311,P11,B,1,3.963,4.882,3.278,0.85597,0.53571,-0.32026,0.9,0.715,1.5,-0.1701,3.793,-0.17,9.71104957274711e-05
C_P1.5_N10,883f6955-cf07-44f4-bf2a-d0eaab7996eb,9313bcbf-e559-499a-9658-b277050b37ca,P19,B,1,5.801,4.882,3.278,0.85597,0.53571,-0.32026,0.9,0.715,1.5,-0.1701,5.631,-0.17,9.71104957274711e-05
C_P1.5_N10,b5e0ebeb-d305-4950-b919-9bbc8fea9607,0afcfd8d-0965-4364-a90e-c1872c47c12c,P04,A,3,3.748,3.728,4.174,0.37859,0.4,0.02141,0.9,0.715,1.5,0.01137,3.759,0.011,-0.0003737210960756642
C_P1.5_N10,b5e0ebeb-d305-4950-b919-9bbc8fea9607,23c1639d-675f-4b9a-a331-3ce419306a6a,P09,A,2,3.707,3.728,4.174,0.37859,0.4,0.02141,0.9,0.715,1.5,0.01137,3.718,0.011,-0.0003737210960756642
C_P1.5_N10,b5e0ebeb-d305-4950-b919-9bbc8fea9607,0fa0a889-795e-4185-8e11-61e0c1f1929b,P05,B,3,4.452,4.174,3.728,0.62141,0.6,-0.02141,0.9,0.715,1.5,-0.01137,4.441,-0.011,0.0003737210960756642
C_P1.5_N10,b5e0ebeb-d305-4950-b919-9bbc8fea9607,8e7929b9-007e-42c3-aa3f-003d3f4df78f,P17,B,1,3.895,4.174,3.728,0.62141,0.6,-0.02141,0.9,0.715,1.5,-0.01137,3.884,-0.011,0.0003737210960756642
C_P1.5_N10,3a78a214-ca47-477b-a512-93a45b0f6681,1f2d89a9-f3fa-41f6-982c-74b37b29581b,P07,A,0,4.0,4.0,3.786,0.55917,0.42308,-0.13609,0.9,0.715,1.5,-0.07228,3.928,-0.072,0.00028059514519100366
C_P1.5_N10,3a78a214-ca47-477b-a512-93a45b0f6681,32b0e88b-e994-4b10-bf2e-4086a731c027,P12,A,0,4.0,4.0,3.786,0.55917,0.42308,-0.13609,0.9,0.715,1.5,-0.07228,3.928,-0.072,0.00028059514519100366
C_P1.5_N10,3a78a214-ca47-477b-a512-93a45b0f6681,8e7929b9-007e-42c3-aa3f-003d3f4df78f,P17,B,2,3.884,3.786,4.0,0.44083,0.57692,0.13609,0.9,0.715,1.5,0.07228,3.956,0.072,-0.00028059514519100366
C_P1.5_N10,3a78a214-ca47-477b-a512-93a45b0f6681,d4acf5d8-317e-4564-8170-8fe09e6aa115,P22,B,1,3.688,3.786,4.0,0.44083,0.57692,0.13609,0.9,0.715,1.5,0.07228,3.76,0.072,-0.00028059514519100366
C_P1.5_N10,499be5f8-602c-4641-abc1-b5e7a5fbe4e8,1f2d89a9-f3fa-41f6-982c-74b37b29581b,P07,A,1,3.928,3.928,3.858,0.51943,0.42308,-0.09636,0.9,0.715,1.5,-0.05118,3.877,-0.051,0.00017821857446947536
C_P1.5_N10,499be5f8-602c-4641-abc1-b5e7a5fbe4e8,32b0e88b-e994-4b10-bf2e-4086a731c027,P12,A,1,3.928,3.928,3.858,0.51943,0.42308,-0.09636,0.9,0.715,1.5,-0.05118,3.877,-0.051,0.00017821857446947536
C_P1.5_N10,499be5f8-602c-4641-abc1-b5e7a5fbe4e8,8e7929b9-007e-42c3-aa3f-003d3f4df78f,P17,B,3,3.956,3.858,3.928,0.48057,0.57692,0.09636,0.9,0.715,1.5,0.05118,4.007,0.051,-0.00017821857446947536
C_P1.5_N10,499be5f8-602c-4641-abc1-b5e7a5fbe4e8,d4acf5d8-317e-4564-8170-8fe09e6aa115,P22,B,2,3.76,3.858,3.928,0.48057,0.57692,0.09636,0.9,0.715,1.5,0.05118,3.811,0.051,-0.00017821857446947536
C_P1.5_N10,96c408c2-df56-4284-83da-fa8f0174230f,1f2d89a9-f3fa-41f6-982c-74b37b29581b,P07,A,2,3.877,4.083,6.538,0.06139,0.57692,0.51554,0.9,0.715,1.5,0.27382,4.151,0.274,0.00018419224128777732
C_P1.5_N10,96c408c2-df56-4284-83da-fa8f0174230f,dfda52a3-01e6-4456-b139-f5a74d69cdd3,P23,A,2,4.289,4.083,6.538,0.06139,0.57692,0.51554,0.9,0.715,1.5,0.27382,4.563,0.274,0.00018419224128777732
C_P1.5_N10,96c408c2-df56-4284-83da-fa8f0174230f,20067ed8-879d-470d-9fdf-138b78039ac3,P08,B,2,7.444,6.538,4.083,0.93861,0.42308,-0.51554,0.9,0.715,1.5,-0.27382,7.17,-0.274,-0.00018419224128777732
C_P1.5_N10,96c408c2-df56-4284-83da-fa8f0174230f,9313bcbf-e559-499a-9658-b277050b37ca,P19,B,2,5.631,6.538,4.083,0.93861,0.42308,-0.51554,0.9,0.715,1.5,-0.27382,5.357,-0.274,-0.00018419224128777732
C_P1.5_N10,4b747051-fdbe-44eb-9098-1615dbf2bf65,23c1639d-675f-4b9a-a331-3ce419306a6a,P09,A,3,3.718,3.756,4.053,0.41824,0.625,0.20676,0.9,0.715,1.5,0.10982,3.828,0.11,0.00018444992866041741
C_P1.5_N10,4b747051-fdbe-44eb-9098-1615dbf2bf65,28656f69-2ade-488b-b07a-037fb9bfa311,P11,A,2,3.793,3.756,4.053,0.41824,0.625,0.20676,0.9,0.715,1.5,0.10982,3.903,0.11,0.00018444992866041741
C_P1.5_N10,4b747051-fdbe-44eb-9098-1615dbf2bf65,27f6c2fe-4682-46a5-a2a2-4962a0d9776e,P10,B,2,4.275,4.053,3.756,0.58176,0.375,-0.20676,0.9,0.715,1.5,-0.10982,4.165,-0.11,-0.00018444992866041741
C_P1.5_N10,4b747051-fdbe-44eb-9098-1615dbf2bf65,ed66b898-95e9-4f5c-a69c-df19b9c6da3c,P25,B,3,3.83,4.053,3.756,0.58176,0.375,-0.20676,0.9,0.715,1.5,-0.10982,3.72,-0.11,-0.00018444992866041741
C_P1.5_N10,eef05cfd-1a64-496e-aea4-8428df9c3b9b,20067ed8-879d-470d-9fdf-138b78039ac3,P08,A,3,7.17,6.264,4.161,0.91182,0.4,-0.51182,0.9,0.715,1.5,-0.27184,6.898,-0.272,-0.00015634486501870626
C_P1.5_N10,eef05cfd-1a64-496e-aea4-8428df9c3b9b,9313bcbf-e559-499a-9658-b277050b37ca,P19,A,3,5.357,6.264,4.161,0.91182,0.4,-0.51182,0.9,0.715,1.5,-0.27184,5.085,-0.272,-0.00015634486501870626
C_P1.5_N10,eef05cfd-1a64-496e-aea4-8428df9c3b9b,0afcfd8d-0965-4364-a90e-c1872c47c12c,P04,B,4,3.759,4.161,6.264,0.08818,0.6,0.51182,0.9,0.715,1.5,0.27184,4.031,0.272,0.00015634486501870626
C_P1.5_N10,eef05cfd-1a64-496e-aea4-8428df9c3b9b,dfda52a3-01e6-4456-b139-f5a74d69cdd3,P23,B,3,4.563,4.161,6.264,0.08818,0.6,0.51182,0.9,0.715,1.5,0.27184,4.835,0.272,0.00015634486501870626
C_P1.5_N10,6a01d571-bf2d-4b08-ab63-53d3b764ac65,1f2d89a9-f3fa-41f6-982c-74b37b29581b,P07,A,3,4.151,4.283,3.799,0.6313,0.625,-0.0063,0.9,0.715,1.5,-0.00334,4.148,-0.003,0.0003436168377937328
C_P1.5_N10,6a01d571-bf2d-4b08-ab63-53d3b764ac65,33f9b461-e8d9-49f7-b81f-f472e956c93f,P13,A,2,4.414,4.283,3.799,0.6313,0.625,-0.0063,0.9,0.715,1.5,-0.00334,4.411,-0.003,0.0003436168377937328
C_P1.5_N10,6a01d571-bf2d-4b08-ab63-53d3b764ac65,32b0e88b-e994-4b10-bf2e-4086a731c027,P12,B,2,3.877,3.799,4.283,0.3687,0.375,0.0063,0.9,0.715,1.5,0.00334,3.88,0.003,-0.0003436168377937328
C_P1.5_N10,6a01d571-bf2d-4b08-ab63-53d3b764ac65,ed66b898-95e9-4f5c-a69c-df19b9c6da3c,P25,B,4,3.72,3.799,4.283,0.3687,0.375,0.0063,0.9,0.715,1.5,0.00334,3.723,0.003,-0.0003436168377937328
C_P1.5_N10,87ba212a-bccc-4be6-92ed-8495c8c0d886,20067ed8-879d-470d-9fdf-138b78039ac3,P08,A,4,6.898,5.363,3.988,0.82168,0.55556,-0.26613,0.9,0.715,1.5,-0.14135,6.757,-0.141,0.00034645961186644165
C_P1.5_N10,87ba212a-bccc-4be6-92ed-8495c8c0d886,23c1639d-675f-4b9a-a331-3ce419306a6a,P09,A,4,3.828,5.363,3.988,0.82168,0.55556,-0.26613,0.9,0.715,1.5,-0.14135,3.687,-0.141,0.00034645961186644165
C_P1.5_N10,87ba212a-bccc-4be6-92ed-8495c8c0d886,27f6c2fe-4682-46a5-a2a2-4962a0d9776e,P10,B,3,4.165,3.988,5.363,0.17832,0.44444,0.26613,0.9,0.715,1.5,0.14135,4.306,0.141,-0.00034645961186644165
C_P1.5_N10,87ba212a-bccc-4be6-92ed-8495c8c0d886,d4acf5d8-317e-4564-8170-8fe09e6aa115,P22,B,3,3.811,3.988,5.363,0.17832,0.44444,0.26613,0.9,0.715,1.5,0.14135,3.952,0.141,-0.00034645961186644165
C_P1.5_N10,9127f50f-f412-4a40-856c-e14097646b7d,27f6c2fe-4682-46a5-a2a2-4962a0d9776e,P10,A,4,4.306,4.105,3.865,0.56614,0.46429,-0.10185,0.9,0.776,1.5,-0.05865,4.247,-0.059,-0.0003471231406564079
C_P1.5_N10,9127f50f-f412-4a40-856c-e14097646b7d,28656f69-2ade-488b-b07a-037fb9bfa311,P11,A,3,3.903,4.105,3.865,0.56614,0.46429,-0.10185,0.9,0.776,1.5,-0.05865,3.844,-0.059,-0.0003471231406564079
C_P1.5_N10,9127f50f-f412-4a40-856c-e14097646b7d,8e7929b9-007e-42c3-aa3f-003d3f4df78f,P17,B,4,4.007,3.865,4.105,0.43386,0.53571,0.10185,0.9,0.776,1.5,0.05865,4.066,0.059,0.0003471231406564079
C_P1.5_N10,9127f50f-f412-4a40-856c-e14097646b7d,ed66b898-95e9-4f5c-a69c-df19b9c6da3c,P25,B,5,3.723,3.865,4.105,0.43386,0.53571,0.10185,0.9,0.776,1.5,0.05865,3.782,0.059,0.0003471231406564079
C_P1.5_N10,fbeddd53-0142-48f1-afa4-8c984b028c2b,0afcfd8d-0965-4364-a90e-c1872c47c12c,P04,A,5,4.031,3.539,5.222,0.13354,1.0,0.86646,0.9,0.776,1.5,0.35,4.381,0.35,0.0
C_P1.5_N10,fbeddd53-0142-48f1-afa4-8c984b028c2b,b5146cb1-84e0-4690-a7ae-d6256b33586c,P20,A,2,3.047,3.539,5.222,0.13354,1.0,0.86646,0.9,0.776,1.5,0.35,3.397,0.35,0.0
C_P1.5_N10,fbeddd53-0142-48f1-afa4-8c984b028c2b,20067ed8-879d-470d-9fdf-138b78039ac3,P08,B,5,6.757,5.222,3.539,0.86646,0.0,-0.86646,0.9,0.776,1.5,-0.35,6.407,-0.35,0.0
C_P1.5_N10,fbeddd53-0142-48f1-afa4-8c984b028c2b,23c1639d-675f-4b9a-a331-3ce419306a6a,P09,B,5,3.687,5.222,3.539,0.86646,0.0,-0.86646,0.9,0.776,1.5,-0.35,3.337,-0.35,0.0
C_P1.5_N10,d782326c-6b6b-48cc-bb4e-4823eb5d1a11,33f9b461-e8d9-49f7-b81f-f472e956c93f,P13,A,3,4.411,4.206,3.52,0.68184,0.83333,0.1515,0.9,0.776,1.5,0.08724,4.498,0.087,-0.0002416275812897245
C_P1.5_N10,d782326c-6b6b-48cc-bb4e-4823eb5d1a11,cb2d6d92-3c1d-453d-aa65-79ca040d61f3,P21,A,0,4.0,4.206,3.52,0.68184,0.83333,0.1515,0.9,0.776,1.5,0.08724,4.087,0.087,-0.0002416275812897245
C_P1.5_N10,d782326c-6b6b-48cc-bb4e-4823eb5d1a11,4952b344-b938-4d7f-9799-ddf405dcf72a,P14,B,2,2.204,3.52,4.206,0.31816,0.16667,-0.1515,0.9,0.776,1.5,-0.08724,2.117,-0.087,0.0002416275812897245
C_P1.5_N10,d782326c-6b6b-48cc-bb4e-4823eb5d1a11,dfda52a3-01e6-4456-b139-f5a74d69cdd3,P23,B,4,4.835,3.52,4.206,0.31816,0.16667,-0.1515,0.9,0.776,1.5,-0.08724,4.748,-0.087,0.0002416275812897245
C_P1.5_N10,4444b26a-6932-440a-864e-029dd40a37d0,0fa0a889-795e-4185-8e11-61e0c1f1929b,P05,A,4,4.441,3.919,4.434,0.36085,0.375,0.01415,0.9,0.776,1.5,0.00815,4.449,0.008,-0.00014710720130927613
C_P1.5_N10,4444b26a-6932-440a-864e-029dd40a37d0,b5146cb1-84e0-4690-a7ae-d6256b33586c,P20,A,3,3.397,3.919,4.434,0.36085,0.375,0.01415,0.9,0.776,1.5,0.00815,3.405,0.008,-0.00014710720130927613
C_P1.5_N10,4444b26a-6932-440a-864e-029dd40a37d0,9313bcbf-e559-499a-9658-b277050b37ca,P19,B,4,5.085,4.434,3.919,0.63915,0.625,-0.01415,0.9,0.776,1.5,-0.00815,5.077,-0.008,0.00014710720130927613
C_P1.5_N10,4444b26a-6932-440a-864e-029dd40a37d0,ed66b898-95e9-4f5c-a69c-df19b9c6da3c,P25,B,6,3.782,4.434,3.919,0.63915,0.625,-0.01415,0.9,0.776,1.5,-0.00815,3.774,-0.008,0.00014710720130927613
C_P1.5_N10,eba3e49a-f356-41a6-9b31-02e74c37e3dd,091f312a-207f-4cea-9d57-437a614affde,P01,A,0,3.5,3.783,4.046,0.4276,0.46429,0.03669,0.9,0.776,1.5,0.02113,3.521,0.021,-0.0001282945252556947
C_P1.5_N10,eba3e49a-f356-41a6-9b31-02e74c37e3dd,8e7929b9-007e-42c3-aa3f-003d3f4df78f,P17,A,5,4.066,3.783,4.046,0.4276,0.46429,0.03669,0.9,0.776,1.5,0.02113,4.087,0.021,-0.0001282945252556947
C_P1.5_N10,eba3e49a-f356-41a6-9b31-02e74c37e3dd,27f6c2fe-4682-46a5-a2a2-4962a0d9776e,P10,B,5,4.247,4.046,3.783,0.5724,0.53571,-0.03669,0.9,0.776,1.5,-0.02113,4.226,-0.021,0.0001282945252556947
C_P1.5_N10,eba3e49a-f356-41a6-9b31-02e74c37e3dd,28656f69-2ade-488b-b07a-037fb9bfa311,P11,B,4,3.844,4.046,3.783,0.5724,0.53571,-0.03669,0.9,0.776,1.5,-0.02113,3.823,-0.021,0.0001282945252556947
C_P1.5_N10,42f76a99-1849-4db1-b133-f5f0db458291,091f312a-207f-4cea-9d57-437a614affde,P01,A,1,3.521,3.804,4.089,0.42149,0.71429,0.2928,0.9,0.776,1.5,0.16861,3.69,0.169,0.0003889631110561836
C_P1.5_N10,42f76a99-1849-4db1-b133-f5f0db458291,cb2d6d92-3c1d-453d-aa65-79ca040d61f3,P21,A,1,4.087,3.804,4.089,0.42149,0.71429,0.2928,0.9,0.776,1.5,0.16861,4.256,0.169,0.0003889631110561836
C_P1.5_N10,42f76a99-1849-4db1-b133-f5f0db458291,27f6c2fe-4682-46a5-a2a2-4962a0d9776e,P10,B,6,4.226,4.089,3.804,0.57851,0.28571,-0.2928,0.9,0.776,1.5,-0.16861,4.057,-0.169,-0.0003889631110561836
C_P1.5_N10,42f76a99-1849-4db1-b133-f5f0db458291,d4acf5d8-317e-4564-8170-8fe09e6aa115,P22,B,4,3.952,4.089,3.804,0.57851,0.28571,-0.2928,0.9,0.776,1.5,-0.16861,3.783,-0.169,-0.0003889631110561836
C_P1.5_N10,a7d12f06-65d8-4881-9c89-1a96aaf41eec,0996ee22-e381-45db-90c2-1863869a244e,P02,A,0,4.0,4.044,4.45,0.38896,0.6,0.21104,0.9,0.776,1.5,0.12153,4.122,0.122,0.00047261366153931506
C_P1.5_N10,a7d12f06-65d8-4881-9c89-1a96aaf41eec,8e7929b9-007e-42c3-aa3f-003d3f4df78f,P17,A,6,4.087,4.044,4.45,0.38896,0.6,0.21104,0.9,0.776,1.5,0.12153,4.209,0.122,0.00047261366153931506
C_P1.5_N10,a7d12f06-65d8-4881-9c89-1a96aaf41eec,28656f69-2ade-488b-b07a-037fb9bfa311,P11,B,5,3.823,4.45,4.044,0.61104,0.4,-0.21104,0.9,0.776,1.5,-0.12153,3.701,-0.122,-0.00047261366153931506
C_P1.5_N10,a7d12f06-65d8-4881-9c89-1a96aaf41eec,9313bcbf-e559-499a-9658-b277050b37ca,P19,B,5,5.077,4.45,4.044,0.61104,0.4,-0.21104,0.9,0.776,1.5,-0.12153,4.955,-0.122,-0.00047261366153931506
C_P1.5_N10,6b1b6b0c-f639-4cde-9dc9-a7993eb52dd0,091f312a-207f-4cea-9d57-437a614affde,P01,A,2,3.69,4.323,4.323,0.49986,0.44444,-0.05542,0.9,0.776,1.5,-0.03191,3.658,-0.032,-8.762018690415348e-05
C_P1.5_N10,6b1b6b0c-f639-4cde-9dc9-a7993eb52dd0,9313bcbf-e559-499a-9658-b277050b37ca,P19,A,6,4.955,4.323,4.323,0.49986,0.44444,-0.05542,0.9,0.776,1.5,-0.03191,4.923,-0.032,-8.762018690415348e-05
C_P1.5_N10,6b1b6b0c-f639-4cde-9dc9-a7993eb52dd0,1f2d89a9-f3fa-41f6-982c-74b37b29581b,P07,B,4,4.148,4.323,4.323,0.50014,0.55556,0.05542,0.9,0.776,1.5,0.03191,4.18,0.032,8.762018690415348e-05
C_P1.5_N10,6b1b6b0c-f639-4cde-9dc9-a7993eb52dd0,33f9b461-e8d9-49f7-b81f-f472e956c93f,P13,B,4,4.498,4.323,4.323,0.50014,0.55556,0.05542,0.9,0.776,1.5,0.03191,4.53,0.032,8.762018690415348e-05
C_P1.5_N10,c9a88ea7-fe59-404d-8266-d011389186e8,d4acf5d8-317e-4564-8170-8fe09e6aa115,P22,A,5,3.783,4.266,3.827,0.61945,0.55556,-0.0639,0.9,0.776,1.5,-0.0368,3.746,-0.037,-0.00020452583014408395
C_P1.5_N10,c9a88ea7-fe59-404d-8266-d011389186e8,dfda52a3-01e6-4456-b139-f5a74d69cdd3,P23,A,5,4.748,4.266,3.827,0.61945,0.55556,-0.0639,0.9,0.776,1.5,-0.0368,4.711,-0.037,-0.00020452583014408395
C_P1.5_N10,c9a88ea7-fe59-404d-8266-d011389186e8,32b0e88b-e994-4b10-bf2e-4086a731c027,P12,B,3,3.88,3.827,4.266,0.38055,0.44444,0.0639,0.9,0.776,1.5,0.0368,3.917,0.037,0.00020452583014408395
C_P1.5_N10,c9a88ea7-fe59-404d-8266-d011389186e8,ed66b898-95e9-4f5c-a69c-df19b9c6da3c,P25,B,7,3.774,3.827,4.266,0.38055,0.44444,0.0639,0.9,0.776,1.5,0.0368,3.811,0.037,0.00020452583014408395
C_P1.5_N10,21bb139e-0201-4ffb-a7de-b50fbf708f58,9313bcbf-e559-499a-9658-b277050b37ca,P19,A,7,4.923,4.59,4.105,0.63155,0.46429,-0.16727,0.9,0.776,1.5,-0.09632,4.827,-0.096,0.0003234785077215457
C_P1.5_N10,21bb139e-0201-4ffb-a7de-b50fbf708f58,cb2d6d92-3c1d-453d-aa65-79ca040d61f3,P21,A,2,4.256,4.59,4.105,0.63155,0.46429,-0.16727,0.9,0.776,1.5,-0.09632,4.16,-0.096,0.0003234785077215457
C_P1.5_N10,21bb139e-0201-4ffb-a7de-b50fbf708f58,09db6874-adc0-46f0-82f7-83cd372cc1f5,P03,B,0,4.0,4.105,4.59,0.36845,0.53571,0.16727,0.9,0.776,1.5,0.09632,4.096,0.096,-0.0003234785077215457
C_P1.5_N10,21bb139e-0201-4ffb-a7de-b50fbf708f58,8e7929b9-007e-42c3-aa3f-003d3f4df78f,P17,B,7,4.209,4.105,4.59,0.36845,0.53571,0.16727,0.9,0.776,1.5,0.09632,4.305,0.096,-0.0003234785077215457
C_P1.5_N10,8982d3cf-5276-491f-8ede-8d0417715df0,09db6874-adc0-46f0-82f7-83cd372cc1f5,P03,A,1,4.096,4.048,5.109,0.23525,0.5,0.26475,0.9,0.812,1.5,0.15967,4.256,0.16,0.0003311899869565278
C_P1.5_N10,8982d3cf-5276-491f-8ede-8d0417715df0,8fa5441d-1934-4810-af86-a11ee051e58f,P18,A,0,4.0,4.048,5.109,0.23525,0.5,0.26475,0.9,0.812,1.5,0.15967,4.16,0.16,0.0003311899869565278
C_P1.5_N10,8982d3cf-5276-491f-8ede-8d0417715df0,20067ed8-879d-470d-9fdf-138b78039ac3,P08,B,6,6.407,5.109,4.048,0.76475,0.5,-0.26475,0.9,0.812,1.5,-0.15967,6.247,-0.16,-0.0003311899869565278
C_P1.5_N10,8982d3cf-5276-491f-8ede-8d0417715df0,ed66b898-95e9-4f5c-a69c-df19b9c6da3c,P25,B,8,3.811,5.109,4.048,0.76475,0.5,-0.26475,0.9,0.812,1.5,-0.15967,3.651,-0.16,-0.0003311899869565278
C_P1.5_N10,db80fefe-8363-444b-9403-b71ecae8b453,20067ed8-879d-470d-9fdf-138b78039ac3,P08,A,7,6.247,5.082,3.902,0.78779,0.6,-0.18779,0.9,0.841,1.5,-0.11725,6.13,-0.117,0.0002508100389614148
C_P1.5_N10,db80fefe-8363-444b-9403-b71ecae8b453,32b0e88b-e994-4b10-bf2e-4086a731c027,P12,A,4,3.917,5.082,3.902,0.78779,0.6,-0.18779,0.9,0.841,1.5,-0.11725,3.8,-0.117,0.0002508100389614148
C_P1.5_N10,db80fefe-8363-444b-9403-b71ecae8b453,27f6c2fe-4682-46a5-a2a2-4962a0d9776e,P10,B,7,4.057,3.902,5.082,0.21221,0.4,0.18779,0.9,0.841,1.5,0.11725,4.174,0.117,-0.0002508100389614148
C_P1.5_N10,db80fefe-8363-444b-9403-b71ecae8b453,d4acf5d8-317e-4564-8170-8fe09e6aa115,P22,B,6,3.746,3.902,5.082,0.21221,0.4,0.18779,0.9,0.841,1.5,0.11725,3.863,0.117,-0.0002508100389614148
C_P1.5_N10,08ad6e83-1698-4b9e-8b11-9e80ac10a9b4,20067ed8-879d-470d-9fdf-138b78039ac3,P08,A,8,6.13,4.124,3.938,0.55148,0.4,-0.15148,0.9,0.841,1.5,-0.09458,6.035,-0.095,-0.00041888189664027924
C_P1.5_N10,08ad6e83-1698-4b9e-8b11-9e80ac10a9b4,4952b344-b938-4d7f-9799-ddf405dcf72a,P14,A,3,2.117,4.124,3.938,0.55148,0.4,-0.15148,0.9,0.841,1.5,-0.09458,2.022,-0.095,-0.00041888189664027924
C_P1.5_N10,08ad6e83-1698-4b9e-8b11-9e80ac10a9b4,27f6c2fe-4682-46a5-a2a2-4962a0d9776e,P10,B,8,4.174,3.938,4.124,0.44852,0.6,0.15148,0.9,0.841,1.5,0.09458,4.269,0.095,0.00041888189664027924
C_P1.5_N10,08ad6e83-1698-4b9e-8b11-9e80ac10a9b4,28656f69-2ade-488b-b07a-037fb9bfa311,P11,B,6,3.701,3.938,4.124,0.44852,0.6,0.15148,0.9,0.841,1.5,0.09458,3.796,0.095,0.00041888189664027924
C_P1.5_N10,e20b223e-f0bd-4bea-adb8-40d1c0ba3083,0afcfd8d-0965-4364-a90e-c1872c47c12c,P04,A,6,4.381,5.208,4.033,0.78686,0.57692,-0.20994,0.9,0.841,1.5,-0.13108,4.25,-0.131,7.843720197961879e-05
C_P1.5_N10,e20b223e-f0bd-4bea-adb8-40d1c0ba3083,20067ed8-879d-470d-9fdf-138b78039ac3,P08,A,9,6.035,5.208,4.033,0.78686,0.57692,-0.20994,0.9,0.841,1.5,-0.13108,5.904,-0.131,7.843720197961879e-05
C_P1.5_N10,e20b223e-f0bd-4bea-adb8-40d1c0ba3083,27f6c2fe-4682-46a5-a2a2-4962a0d9776e,P10,B,9,4.269,4.033,5.208,0.21314,0.42308,0.20994,0.9,0.841,1.5,0.13108,4.4,0.131,-7.843720197961879e-05
C_P1.5_N10,e20b223e-f0bd-4bea-adb8-40d1c0ba3083,28656f69-2ade-488b-b07a-037fb9bfa311,P11,B,7,3.796,4.033,5.208,0.21314,0.42308,0.20994,0.9,0.841,1.5,0.13108,3.927,0.131,-7.843720197961879e-05
C_P1.5_N10,46e90da0-e642-4e9c-bc75-17b4b6b5596f,091f312a-207f-4cea-9d57-437a614affde,P01,A,3,3.658,4.243,4.35,0.47031,0.44444,-0.02587,0.9,0.841,1.5,-0.01615,3.642,-0.016,0.00015127207199500302
C_P1.5_N10,46e90da0-e642-4e9c-bc75-17b4b6b5596f,9313bcbf-e559-499a-9658-b277050b37ca,P19,A,8,4.827,4.243,4.35,0.47031,0.44444,-0.02587,0.9,0.841,1.5,-0.01615,4.811,-0.016,0.00015127207199500302
C_P1.5_N10,46e90da0-e642-4e9c-bc75-17b4b6b5596f,0afcfd8d-0965-4364-a90e-c1872c47c12c,P04,B,7,4.25,4.35,4.243,0.52969,0.55556,0.02587,0.9,0.841,1.5,0.01615,4.266,0.016,-0.00015127207199500302
C_P1.5_N10,46e90da0-e642-4e9c-bc75-17b4b6b5596f,0fa0a889-795e-4185-8e11-61e0c1f1929b,P05,B,5,4.449,4.35,4.243,0.52969,0.55556,0.02587,0.9,0.841,1.5,0.01615,4.465,0.016,-0.00015127207199500302
C_P1.5_N10,9ccc3f52-a4d5-4b07-9518-34a896671e8a,8e7929b9-007e-42c3-aa3f-003d3f4df78f,P17,A,8,4.305,3.855,4.164,0.41513,0.46429,0.04915,0.9,0.841,1.5,0.03069,4.336,0.031,0.000311910327406928
C_P1.5_N10,9ccc3f52-a4d5-4b07-9518-34a896671e8a,b5146cb1-84e0-4690-a7ae-d6256b33586c,P20,A,4,3.405,3.855,4.164,0.41513,0.46429,0.04915,0.9,0.841,1.5,0.03069,3.436,0.031,0.000311910327406928
C_P1.5_N10,9ccc3f52-a4d5-4b07-9518-34a896671e8a,27f6c2fe-4682-46a5-a2a2-4962a0d9776e,P10,B,10,4.4,4.164,3.855,0.58487,0.53571,-0.04915,0.9,0.841,1.0,-0.02046,4.38,-0.02,0.00045872644839538133
C_P1.5_N10,9ccc3f52-a4d5-4b07-9518-34a896671e8a,28656f69-2ade-488b-b07a-037fb9bfa311,P11,B,8,3.927,4.164,3.855,0.58487,0.53571,-0.04915,0.9,0.841,1.5,-0.03069,3.896,-0.031,-0.000311910327406928
C_P1.5_N10,ee391d96-8de4-42ce-a205-c1cdfb456904,4952b344-b938-4d7f-9799-ddf405dcf72a,P14,A,4,2.022,3.417,4.165,0.30329,0.5,0.19671,0.9,0.841,1.5,0.12282,2.145,0.123,0.00018277938685946996
C_P1.5_N10,ee391d96-8de4-42ce-a205-c1cdfb456904,9313bcbf-e559-499a-9658-b277050b37ca,P19,A,9,4.811,3.417,4.165,0.30329,0.5,0.19671,0.9,0.841,1.5,0.12282,4.934,0.123,0.00018277938685946996
C_P1.5_N10,ee391d96-8de4-42ce-a205-c1cdfb456904,32b0e88b-e994-4b10-bf2e-4086a731c027,P12,B,5,3.8,4.165,3.417,0.69671,0.5,-0.19671,0.9,0.841,1.5,-0.12282,3.677,-0.123,-0.00018277938685946996
C_P1.5_N10,ee391d96-8de4-42ce-a205-c1cdfb456904,33f9b461-e8d9-49f7-b81f-f472e956c93f,P13,B,5,4.53,4.165,3.417,0.69671,0.5,-0.19671,0.9,0.841,1.5,-0.12282,4.407,-0.123,-0.00018277938685946996
C_P1.5_N10,f3b149b5-28f9-4362-b063-42dcdfd9af4f,091f312a-207f-4cea-9d57-437a614affde,P01,A,4,3.642,3.954,4.423,0.37272,0.71429,0.34156,0.9,0.841,1.5,0.21326,3.855,0.213,-0.00026042001097744473
C_P1.5_N10,f3b149b5-28f9-4362-b063-42dcdfd9af4f,0afcfd8d-0965-4364-a90e-c1872c47c12c,P04,A,8,4.266,3.954,4.423,0.37272,0.71429,0.34156,0.9,0.841,1.5,0.21326,4.479,0.213,-0.00026042001097744473
C_P1.5_N10,f3b149b5-28f9-4362-b063-42dcdfd9af4f,0fa0a889-795e-4185-8e11-61e0c1f1929b,P05,B,6,4.465,4.423,3.954,0.62728,0.28571,-0.34156,0.9,0.841,1.5,-0.21326,4.252,-0.213,0.00026042001097744473
C_P1.5_N10,f3b149b5-28f9-4362-b063-42dcdfd9af4f,27f6c2fe-4682-46a5-a2a2-4962a0d9776e,P10,B,11,4.38,4.423,3.954,0.62728,0.28571,-0.34156,0.9,0.841,1.0,-0.14217,4.238,-0.142,0.0001736133406516298
C_P1.5_N10,582ecfb9-c710-4531-b49d-78ccd3f000f7,32b0e88b-e994-4b10-bf2e-4086a731c027,P12,A,6,3.677,4.306,3.021,0.80655,0.71429,-0.09227,0.9,0.841,1.5,-0.05761,3.619,-0.058,-0.00039033825544741577
C_P1.5_N10,582ecfb9-c710-4531-b49d-78ccd3f000f7,9313bcbf-e559-499a-9658-b277050b37ca,P19,A,10,4.934,4.306,3.021,0.80655,0.71429,-0.09227,0.9,0.841,1.0,-0.03841,4.896,-0.038,0.00040644116303505617
C_P1.5_N10,582ecfb9-c710-4531-b49d-78ccd3f000f7,28656f69-2ade-488b-b07a-037fb9bfa311,P11,B,9,3.896,3.021,4.306,0.19345,0.28571,0.09227,0.9,0.841,1.5,0.05761,3.954,0.058,0.00039033825544741577
C_P1.5_N10,582ecfb9-c710-4531-b49d-78ccd3f000f7,4952b344-b938-4d7f-9799-ddf405dcf72a,P14,B,5,2.145,3.021,4.306,0.19345,0.28571,0.09227,0.9,0.841,1.5,0.05761,2.203,0.058,0.00039033825544741577
C_P1.5_N10,cc03e92d-6065-4561-9a3c-04717e8c9905,0fa0a889-795e-4185-8e11-61e0c1f1929b,P05,A,7,4.252,4.574,4.778,0.44371,0.6,0.15629,0.9,0.841,1.5,0.09758,4.35,0.098,0.0004190478797358457
C_P1.5_N10,cc03e92d-6065-4561-9a3c-04717e8c9905,9313bcbf-e559-499a-9658-b277050b37ca,P19,A,11,4.896,4.574,4.778,0.44371,0.6,0.15629,0.9,0.841,1.0,0.06505,4.961,0.065,-5.396808017610284e-05
C_P1.5_N10,cc03e92d-6065-4561-9a3c-04717e8c9905,20067ed8-879d-470d-9fdf-138b78039ac3,P08,B,10,5.904,4.778,4.574,0.55629,0.4,-0.15629,0.9,0.841,1.0,-0.06505,5.839,-0.065,5.396808017610284e-05
C_P1.5_N10,cc03e92d-6065-4561-9a3c-04717e8c9905,ed66b898-95e9-4f5c-a69c-df19b9c6da3c,P25,B,9,3.651,4.778,4.574,0.55629,0.4,-0.15629,0.9,0.841,1.5,-0.09758,3.553,-0.098,-0.0004190478797358457
C_P1.5_N10,cfbc251b-3ce2-41af-aac8-8943d8f1e396,0996ee22-e381-45db-90c2-1863869a244e,P02,A,1,4.122,4.229,3.89,0.5932,0.44444,-0.14876,0.9,0.841,1.5,-0.09288,4.029,-0.093,-0.00012030042044901895
C_P1.5_N10,cfbc251b-3ce2-41af-aac8-8943d8f1e396,8e7929b9-007e-42c3-aa3f-003d3f4df78f,P17,A,9,4.336,4.229,3.89,0.5932,0.44444,-0.14876,0.9,0.841,1.5,-0.09288,4.243,-0.093,-0.00012030042044901895
C_P1.5_N10,cfbc251b-3ce2-41af-aac8-8943d8f1e396,32b0e88b-e994-4b10-bf2e-4086a731c027,P12,B,7,3.619,3.89,4.229,0.4068,0.55556,0.14876,0.9,0.841,1.5,0.09288,3.712,0.093,0.00012030042044901895
C_P1.5_N10,cfbc251b-3ce2-41af-aac8-8943d8f1e396,8fa5441d-1934-4810-af86-a11ee051e58f,P18,B,1,4.16,3.89,4.229,0.4068,0.55556,0.14876,0.9,0.841,1.5,0.09288,4.253,0.093,0.00012030042044901895
C_P1.5_N10,eb6641d5-8f9d-4284-9b9f-8d09a46004dd,0996ee22-e381-45db-90c2-1863869a244e,P02,A,2,4.029,4.136,3.905,0.56395,0.625,0.06105,0.9,0.841,1.5,0.03812,4.067,0.038,-0.00011543983337838619
C_P1.5_N10,eb6641d5-8f9d-4284-9b9f-8d09a46004dd,8e7929b9-007e-42c3-aa3f-003d3f4df78f,P17,A,10,4.243,4.136,3.905,0.56395,0.625,0.06105,0.9,0.841,1.0,0.02541,4.268,0.025,-0.00041029322225225745
C_P1.5_N10,eb6641d5-8f9d-4284-9b9f-8d09a46004dd,09db6874-adc0-46f0-82f7-83cd372cc1f5,P03,B,2,4.256,3.905,4.136,0.43605,0.375,-0.06105,0.9,0.841,1.5,-0.03812,4.218,-0.038,0.00011543983337838619
C_P1.5_N10,eb6641d5-8f9d-4284-9b9f-8d09a46004dd,ed66b898-95e9-4f5c-a69c-df19b9c6da3c,P25,B,10,3.553,3.905,4.136,0.43605,0.375,-0.06105,0.9,0.841,1.0,-0.02541,3.528,-0.025,0.00041029322225225745
C_P1.5_N10,22635c77-8955-4f42-846b-ee2b2fb46872,09db6874-adc0-46f0-82f7-83cd372cc1f5,P03,A,3,4.218,3.873,3.852,0.50583,0.57692,0.07109,0.9,0.841,1.5,0.04439,4.262,0.044,-0.0003861548162551931
C_P1.5_N10,22635c77-8955-4f42-846b-ee2b2fb46872,ed66b898-95e9-4f5c-a69c-df19b9c6da3c,P25,A,11,3.528,3.873,3.852,0.50583,0.57692,0.07109,0.9,0.841,1.0,0.02959,3.558,0.03,0.00040923012249653793
C_P1.5_N10,22635c77-8955-4f42-846b-ee2b2fb46872,8e7929b9-007e-42c3-aa3f-003d3f4df78f,P17,B,11,4.268,3.852,3.873,0.49417,0.42308,-0.07109,0.9,0.841,1.0,-0.02959,4.238,-0.03,-0.00040923012249653793
C_P1.5_N10,22635c77-8955-4f42-846b-ee2b2fb46872,b5146cb1-84e0-4690-a7ae-d6256b33586c,P20,B,5,3.436,3.852,3.873,0.49417,0.42308,-0.07109,0.9,0.841,1.5,-0.04439,3.392,-0.044,0.0003861548162551931
C_P1.5_N10,8b5a8b8c-6a43-4782-8581-0a28f3244d65,20067ed8-879d-470d-9fdf-138b78039ac3,P08,A,11,5.839,4.699,4.335,0.59976,0.25,-0.34976,0.9,0.841,1.0,-0.14558,5.693,-0.146,-0.00041666921949252284
C_P1.5_N10,8b5a8b8c-6a43-4782-8581-0a28f3244d65,ed66b898-95e9-4f5c-a69c-df19b9c6da3c,P25,A,12,3.558,4.699,4.335,0.59976,0.25,-0.34976,0.9,0.841,1.0,-0.14558,3.412,-0.146,-0.00041666921949252284
C_P1.5_N10,8b5a8b8c-6a43-4782-8581-0a28f3244d65,09db6874-adc0-46f0-82f7-83cd372cc1f5,P03,B,4,4.262,4.335,4.699,0.40024,0.75,0.34976,0.9,0.841,1.5,0.21837,4.48,0.218,-0.0003749961707612157
C_P1.5_N10,8b5a8b8c-6a43-4782-8581-0a28f3244d65,33f9b461-e8d9-49f7-b81f-f472e956c93f,P13,B,6,4.407,4.335,4.699,0.40024,0.75,0.34976,0.9,0.841,1.5,0.21837,4.625,0.218,-0.0003749961707612157
C_P1.5_N10,8afb7ce5-b3d5-4431-946b-4ddf97e7d426,20067ed8-879d-470d-9fdf-138b78039ac3,P08,A,12,5.693,4.553,4.24,0.58594,0.28571,-0.30023,0.9,0.841,1.0,-0.12497,5.568,-0.125,-3.134289055865037e-05
C_P1.5_N10,8afb7ce5-b3d5-4431-946b-4ddf97e7d426,ed66b898-95e9-4f5c-a69c-df19b9c6da3c,P25,A,13,3.412,4.553,4.24,0.58594,0.28571,-0.30023,0.9,0.841,1.0,-0.12497,3.287,-0.125,-3.134289055865037e-05
C_P1.5_N10,8afb7ce5-b3d5-4431-946b-4ddf97e7d426,091f312a-207f-4cea-9d57-437a614affde,P01,B,5,3.855,4.24,4.553,0.41406,0.71429,0.30023,0.9,0.841,1.5,0.18745,4.042,0.187,-0.00045298566416202446
C_P1.5_N10,8afb7ce5-b3d5-4431-946b-4ddf97e7d426,33f9b461-e8d9-49f7-b81f-f472e956c93f,P13,B,7,4.625,4.24,4.553,0.41406,0.71429,0.30023,0.9,0.841,1.5,0.18745,4.812,0.187,-0.00045298566416202446
C_P1.5_N10,0a2a5bf6-21b9-4da6-bd9b-6594b0296ed5,091f312a-207f-4cea-9d57-437a614affde,P01,A,6,4.042,4.427,3.079,0.81733,0.65217,-0.16515,0.9,0.851,1.5,-0.10431,3.938,-0.104,0.0003132747288310835
C_P1.5_N10,0a2a5bf6-21b9-4da6-bd9b-6594b0296ed5,33f9b461-e8d9-49f7-b81f-f472e956c93f,P13,A,8,4.812,4.427,3.079,0.81733,0.65217,-0.16515,0.9,0.851,1.5,-0.10431,4.708,-0.104,0.0003132747288310835
C_P1.5_N10,0a2a5bf6-21b9-4da6-bd9b-6594b0296ed5,28656f69-2ade-488b-b07a-037fb9bfa311,P11,B,10,3.954,3.079,4.427,0.18267,0.34783,0.16515,0.9,0.851,1.0,0.06954,4.024,0.07,0.00045781684744594436
C_P1.5_N10,0a2a5bf6-21b9-4da6-bd9b-6594b0296ed5,4952b344-b938-4d7f-9799-ddf405dcf72a,P14,B,6,2.203,3.079,4.427,0.18267,0.34783,0.16515,0.9,0.851,1.5,0.10431,2.307,0.104,-0.0003132747288310835
C_P1.5_N10,2828359d-f95b-4320-a7db-5184b305dfeb,32b0e88b-e994-4b10-bf2e-4086a731c027,P12,A,8,3.712,3.983,4.323,0.40653,0.34783,-0.0587,0.9,0.851,1.5,-0.03708,3.675,-0.037,7.791733644927436e-05
C_P1.5_N10,2828359d-f95b-4320-a7db-5184b305dfeb,8fa5441d-1934-4810-af86-a11ee051e58f,P18,A,2,4.253,3.983,4.323,0.40653,0.34783,-0.0587,0.9,0.851,1.5,-0.03708,4.216,-0.037,7.791733644927436e-05
C_P1.5_N10,2828359d-f95b-4320-a7db-5184b305dfeb,091f312a-207f-4cea-9d57-437a614affde,P01,B,7,3.938,4.323,3.983,0.59347,0.65217,0.0587,0.9,0.851,1.5,0.03708,3.975,0.037,-7.791733644927436e-05
C_P1.5_N10,2828359d-f95b-4320-a7db-5184b305dfeb,33f9b461-e8d9-49f7-b81f-f472e956c93f,P13,B,9,4.708,4.323,3.983,0.59347,0.65217,0.0587,0.9,0.851,1.5,0.03708,4.745,0.037,-7.791733644927436e-05
C_P1.5_N10,eb4a38ec-5b27-4a51-bfca-8aea690e14d3,1f2d89a9-f3fa-41f6-982c-74b37b29581b,P07,A,5,4.18,4.463,4.595,0.46326,0.57692,0.11366,0.9,0.861,1.5,0.07263,4.253,0.073,0.0003744014062503896
C_P1.5_N10,eb4a38ec-5b27-4a51-bfca-8aea690e14d3,33f9b461-e8d9-49f7-b81f-f472e956c93f,P13,A,10,4.745,4.463,4.595,0.46326,0.57692,0.11366,0.9,0.861,1.0,0.04842,4.793,0.048,-0.00041706572916640693
C_P1.5_N10,eb4a38ec-5b27-4a51-bfca-8aea690e14d3,0afcfd8d-0965-4364-a90e-c1872c47c12c,P04,B,9,4.479,4.595,4.463,0.53674,0.42308,-0.11366,0.9,0.861,1.5,-0.07263,4.406,-0.073,-0.0003744014062503896
C_P1.5_N10,eb4a38ec-5b27-4a51-bfca-8aea690e14d3,dfda52a3-01e6-4456-b139-f5a74d69cdd3,P23,B,6,4.711,4.595,4.463,0.53674,0.42308,-0.11366,0.9,0.861,1.5,-0.07263,4.638,-0.073,-0.0003744014062503896
C_P1.5_N10,7c95849f-cb1a-493d-99d3-db6cf7fda568,0fa0a889-795e-4185-8e11-61e0c1f1929b,P05,A,8,4.35,3.871,3.357,0.63915,0.42308,-0.21607,0.9,0.861,1.5,-0.13806,4.212,-0.138,6.043802500818281e-05
C_P1.5_N10,7c95849f-cb1a-493d-99d3-db6cf7fda568,b5146cb1-84e0-4690-a7ae-d6256b33586c,P20,A,6,3.392,3.871,3.357,0.63915,0.42308,-0.21607,0.9,0.861,1.5,-0.13806,3.254,-0.138,6.043802500818281e-05
C_P1.5_N10,7c95849f-cb1a-493d-99d3-db6cf7fda568,0afcfd8d-0965-4364-a90e-c1872c47c12c,P04,B,10,4.406,3.357,3.871,0.36085,0.57692,0.21607,0.9,0.861,1.0,0.09204,4.498,0.092,-4.0292016672121874e-05
C_P1.5_N10,7c95849f-cb1a-493d-99d3-db6cf7fda568,4952b344-b938-4d7f-9799-ddf405dcf72a,P14,B,7,2.307,3.357,3.871,0.36085,0.57692,0.21607,0.9,0.861,1.5,0.13806,2.445,0.138,-6.043802500818281e-05
C_P1.5_N10,8b58dded-0308-486f-bdc4-5dbf37890e1e,4952b344-b938-4d7f-9799-ddf405dcf72a,P14,A,8,2.445,3.542,3.638,0.47336,0.5,0.02664,0.9,0.912,1.5,0.01804,2.463,0.018,-3.5008655156420266e-05
C_P1.5_N10,8b58dded-0308-486f-bdc4-5dbf37890e1e,dfda52a3-01e6-4456-b139-f5a74d69cdd3,P23,A,7,4.638,3.542,3.638,0.47336,0.5,0.02664,0.9,0.912,1.5,0.01804,4.656,0.018,-3.5008655156420266e-05
C_P1.5_N10,8b58dded-0308-486f-bdc4-5dbf37890e1e,33f9b461-e8d9-49f7-b81f-f472e956c93f,P13,B,11,4.793,3.638,3.542,0.52664,0.5,-0.02664,0.9,0.912,1.0,-0.01202,4.781,-0.012,2.333910343761351e-05
C_P1.5_N10,8b58dded-0308-486f-bdc4-5dbf37890e1e,524889fc-4f50-41bb-b22b-cd5046ba728d,P15,B,3,2.482,3.638,3.542,0.52664,0.5,-0.02664,0.9,0.912,1.5,-0.01804,2.464,-0.018,3.5008655156420266e-05
C_P1.5_N10,a6821b7d-e797-42c6-987a-775e3e8fafb5,09db6874-adc0-46f0-82f7-83cd372cc1f5,P03,A,5,4.48,4.252,3.338,0.73411,0.6,-0.13411,0.9,0.989,1.5,-0.09843,4.382,-0.098,0.0004299828662441404
C_P1.5_N10,a6821b7d-e797-42c6-987a-775e3e8fafb5,28656f69-2ade-488b-b07a-037fb9bfa311,P11,A,11,4.024,4.252,3.338,0.73411,0.6,-0.13411,0.9,0.989,1.0,-0.06562,3.958,-0.066,-0.0003800114225039064
C_P1.5_N10,a6821b7d-e797-42c6-987a-775e3e8fafb5,0fa0a889-795e-4185-8e11-61e0c1f1929b,P05,B,9,4.212,3.338,4.252,0.26589,0.4,0.13411,0.9,0.989,1.5,0.09843,4.31,0.098,-0.0004299828662441404
C_P1.5_N10,a6821b7d-e797-42c6-987a-775e3e8fafb5,524889fc-4f50-41bb-b22b-cd5046ba728d,P15,B,4,2.464,3.338,4.252,0.26589,0.4,0.13411,0.9,0.989,1.5,0.09843,2.562,0.098,-0.0004299828662441404
C_P1.5_N10,936986a8-0666-4578-b38e-1d09c46579b7,09db6874-adc0-46f0-82f7-83cd372cc1f5,P03,A,6,4.382,4.17,4.189,0.49486,0.68182,0.18696,0.9,0.989,1.5,0.13722,4.519,0.137,-0.00022105875371046567
C_P1.5_N10,936986a8-0666-4578-b38e-1d09c46579b7,28656f69-2ade-488b-b07a-037fb9bfa311,P11,A,12,3.958,4.17,4.189,0.49486,0.68182,0.18696,0.9,0.989,1.0,0.09148,4.049,0.091,-0.0004807058358069771
C_P1.5_N10,936986a8-0666-4578-b38e-1d09c46579b7,0996ee22-e381-45db-90c2-1863869a244e,P02,B,3,4.067,4.189,4.17,0.50514,0.31818,-0.18696,0.9,0.989,1.5,-0.13722,3.93,-0.137,0.00022105875371046567
C_P1.5_N10,936986a8-0666-4578-b38e-1d09c46579b7,0fa0a889-795e-4185-8e11-61e0c1f1929b,P05,B,10,4.31,4.189,4.17,0.50514,0.31818,-0.18696,0.9,0.989,1.0,-0.09148,4.219,-0.091,0.0004807058358069771
C_P1.5_N10,a29529c6-5899-4297-90aa-d390a4823c65,0996ee22-e381-45db-90c2-1863869a244e,P02,A,4,3.93,4.225,3.795,0.61709,0.6,-0.01709,0.9,0.989,1.5,-0.01254,3.917,-0.013,-0.0004551554322906736
C_P1.5_N10,a29529c6-5899-4297-90aa-d390a4823c65,09db6874-adc0-46f0-82f7-83cd372cc1f5,P03,A,7,4.519,4.225,3.795,0.61709,0.6,-0.01709,0.9,0.989,1.5,-0.01254,4.506,-0.013,-0.0004551554322906736
C_P1.5_N10,a29529c6-5899-4297-90aa-d390a4823c65,1f2d89a9-f3fa-41f6-982c-74b37b29581b,P07,B,6,4.253,3.795,4.225,0.38291,0.4,0.01709,0.9,0.989,1.5,0.01254,4.266,0.013,0.0004551554322906736
C_P1.5_N10,a29529c6-5899-4297-90aa-d390a4823c65,23c1639d-675f-4b9a-a331-3ce419306a6a,P09,B,6,3.337,3.795,4.225,0.38291,0.4,0.01709,0.9,0.989,1.5,0.01254,3.35,0.013,0.0004551554322906736
C_P1.5_N10,053f8c34-5e15-4f83-bbaf-75197fd4d045,09db6874-adc0-46f0-82f7-83cd372cc1f5,P03,A,8,4.506,4.278,3.785,0.63362,0.4,-0.23362,0.9,0.989,1.5,-0.17147,4.335,-0.171,0.00047036011644857714
C_P1.5_N10,053f8c34-5e15-4f83-bbaf-75197fd4d045,28656f69-2ade-488b-b07a-037fb9bfa311,P11,A,13,4.049,4.278,3.785,0.63362,0.4,-0.23362,0.9,0.989,1.0,-0.11431,3.935,-0.114,0.0003135734109657181
C_P1.5_N10,053f8c34-5e15-4f83-bbaf-75197fd4d045,0fa0a889-795e-4185-8e11-61e0c1f1929b,P05,B,11,4.219,3.785,4.278,0.36638,0.6,0.23362,0.9,0.989,1.0,0.11431,4.333,0.114,-0.0003135734109657181
C_P1.5_N10,053f8c34-5e15-4f83-bbaf-75197fd4d045,23c1639d-675f-4b9a-a331-3ce419306a6a,P09,B,7,3.35,3.785,4.278,0.36638,0.6,0.23362,0.9,0.989,1.5,0.17147,3.521,0.171,-0.00047036011644857714
C_P1.5_N10,e862e4a1-932f-4a47-97f1-d286ab4be13b,09db6874-adc0-46f0-82f7-83cd372cc1f5,P03,A,9,4.335,3.399,3.499,0.47225,0.75,0.27775,0.9,0.989,1.5,0.20386,4.539,0.204,0.00013993285219380793
C_P1.5_N10,e862e4a1-932f-4a47-97f1-d286ab4be13b,4952b344-b938-4d7f-9799-ddf405dcf72a,P14,A,9,2.463,3.399,3.499,0.47225,0.75,0.27775,0.9,0.989,1.5,0.20386,2.667,0.204,0.00013993285219380793
C_P1.5_N10,e862e4a1-932f-4a47-97f1-d286ab4be13b,0afcfd8d-0965-4364-a90e-c1872c47c12c,P04,B,11,4.498,3.499,3.399,0.52775,0.25,-0.27775,0.9,0.989,1.0,-0.13591,4.362,-0.136,-9.328856812920528e-05
C_P1.5_N10,e862e4a1-932f-4a47-97f1-d286ab4be13b,e82e0c7f-ec26-4880-a11c-8e93cdb4e9ae,P24,B,0,2.5,3.499,3.399,0.52775,0.25,-0.27775,0.9,0.989,1.5,-0.20386,2.296,-0.204,-0.00013993285219380793
C_P1.5_N10,6450ccec-a86f-45aa-a4bf-6ae871905ca5,32b0e88b-e994-4b10-bf2e-4086a731c027,P12,A,9,3.675,4.228,3.329,0.73084,0.65217,-0.07867,0.9,0.989,1.5,-0.05774,3.617,-0.058,-0.00026127396434051073
C_P1.5_N10,6450ccec-a86f-45aa-a4bf-6ae871905ca5,33f9b461-e8d9-49f7-b81f-f472e956c93f,P13,A,12,4.781,4.228,3.329,0.73084,0.65217,-0.07867,0.9,0.989,1.0,-0.03849,4.743,-0.038,0.0004924840237729929
C_P1.5_N10,6450ccec-a86f-45aa-a4bf-6ae871905ca5,0afcfd8d-0965-4364-a90e-c1872c47c12c,P04,B,12,4.362,3.329,4.228,0.26916,0.34783,0.07867,0.9,0.989,1.0,0.03849,4.4,0.038,-0.0004924840237729929
C_P1.5_N10,6450ccec-a86f-45aa-a4bf-6ae871905ca5,e82e0c7f-ec26-4880-a11c-8e93cdb4e9ae,P24,B,1,2.296,3.329,4.228,0.26916,0.34783,0.07867,0.9,0.989,1.5,0.05774,2.354,0.058,0.00026127396434051073
C_P1.5_N10,b1c79180-37ca-45a4-9518-abc27a48f51d,20067ed8-879d-470d-9fdf-138b78039ac3,P08,A,13,5.568,4.428,3.762,0.677,0.75,0.073,0.9,0.989,1.0,0.03572,5.604,0.036,0.00027801827222117555
C_P1.5_N10,b1c79180-37ca-45a4-9518-abc27a48f51d,ed66b898-95e9-4f5c-a69c-df19b9c6da3c,P25,A,14,3.287,4.428,3.762,0.677,0.75,0.073,0.9,0.989,1.0,0.03572,3.323,0.036,0.00027801827222117555
C_P1.5_N10,b1c79180-37ca-45a4-9518-abc27a48f51d,524889fc-4f50-41bb-b22b-cd5046ba728d,P15,B,5,2.562,3.762,4.428,0.323,0.25,-0.073,0.9,0.989,1.5,-0.05358,2.508,-0.054,-0.00041702740833176336
C_P1.5_N10,b1c79180-37ca-45a4-9518-abc27a48f51d,9313bcbf-e559-499a-9658-b277050b37ca,P19,B,12,4.961,3.762,4.428,0.323,0.25,-0.073,0.9,0.989,1.0,-0.03572,4.925,-0.036,-0.00027801827222117555
C_P1.5_N10,2bc4809f-4961-4e1a-894d-a848b2ae55a6,27f6c2fe-4682-46a5-a2a2-4962a0d9776e,P10,A,12,4.238,4.238,4.134,0.52886,0.5,-0.02886,0.9,0.989,1.0,-0.01412,4.224,-0.014,0.00012004180849300297
C_P1.5_N10,2bc4809f-4961-4e1a-894d-a848b2ae55a6,8e7929b9-007e-42c3-aa3f-003d3f4df78f,P17,A,12,4.238,4.238,4.134,0.52886,0.5,-0.02886,0.9,0.989,1.0,-0.01412,4.224,-0.014,0.00012004180849300297
C_P1.5_N10,2bc4809f-4961-4e1a-894d-a848b2ae55a6,0fa0a889-795e-4185-8e11-61e0c1f1929b,P05,B,12,4.333,4.134,4.238,0.47114,0.5,0.02886,0.9,0.989,1.0,0.01412,4.347,0.014,-0.00012004180849300297
C_P1.5_N10,2bc4809f-4961-4e1a-894d-a848b2ae55a6,28656f69-2ade-488b-b07a-037fb9bfa311,P11,B,14,3.935,4.134,4.238,0.47114,0.5,0.02886,0.9,0.989,1.0,0.01412,3.949,0.014,-0.00012004180849300297
C_P1.5_N10,4383b3be-9fce-4612-a59a-02207116a9e1,20067ed8-879d-470d-9fdf-138b78039ac3,P08,A,14,5.604,4.464,3.705,0.69905,0.55556,-0.14349,0.9,0.989,1.0,-0.07021,5.534,-0.07,0.00021386722768111633
C_P1.5_N10,4383b3be-9fce-4612-a59a-02207116a9e1,ed66b898-95e9-4f5c-a69c-df19b9c6da3c,P25,A,15,3.323,4.464,3.705,0.69905,0.55556,-0.14349,0.9,0.989,1.0,-0.07021,3.253,-0.07,0.00021386722768111633
C_P1.5_N10,4383b3be-9fce-4612-a59a-02207116a9e1,33f9b461-e8d9-49f7-b81f-f472e956c93f,P13,B,13,4.743,3.705,4.464,0.30095,0.44444,0.14349,0.9,0.989,1.0,0.07021,4.813,0.07,-0.00021386722768111633
C_P1.5_N10,4383b3be-9fce-4612-a59a-02207116a9e1,4952b344-b938-4d7f-9799-ddf405dcf72a,P14,B,10,2.667,3.705,4.464,0.30095,0.44444,0.14349,0.9,0.989,1.0,0.07021,2.737,0.07,-0.00021386722768111633
C_P1.5_N10,b75e356b-24af-4c88-9a4d-7328cb9d74d2,33f9b461-e8d9-49f7-b81f-f472e956c93f,P13,A,14,4.813,4.869,4.224,0.67187,0.55556,-0.11632,0.9,0.989,1.0,-0.05692,4.756,-0.057,-8.4404004874091e-05
C_P1.5_N10,b75e356b-24af-4c88-9a4d-7328cb9d74d2,9313bcbf-e559-499a-9658-b277050b37ca,P19,A,13,4.925,4.869,4.224,0.67187,0.55556,-0.11632,0.9,0.989,1.0,-0.05692,4.868,-0.057,-8.4404004874091e-05
C_P1.5_N10,b75e356b-24af-4c88-9a4d-7328cb9d74d2,27f6c2fe-4682-46a5-a2a2-4962a0d9776e,P10,B,13,4.224,4.224,4.869,0.32813,0.44444,0.11632,0.9,0.989,1.0,0.05692,4.281,0.057,8.4404004874091e-05
C_P1.5_N10,b75e356b-24af-4c88-9a4d-7328cb9d74d2,8e7929b9-007e-42c3-aa3f-003d3f4df78f,P17,B,13,4.224,4.224,4.869,0.32813,0.44444,0.11632,0.9,0.989,1.0,0.05692,4.281,0.057,8.4404004874091e-05
C_P1.5_N10,c63169fa-2db0-4892-b92e-7cda41f73bf3,d4acf5d8-317e-4564-8170-8fe09e6aa115,P22,A,7,3.863,3.558,4.576,0.24406,0.4,0.15594,0.9,0.989,1.5,0.11446,3.977,0.114,-0.0004565758214404716
C_P1.5_N10,c63169fa-2db0-4892-b92e-7cda41f73bf3,ed66b898-95e9-4f5c-a69c-df19b9c6da3c,P25,A,16,3.253,3.558,4.576,0.24406,0.4,0.15594,0.9,0.989,1.0,0.0763,3.329,0.076,-0.00030438388096031444
C_P1.5_N10,c63169fa-2db0-4892-b92e-7cda41f73bf3,20067ed8-879d-470d-9fdf-138b78039ac3,P08,B,15,5.534,4.576,3.558,0.75594,0.6,-0.15594,0.9,0.989,1.0,-0.0763,5.458,-0.076,0.00030438388096031444
C_P1.5_N10,c63169fa-2db0-4892-b92e-7cda41f73bf3,32b0e88b-e994-4b10-bf2e-4086a731c027,P12,B,10,3.617,4.576,3.558,0.75594,0.6,-0.15594,0.9,0.989,1.0,-0.0763,3.541,-0.076,0.00030438388096031444
C_P1.5_N10,cfb52d2a-8e35-42e7-959b-536e6fc4554b,20067ed8-879d-470d-9fdf-138b78039ac3,P08,A,16,5.458,4.394,3.569,0.71436,0.53571,-0.17865,0.9,0.989,1.0,-0.08742,5.371,-0.087,0.00041511644251187544
C_P1.5_N10,cfb52d2a-8e35-42e7-959b-536e6fc4554b,ed66b898-95e9-4f5c-a69c-df19b9c6da3c,P25,A,17,3.329,4.394,3.569,0.71436,0.53571,-0.17865,0.9,0.989,1.0,-0.08742,3.242,-0.087,0.00041511644251187544
C_P1.5_N10,cfb52d2a-8e35-42e7-959b-536e6fc4554b,0afcfd8d-0965-4364-a90e-c1872c47c12c,P04,B,13,4.4,3.569,4.394,0.28564,0.46429,0.17865,0.9,0.989,1.0,0.08742,4.487,0.087,-0.00041511644251187544
C_P1.5_N10,cfb52d2a-8e35-42e7-959b-536e6fc4554b,4952b344-b938-4d7f-9799-ddf405dcf72a,P14,B,11,2.737,3.569,4.394,0.28564,0.46429,0.17865,0.9,0.989,1.0,0.08742,2.824,0.087,-0.00041511644251187544
C_P1.5_N10,48337539-7d04-41d5-a7d8-499c4535f109,20067ed8-879d-470d-9fdf-138b78039ac3,P08,A,17,5.371,4.307,4.575,0.4261,0.5,0.0739,0.9,0.989,1.0,0.03616,5.407,0.036,-0.00015993904496893347
C_P1.5_N10,48337539-7d04-41d5-a7d8-499c4535f109,ed66b898-95e9-4f5c-a69c-df19b9c6da3c,P25,A,18,3.242,4.307,4.575,0.4261,0.5,0.0739,0.9,0.989,1.0,0.03616,3.278,0.036,-0.00015993904496893347
C_P1.5_N10,48337539-7d04-41d5-a7d8-499c4535f109,8e7929b9-007e-42c3-aa3f-003d3f4df78f,P17,B,14,4.281,4.575,4.307,0.5739,0.5,-0.0739,0.9,0.989,1.0,-0.03616,4.245,-0.036,0.00015993904496893347
C_P1.5_N10,48337539-7d04-41d5-a7d8-499c4535f109,9313bcbf-e559-499a-9658-b277050b37ca,P19,B,14,4.868,4.575,4.307,0.5739,0.5,-0.0739,0.9,0.989,1.0,-0.03616,4.832,-0.036,0.00015993904496893347
C_P1.5_N10,43ad7b90-44f0-4852-9210-18faf1010105,0fa0a889-795e-4185-8e11-61e0c1f1929b,P05,A,13,4.347,4.148,4.263,0.4681,0.88235,0.41425,0.9,1.0,1.0,0.20506,4.552,0.205,-5.5726515935305385e-05
C_P1.5_N10,43ad7b90-44f0-4852-9210-18faf1010105,28656f69-2ade-488b-b07a-037fb9bfa311,P11,A,15,3.949,4.148,4.263,0.4681,0.88235,0.41425,0.9,1.0,1.0,0.20506,4.154,0.205,-5.5726515935305385e-05
C_P1.5_N10,43ad7b90-44f0-4852-9210-18faf1010105,27f6c2fe-4682-46a5-a2a2-4962a0d9776e,P10,B,14,4.281,4.263,4.148,0.5319,0.11765,-0.41425,0.9,1.0,1.0,-0.20506,4.076,-0.205,5.5726515935305385e-05
C_P1.5_N10,43ad7b90-44f0-4852-9210-18faf1010105,8e7929b9-007e-42c3-aa3f-003d3f4df78f,P17,B,15,4.245,4.263,4.148,0.5319,0.11765,-0.41425,0.9,1.0,1.0,-0.20506,4.04,-0.205,5.5726515935305385e-05
C_P2_N5,f252ac4c-d134-4c6a-a68c-8bfb6868a91f,0fa0a889-795e-4185-8e11-61e0c1f1929b,P05,A,0,4.0,3.0,3.95,0.25816,0.44444,0.18628,0.9,0.715,2.0,0.13192,4.132,0.132,7.878833799584962e-05
C_P2_N5,f252ac4c-d134-4c6a-a68c-8bfb6868a91f,4952b344-b938-4d7f-9799-ddf405dcf72a,P14,A,0,2.0,3.0,3.95,0.25816,0.44444,0.18628,0.9,0.715,2.0,0.13192,2.132,0.132,7.878833799584962e-05
C_P2_N5,f252ac4c-d134-4c6a-a68c-8bfb6868a91f,524889fc-4f50-41bb-b22b-cd5046ba728d,P15,B,0,2.0,3.95,3.0,0.74184,0.55556,-0.18628,0.9,0.715,2.0,-0.13192,2.0,0.0,0.0
C_P2_N5,f252ac4c-d134-4c6a-a68c-8bfb6868a91f,9313bcbf-e559-499a-9658-b277050b37ca,P19,B,0,5.9,3.95,3.0,0.74184,0.55556,-0.18628,0.9,0.715,2.0,-0.13192,5.768,-0.132,-7.878833799584962e-05
C_P2_N5,8f4f89bf-f631-40fb-92ea-2e570dff7707,27f6c2fe-4682-46a5-a2a2-4962a0d9776e,P10,A,0,4.0,4.0,3.75,0.569,0.5,-0.069,0.9,0.715,2.0,-0.04886,3.951,-0.049,-0.0001353444932093015
C_P2_N5,8f4f89bf-f631-40fb-92ea-2e570dff7707,28656f69-2ade-488b-b07a-037fb9bfa311,P11,A,0,4.0,4.0,3.75,0.569,0.5,-0.069,0.9,0.715,2.0,-0.04886,3.951,-0.049,-0.0001353444932093015
C_P2_N5,8f4f89bf-f631-40fb-92ea-2e570dff7707,0afcfd8d-0965-4364-a90e-c1872c47c12c,P04,B,0,4.0,3.75,4.0,0.431,0.5,0.069,0.9,0.715,2.0,0.04886,4.049,0.049,0.0001353444932093015
C_P2_N5,8f4f89bf-f631-40fb-92ea-2e570dff7707,ed66b898-95e9-4f5c-a69c-df19b9c6da3c,P25,B,0,3.5,3.75,4.0,0.431,0.5,0.069,0.9,0.715,2.0,0.04886,3.549,0.049,0.0001353444932093015
C_P2_N5,f53ac5f1-4189-4e25-8949-8e6073016eeb,0fa0a889-795e-4185-8e11-61e0c1f1929b,P05,A,1,4.132,3.841,3.7,0.53895,1.0,0.46105,0.9,0.715,2.0,0.3265,4.459,0.327,0.0004974289596600331
C_P2_N5,f53ac5f1-4189-4e25-8949-8e6073016eeb,ed66b898-95e9-4f5c-a69c-df19b9c6da3c,P25,A,1,3.549,3.841,3.7,0.53895,1.0,0.46105,0.9,0.715,2.0,0.3265,3.876,0.327,0.0004974289596600331
C_P2_N5,f53ac5f1-4189-4e25-8949-8e6073016eeb,23c1639d-675f-4b9a-a331-3ce419306a6a,P09,B,0,4.0,3.7,3.841,0.46105,0.0,-0.46105,0.9,0.715,2.0,-0.3265,3.673,-0.327,-0.0004974289596600331
C_P2_N5,f53ac5f1-4189-4e25-8949-8e6073016eeb,b5146cb1-84e0-4690-a7ae-d6256b33586c,P20,B,0,3.4,3.7,3.841,0.46105,0.0,-0.46105,0.9,0.715,2.0,-0.3265,3.073,-0.327,-0.0004974289596600331
C_P2_N5,b4436f08-ef01-4453-990c-c6add342dcda,33f9b461-e8d9-49f7-b81f-f472e956c93f,P13,A,0,4.0,4.0,6.025,0.0954,0.55556,0.46016,0.9,0.715,2.0,0.32587,4.326,0.326,0.00012991790729469555
C_P2_N5,b4436f08-ef01-4453-990c-c6add342dcda,dfda52a3-01e6-4456-b139-f5a74d69cdd3,P23,A,0,4.0,4.0,6.025,0.0954,0.55556,0.46016,0.9,0.715,2.0,0.32587,4.326,0.326,0.00012991790729469555
C_P2_N5,b4436f08-ef01-4453-990c-c6add342dcda,0afcfd8d-0965-4364-a90e-c1872c47c12c,P04,B,1,4.049,6.025,4.0,0.9046,0.44444,-0.46016,0.9,0.715,2.0,-0.32587,3.723,-0.326,-0.00012991790729469555
C_P2_N5,b4436f08-ef01-4453-990c-c6add342dcda,20067ed8-879d-470d-9fdf-138b78039ac3,P08,B,0,8.0,6.025,4.0,0.9046,0.44444,-0.46016,0.9,0.715,2.0,-0.32587,7.674,-0.326,-0.00012991790729469555
C_P2_N5,a6397938-05cc-4785-9ec8-bb010355c9da,20067ed8-879d-470d-9fdf-138b78039ac3,P08,A,1,7.674,5.837,2.976,0.96005,0.375,-0.58505,0.9,0.715,2.0,-0.35,7.324,-0.35,0.0
C_P2_N5,a6397938-05cc-4785-9ec8-bb010355c9da,d4acf5d8-317e-4564-8170-8fe09e6aa115,P22,A,0,4.0,5.837,2.976,0.96005,0.375,-0.58505,0.9,0.715,2.0,-0.35,3.65,-0.35,0.0
C_P2_N5,a6397938-05cc-4785-9ec8-bb010355c9da,27f6c2fe-4682-46a5-a2a2-4962a0d9776e,P10,B,1,3.951,2.976,5.837,0.03995,0.625,0.58505,0.9,0.715,2.0,0.35,4.301,0.35,0.0
C_P2_N5,a6397938-05cc-4785-9ec8-bb010355c9da,524889fc-4f50-41bb-b22b-cd5046ba728d,P15,B,1,2.0,2.976,5.837,0.03995,0.625,0.58505,0.9,0.715,2.0,0.35,2.35,0.35,0.0
C_P2_N5,9a0d536d-702f-4764-b2b8-fc5a69a6b9de,0afcfd8d-0965-4364-a90e-c1872c47c12c,P04,A,2,3.723,3.698,4.101,0.38989,0.34783,-0.04206,0.9,0.715,2.0,-0.02979,3.693,-0.03,-0.0002121416077837193
C_P2_N5,9a0d536d-702f-4764-b2b8-fc5a69a6b9de,23c1639d-675f-4b9a-a331-3ce419306a6a,P09,A,1,3.673,3.698,4.101,0.38989,0.34783,-0.04206,0.9,0.715,2.0,-0.02979,3.643,-0.03,-0.0002121416077837193
C_P2_N5,9a0d536d-702f-4764-b2b8-fc5a69a6b9de,dfda52a3-01e6-4456-b139-f5a74d69cdd3,P23,B,1,4.326,4.101,3.698,0.61011,0.65217,0.04206,0.9,0.715,2.0,0.02979,4.356,0.03,0.0002121416077837193
C_P2_N5,9a0d536d-702f-4764-b2b8-fc5a69a6b9de,ed66b898-95e9-4f5c-a69c-df19b9c6da3c,P25,B,2,3.876,4.101,3.698,0.61011,0.65217,0.04206,0.9,0.715,2.0,0.02979,3.906,0.03,0.0002121416077837193
C_P2_N5,6e504b4c-8034-4fbb-8e80-dc612f3fde9a,8e7929b9-007e-42c3-aa3f-003d3f4df78f,P17,A,0,4.0,3.537,3.296,0.56655,0.4,-0.16655,0.9,0.715,2.0,-0.11794,3.882,-0.118,-5.626260166662903e-05
C_P2_N5,6e504b4c-8034-4fbb-8e80-dc612f3fde9a,b5146cb1-84e0-4690-a7ae-d6256b33586c,P20,A,1,3.073,3.537,3.296,0.56655,0.4,-0.16655,0.9,0.715,2.0,-0.11794,2.955,-0.118,-5.626260166662903e-05
C_P2_N5,6e504b4c-8034-4fbb-8e80-dc612f3fde9a,0fa0a889-795e-4185-8e11-61e0c1f1929b,P05,B,2,4.459,3.296,3.537,0.43345,0.6,0.16655,0.9,0.715,2.0,0.11794,4.577,0.118,5.626260166662903e-05
C_P2_N5,6e504b4c-8034-4fbb-8e80-dc612f3fde9a,4952b344-b938-4d7f-9799-ddf405dcf72a,P14,B,1,2.132,3.296,3.537,0.43345,0.6,0.16655,0.9,0.715,2.0,0.11794,2.25,0.118,5.626260166662903e-05
C_P2_N5,883f6955-cf07-44f4-bf2a-d0eaab7996eb,33f9b461-e8d9-49f7-b81f-f472e956c93f,P13,A,1,4.326,3.338,4.86,0.1557,0.46429,0.30858,0.9,0.715,2.0,0.21853,4.545,0.219,0.0004709140231503729
C_P2_N5,883f6955-cf07-44f4-bf2a-d0eaab7996eb,524889fc-4f50-41bb-b22b-cd5046ba728d,P15,A,2,2.35,3.338,4.86,0.1557,0.46429,0.30858,0.9,0.715,2.0,0.21853,2.569,0.219,0.0004709140231503729
C_P2_N5,883f6955-cf07-44f4-bf2a-d0eaab7996eb,28656f69-2ade-488b-b07a-037fb9bfa311,P11,B,1,3.951,4.86,3.338,0.8443,0.53571,-0.30858,0.9,0.715,2.0,-0.21853,3.732,-0.219,-0.0004709140231503729
C_P2_N5,883f6955-cf07-44f4-bf2a-d0eaab7996eb,9313bcbf-e559-499a-9658-b277050b37ca,P19,B,1,5.768,4.86,3.338,0.8443,0.53571,-0.30858,0.9,0.715,2.0,-0.21853,5.549,-0.219,-0.0004709140231503729
C_P2_N5,b5e0ebeb-d305-4950-b919-9bbc8fea9607,0afcfd8d-0965-4364-a90e-c1872c47c12c,P04,A,3,3.693,3.668,4.23,0.3489,0.4,0.0511,0.9,0.715,2.0,0.03619,3.729,0.036,-0.0001892426411729555
C_P2_N5,b5e0ebeb-d305-4950-b919-9bbc8fea9607,23c1639d-675f-4b9a-a331-3ce419306a6a,P09,A,2,3.643,3.668,4.23,0.3489,0.4,0.0511,0.9,0.715,2.0,0.03619,3.679,0.036,-0.0001892426411729555
C_P2_N5,b5e0ebeb-d305-4950-b919-9bbc8fea9607,0fa0a889-795e-4185-8e11-61e0c1f1929b,P05,B,3,4.577,4.23,3.668,0.6511,0.6,-0.0511,0.9,0.715,2.0,-0.03619,4.541,-0.036,0.0001892426411729555
C_P2_N5,b5e0ebeb-d305-4950-b919-9bbc8fea9607,8e7929b9-007e-42c3-aa3f-003d3f4df78f,P17,B,1,3.882,4.23,3.668,0.6511,0.6,-0.0511,0.9,0.715,2.0,-0.03619,3.846,-0.036,0.0001892426411729555
C_P2_N5,3a78a214-ca47-477b-a512-93a45b0f6681,1f2d89a9-f3fa-41f6-982c-74b37b29581b,P07,A,0,4.0,4.0,3.748,0.56955,0.42308,-0.14647,0.9,0.715,2.0,-0.10373,3.896,-0.104,-0.00027487379487943487
C_P2_N5,3a78a214-ca47-477b-a512-93a45b0f6681,32b0e88b-e994-4b10-bf2e-4086a731c027,P12,A,0,4.0,4.0,3.748,0.56955,0.42308,-0.14647,0.9,0.715,2.0,-0.10373,3.896,-0.104,-0.00027487379487943487
C_P2_N5,3a78a214-ca47-477b-a512-93a45b0f6681,8e7929b9-007e-42c3-aa3f-003d3f4df78f,P17,B,2,3.846,3.748,4.0,0.43045,0.57692,0.14647,0.9,0.715,2.0,0.10373,3.95,0.104,0.00027487379487943487
C_P2_N5,3a78a214-ca47-477b-a512-93a45b0f6681,d4acf5d8-317e-4564-8170-8fe09e6aa115,P22,B,1,3.65,3.748,4.0,0.43045,0.57692,0.14647,0.9,0.715,2.0,0.10373,3.754,0.104,0.00027487379487943487
C_P2_N5,499be5f8-602c-4641-abc1-b5e7a5fbe4e8,1f2d89a9-f3fa-41f6-982c-74b37b29581b,P07,A,1,3.896,3.896,3.852,0.51222,0.42308,-0.08914,0.9,0.715,2.0,-0.06313,3.833,-0.063,0.00012827946504535308
C_P2_N5,499be5f8-602c-4641-abc1-b5e7a5fbe4e8,32b0e88b-e994-4b10-bf2e-4086a731c027,P12,A,1,3.896,3.896,3.852,0.51222,0.42308,-0.08914,0.9,0.715,2.0,-0.06313,3.833,-0.063,0.00012827946504535308
C_P2_N5,499be5f8-602c-4641-abc1-b5e7a5fbe4e8,8e7929b9-007e-42c3-aa3f-003d3f4df78f,P17,B,3,3.95,3.852,3.896,0.48778,0.57692,0.08914,0.9,0.715,2.0,0.06313,4.013,0.063,-0.00012827946504535308
C_P2_N5,499be5f8-602c-4641-abc1-b5e7a5fbe4e8,d4acf5d8-317e-4564-8170-8fe09e6aa115,P22,B,2,3.754,3.852,3.896,0.48778,0.57692,0.08914,0.9,0.715,2.0,0.06313,3.817,0.063,-0.00012827946504535308
C_P2_N5,96c408c2-df56-4284-83da-fa8f0174230f,1f2d89a9-f3fa-41f6-982c-74b37b29581b,P07,A,2,3.833,4.095,6.437,0.069,0.57692,0.50793,0.9,0.715,2.0,0.35,4.183,0.35,0.0
C_P2_N5,96c408c2-df56-4284-83da-fa8f0174230f,dfda52a3-01e6-4456-b139-f5a74d69cdd3,P23,A,2,4.356,4.095,6.437,0.069,0.57692,0.50793,0.9,0.715,2.0,0.35,4.706,0.35,0.0
C_P2_N5,96c408c2-df56-4284-83da-fa8f0174230f,20067ed8-879d-470d-9fdf-138b78039ac3,P08,B,2,7.324,6.437,4.095,0.931,0.42308,-0.50793,0.9,0.715,2.0,-0.35,6.974,-0.35,0.0
C_P2_N5,96c408c2-df56-4284-83da-fa8f0174230f,9313bcbf-e559-499a-9658-b277050b37ca,P19,B,2,5.549,6.437,4.095,0.931,0.42308,-0.50793,0.9,0.715,2.0,-0.35,5.199,-0.35,0.0
C_P2_N5,4b747051-fdbe-44eb-9098-1615dbf2bf65,23c1639d-675f-4b9a-a331-3ce419306a6a,P09,A,3,3.679,3.706,4.104,0.39121,0.625,0.23379,0.9,0.715,2.0,0.16556,3.845,0.166,0.0004381202754004841
C_P2_N5,4b747051-fdbe-44eb-9098-1615dbf2bf65,28656f69-2ade-488b-b07a-037fb9bfa311,P11,A,2,3.732,3.706,4.104,0.39121,0.625,0.23379,0.9,0.715,2.0,0.16556,3.898,0.166,0.0004381202754004841
C_P2_N5,4b747051-fdbe-44eb-9098-1615dbf2bf65,27f6c2fe-4682-46a5-a2a2-4962a0d9776e,P10,B,2,4.301,4.104,3.706,0.60879,0.375,-0.23379,0.9,0.715,2.0,-0.16556,4.135,-0.166,-0.0004381202754004841
C_P2_N5,4b747051-fdbe-44eb-9098-1615dbf2bf65,ed66b898-95e9-4f5c-a69c-df19b9c6da3c,P25,B,3,3.906,4.104,3.706,0.60879,0.375,-0.23379,0.9,0.715,2.0,-0.16556,3.74,-0.166,-0.0004381202754004841
C_P2_N5,eef05cfd-1a64-496e-aea4-8428df9c3b9b,20067ed8-879d-470d-9fdf-138b78039ac3,P08,A,3,6.974,6.087,4.218,0.88861,0.4,-0.48861,0.9,0.715,2.0,-0.34602,6.628,-0.346,2.202388733397207e-05
C_P2_N5,eef05cfd-1a64-496e-aea4-8428df9c3b9b,9313bcbf-e559-499a-9658-b277050b37ca,P19,A,3,5.199,6.087,4.218,0.88861,0.4,-0.48861,0.9,0.715,2.0,-0.34602,4.853,-0.346,2.202388733397207e-05
C_P2_N5,eef05cfd-1a64-496e-aea4-8428df9c3b9b,0afcfd8d-0965-4364-a90e-c1872c47c12c,P04,B,4,3.729,4.218,6.087,0.11139,0.6,0.48861,0.9,0.715,2.0,0.34602,4.075,0.346,-2.202388733397207e-05
C_P2_N5,eef05cfd-1a64-496e-aea4-8428df9c3b9b,dfda52a3-01e6-4456-b139-f5a74d69cdd3,P23,B,3,4.706,4.218,6.087,0.11139,0.6,0.48861,0.9,0.715,2.0,0.34602,5.052,0.346,-2.202388733397207e-05
C_P2_N5,6a01d571-bf2d-4b08-ab63-53d3b764ac65,1f2d89a9-f3fa-41f6-982c-74b37b29581b,P07,A,3,4.183,4.364,3.787,0.65513,0.625,-0.03013,0.9,0.715,2.0,-0.02134,4.162,-0.021,0.0003372360613457932
C_P2_N5,6a01d571-bf2d-4b08-ab63-53d3b764ac65,33f9b461-e8d9-49f7-b81f-f472e956c93f,P13,A,2,4.545,4.364,3.787,0.65513,0.625,-0.03013,0.9,0.715,2.0,-0.02134,4.524,-0.021,0.0003372360613457932
C_P2_N5,6a01d571-bf2d-4b08-ab63-53d3b764ac65,32b0e88b-e994-4b10-bf2e-4086a731c027,P12,B,2,3.833,3.787,4.364,0.34487,0.375,0.03013,0.9,0.715,2.0,0.02134,3.854,0.021,-0.0003372360613457932
C_P2_N5,6a01d571-bf2d-4b08-ab63-53d3b764ac65,ed66b898-95e9-4f5c-a69c-df19b9c6da3c,P25,B,4,3.74,3.787,4.364,0.34487,0.375,0.03013,0.9,0.715,2.0,0.02134,3.761,0.021,-0.0003372360613457932
C_P2_N5,87ba212a-bccc-4be6-92ed-8495c8c0d886,20067ed8-879d-470d-9fdf-138b78039ac3,P08,A,4,6.628,5.237,3.976,0.80227,0.55556,-0.24672,0.9,0.715,2.0,-0.17472,6.453,-0.175,-0.00028285784753495153
C_P2_N5,87ba212a-bccc-4be6-92ed-8495c8c0d886,23c1639d-675f-4b9a-a331-3ce419306a6a,P09,A,4,3.845,5.237,3.976,0.80227,0.55556,-0.24672,0.9,0.715,2.0,-0.17472,3.67,-0.175,-0.00028285784753495153
C_P2_N5,87ba212a-bccc-4be6-92ed-8495c8c0d886,27f6c2fe-4682-46a5-a2a2-4962a0d9776e,P10,B,3,4.135,3.976,5.237,0.19773,0.44444,0.24672,0.9,0.715,2.0,0.17472,4.31,0.175,0.00028285784753495153
C_P2_N5,87ba212a-bccc-4be6-92ed-8495c8c0d886,d4acf5d8-317e-4564-8170-8fe09e6aa115,P22,B,3,3.817,3.976,5.237,0.19773,0.44444,0.24672,0.9,0.715,2.0,0.17472,3.992,0.175,0.00028285784753495153
C_P2_N5,9127f50f-f412-4a40-856c-e14097646b7d,27f6c2fe-4682-46a5-a2a2-4962a0d9776e,P10,A,4,4.31,4.104,3.887,0.55999,0.46429,-0.0957,0.9,0.776,2.0,-0.07348,4.237,-0.073,0.00048138444581934147
C_P2_N5,9127f50f-f412-4a40-856c-e14097646b7d,28656f69-2ade-488b-b07a-037fb9bfa311,P11,A,3,3.898,4.104,3.887,0.55999,0.46429,-0.0957,0.9,0.776,2.0,-0.07348,3.825,-0.073,0.00048138444581934147
C_P2_N5,9127f50f-f412-4a40-856c-e14097646b7d,8e7929b9-007e-42c3-aa3f-003d3f4df78f,P17,B,4,4.013,3.887,4.104,0.44001,0.53571,0.0957,0.9,0.776,2.0,0.07348,4.086,0.073,-0.00048138444581934147
C_P2_N5,9127f50f-f412-4a40-856c-e14097646b7d,ed66b898-95e9-4f5c-a69c-df19b9c6da3c,P25,B,5,3.761,3.887,4.104,0.44001,0.53571,0.0957,0.9,0.776,1.1,0.04041,3.801,0.04,-0.0004147614452006378
C_P2_N5,fbeddd53-0142-48f1-afa4-8c984b028c2b,0afcfd8d-0965-4364-a90e-c1872c47c12c,P04,A,5,4.075,3.515,5.062,0.15209,1.0,0.84791,0.9,0.776,1.1,0.35,4.425,0.35,0.0
C_P2_N5,fbeddd53-0142-48f1-afa4-8c984b028c2b,b5146cb1-84e0-4690-a7ae-d6256b33586c,P20,A,2,2.955,3.515,5.062,0.15209,1.0,0.84791,0.9,0.776,2.0,0.35,3.305,0.35,0.0
C_P2_N5,fbeddd53-0142-48f1-afa4-8c984b028c2b,20067ed8-879d-470d-9fdf-138b78039ac3,P08,B,5,6.453,5.062,3.515,0.84791,0.0,-0.84791,0.9,0.776,1.1,-0.35,6.103,-0.35,0.0
C_P2_N5,fbeddd53-0142-48f1-afa4-8c984b028c2b,23c1639d-675f-4b9a-a331-3ce419306a6a,P09,B,5,3.67,5.062,3.515,0.84791,0.0,-0.84791,0.9,0.776,1.1,-0.35,3.32,-0.35,0.0
C_P2_N5,d782326c-6b6b-48cc-bb4e-4823eb5d1a11,33f9b461-e8d9-49f7-b81f-f472e956c93f,P13,A,3,4.524,4.262,3.651,0.66349,0.83333,0.16984,0.9,0.776,2.0,0.13041,4.654,0.13,-0.00040803074235152333
C_P2_N5,d782326c-6b6b-48cc-bb4e-4823eb5d1a11,cb2d6d92-3c1d-453d-aa65-79ca040d61f3,P21,A,0,4.0,4.262,3.651,0.66349,0.83333,0.16984,0.9,0.776,2.0,0.13041,4.13,0.13,-0.00040803074235152333
C_P2_N5,d782326c-6b6b-48cc-bb4e-4823eb5d1a11,4952b344-b938-4d7f-9799-ddf405dcf72a,P14,B,2,2.25,3.651,4.262,0.33651,0.16667,-0.16984,0.9,0.776,2.0,-0.13041,2.12,-0.13,0.00040803074235152333
C_P2_N5,d782326c-6b6b-48cc-bb4e-4823eb5d1a11,dfda52a3-01e6-4456-b139-f5a74d69cdd3,P23,B,4,5.052,3.651,4.262,0.33651,0.16667,-0.16984,0.9,0.776,2.0,-0.13041,4.922,-0.13,0.00040803074235152333
C_P2_N5,4444b26a-6932-440a-864e-029dd40a37d0,0fa0a889-795e-4185-8e11-61e0c1f1929b,P05,A,4,4.541,3.923,4.327,0.38962,0.375,-0.01462,0.9,0.776,2.0,-0.01123,4.53,-0.011,0.00022929951121902908
C_P2_N5,4444b26a-6932-440a-864e-029dd40a37d0,b5146cb1-84e0-4690-a7ae-d6256b33586c,P20,A,3,3.305,3.923,4.327,0.38962,0.375,-0.01462,0.9,0.776,2.0,-0.01123,3.294,-0.011,0.00022929951121902908
C_P2_N5,4444b26a-6932-440a-864e-029dd40a37d0,9313bcbf-e559-499a-9658-b277050b37ca,P19,B,4,4.853,4.327,3.923,0.61038,0.625,0.01462,0.9,0.776,2.0,0.01123,4.864,0.011,-0.00022929951121902908
C_P2_N5,4444b26a-6932-440a-864e-029dd40a37d0,ed66b898-95e9-4f5c-a69c-df19b9c6da3c,P25,B,6,3.801,4.327,3.923,0.61038,0.625,0.01462,0.9,0.776,1.1,0.00618,3.807,0.006,-0.000176114731170466
C_P2_N5,eba3e49a-f356-41a6-9b31-02e74c37e3dd,091f312a-207f-4cea-9d57-437a614affde,P01,A,0,3.5,3.793,4.031,0.43427,0.46429,0.03001,0.9,0.776,2.0,0.02305,3.523,0.023,-4.5428364040928214e-05
C_P2_N5,eba3e49a-f356-41a6-9b31-02e74c37e3dd,8e7929b9-007e-42c3-aa3f-003d3f4df78f,P17,A,5,4.086,3.793,4.031,0.43427,0.46429,0.03001,0.9,0.776,1.1,0.01267,4.099,0.013,0.0003250143997774895
C_P2_N5,eba3e49a-f356-41a6-9b31-02e74c37e3dd,27f6c2fe-4682-46a5-a2a2-4962a0d9776e,P10,B,5,4.237,4.031,3.793,0.56573,0.53571,-0.03001,0.9,0.776,1.1,-0.01267,4.224,-0.013,-0.0003250143997774895
C_P2_N5,eba3e49a-f356-41a6-9b31-02e74c37e3dd,28656f69-2ade-488b-b07a-037fb9bfa311,P11,B,4,3.825,4.031,3.793,0.56573,0.53571,-0.03001,0.9,0.776,2.0,-0.02305,3.802,-0.023,4.5428364040928214e-05
C_P2_N5,42f76a99-1849-4db1-b133-f5f0db458291,091f312a-207f-4cea-9d57-437a614affde,P01,A,1,3.523,3.827,4.108,0.42244,0.71429,0.29185,0.9,0.776,2.0,0.22409,3.747,0.224,-8.641165352088468e-05
C_P2_N5,42f76a99-1849-4db1-b133-f5f0db458291,cb2d6d92-3c1d-453d-aa65-79ca040d61f3,P21,A,1,4.13,3.827,4.108,0.42244,0.71429,0.29185,0.9,0.776,2.0,0.22409,4.354,0.224,-8.641165352088468e-05
C_P2_N5,42f76a99-1849-4db1-b133-f5f0db458291,27f6c2fe-4682-46a5-a2a2-4962a0d9776e,P10,B,6,4.224,4.108,3.827,0.57756,0.28571,-0.29185,0.9,0.776,1.1,-0.12325,4.101,-0.123,0.0002475264094364866
C_P2_N5,42f76a99-1849-4db1-b133-f5f0db458291,d4acf5d8-317e-4564-8170-8fe09e6aa115,P22,B,4,3.992,4.108,3.827,0.57756,0.28571,-0.29185,0.9,0.776,2.0,-0.22409,3.768,-0.224,8.641165352088468e-05
C_P2_N5,a7d12f06-65d8-4881-9c89-1a96aaf41eec,0996ee22-e381-45db-90c2-1863869a244e,P02,A,0,4.0,4.05,4.333,0.42189,0.6,0.17811,0.9,0.776,2.0,0.13675,4.137,0.137,0.00024783547338160704
C_P2_N5,a7d12f06-65d8-4881-9c89-1a96aaf41eec,8e7929b9-007e-42c3-aa3f-003d3f4df78f,P17,A,6,4.099,4.05,4.333,0.42189,0.6,0.17811,0.9,0.776,1.1,0.07521,4.174,0.075,-0.00021369048964011613
C_P2_N5,a7d12f06-65d8-4881-9c89-1a96aaf41eec,28656f69-2ade-488b-b07a-037fb9bfa311,P11,B,5,3.802,4.333,4.05,0.57811,0.4,-0.17811,0.9,0.776,1.1,-0.07521,3.727,-0.075,0.00021369048964011613
C_P2_N5,a7d12f06-65d8-4881-9c89-1a96aaf41eec,9313bcbf-e559-499a-9658-b277050b37ca,P19,B,5,4.864,4.333,4.05,0.57811,0.4,-0.17811,0.9,0.776,1.1,-0.07521,4.789,-0.075,0.00021369048964011613
C_P2_N5,6b1b6b0c-f639-4cde-9dc9-a7993eb52dd0,091f312a-207f-4cea-9d57-437a614affde,P01,A,2,3.747,4.268,4.408,0.46119,0.44444,-0.01674,0.9,0.776,2.0,-0.01286,3.734,-0.013,-0.00014299046542128643
C_P2_N5,6b1b6b0c-f639-4cde-9dc9-a7993eb52dd0,9313bcbf-e559-499a-9658-b277050b37ca,P19,A,6,4.789,4.268,4.408,0.46119,0.44444,-0.01674,0.9,0.776,1.1,-0.00707,4.782,-0.007,7.135524401829245e-05
C_P2_N5,6b1b6b0c-f639-4cde-9dc9-a7993eb52dd0,1f2d89a9-f3fa-41f6-982c-74b37b29581b,P07,B,4,4.162,4.408,4.268,0.53881,0.55556,0.01674,0.9,0.776,2.0,0.01286,4.175,0.013,0.00014299046542128643
C_P2_N5,6b1b6b0c-f639-4cde-9dc9-a7993eb52dd0,33f9b461-e8d9-49f7-b81f-f472e956c93f,P13,B,4,4.654,4.408,4.268,0.53881,0.55556,0.01674,0.9,0.776,2.0,0.01286,4.667,0.013,0.00014299046542128643
C_P2_N5,c9a88ea7-fe59-404d-8266-d011389186e8,d4acf5d8-317e-4564-8170-8fe09e6aa115,P22,A,5,3.768,4.345,3.831,0.63915,0.55556,-0.08359,0.9,0.776,1.1,-0.0353,3.733,-0.035,0.000300875934379181
C_P2_N5,c9a88ea7-fe59-404d-8266-d011389186e8,dfda52a3-01e6-4456-b139-f5a74d69cdd3,P23,A,5,4.922,4.345,3.831,0.63915,0.55556,-0.08359,0.9,0.776,1.1,-0.0353,4.887,-0.035,0.000300875934379181
C_P2_N5,c9a88ea7-fe59-404d-8266-d011389186e8,32b0e88b-e994-4b10-bf2e-4086a731c027,P12,B,3,3.854,3.831,4.345,0.36085,0.44444,0.08359,0.9,0.776,2.0,0.06418,3.918,0.064,-0.00018341078978032914
C_P2_N5,c9a88ea7-fe59-404d-8266-d011389186e8,ed66b898-95e9-4f5c-a69c-df19b9c6da3c,P25,B,7,3.807,3.831,4.345,0.36085,0.44444,0.08359,0.9,0.776,1.1,0.0353,3.842,0.035,-0.000300875934379181
C_P2_N5,21bb139e-0201-4ffb-a7de-b50fbf708f58,9313bcbf-e559-499a-9658-b277050b37ca,P19,A,7,4.782,4.568,4.087,0.63052,0.46429,-0.16623,0.9,0.776,1.1,-0.0702,4.712,-0.07,0.00020022368043368577
C_P2_N5,21bb139e-0201-4ffb-a7de-b50fbf708f58,cb2d6d92-3c1d-453d-aa65-79ca040d61f3,P21,A,2,4.354,4.568,4.087,0.63052,0.46429,-0.16623,0.9,0.776,2.0,-0.12764,4.226,-0.128,-0.00036322967193875313
C_P2_N5,21bb139e-0201-4ffb-a7de-b50fbf708f58,09db6874-adc0-46f0-82f7-83cd372cc1f5,P03,B,0,4.0,4.087,4.568,0.36948,0.53571,0.16623,0.9,0.776,2.0,0.12764,4.128,0.128,0.00036322967193875313
C_P2_N5,21bb139e-0201-4ffb-a7de-b50fbf708f58,8e7929b9-007e-42c3-aa3f-003d3f4df78f,P17,B,7,4.174,4.087,4.568,0.36948,0.53571,0.16623,0.9,0.776,1.1,0.0702,4.244,0.07,-0.00020022368043368577
C_P2_N5,8982d3cf-5276-491f-8ede-8d0417715df0,09db6874-adc0-46f0-82f7-83cd372cc1f5,P03,A,1,4.128,4.064,4.973,0.26709,0.5,0.23291,0.9,0.812,2.0,0.18729,4.315,0.187,-0.00029102404921139524
C_P2_N5,8982d3cf-5276-491f-8ede-8d0417715df0,8fa5441d-1934-4810-af86-a11ee051e58f,P18,A,0,4.0,4.064,4.973,0.26709,0.5,0.23291,0.9,0.812,2.0,0.18729,4.187,0.187,-0.00029102404921139524
C_P2_N5,8982d3cf-5276-491f-8ede-8d0417715df0,20067ed8-879d-470d-9fdf-138b78039ac3,P08,B,6,6.103,4.973,4.064,0.73291,0.5,-0.23291,0.9,0.812,1.1,-0.10301,6.0,-0.103,1.0063227066267392e-05
C_P2_N5,8982d3cf-5276-491f-8ede-8d0417715df0,ed66b898-95e9-4f5c-a69c-df19b9c6da3c,P25,B,8,3.842,4.973,4.064,0.73291,0.5,-0.23291,0.9,0.812,1.1,-0.10301,3.739,-0.103,1.0063227066267392e-05
C_P2_N5,db80fefe-8363-444b-9403-b71ecae8b453,20067ed8-879d-470d-9fdf-138b78039ac3,P08,A,7,6.0,4.959,3.917,0.76093,0.6,-0.16093,0.9,0.841,1.1,-0.07368,5.926,-0.074,-0.0003158863137377438
C_P2_N5,db80fefe-8363-444b-9403-b71ecae8b453,32b0e88b-e994-4b10-bf2e-4086a731c027,P12,A,4,3.918,4.959,3.917,0.76093,0.6,-0.16093,0.9,0.841,2.0,-0.13397,3.784,-0.134,-2.888420679589789e-05
C_P2_N5,db80fefe-8363-444b-9403-b71ecae8b453,27f6c2fe-4682-46a5-a2a2-4962a0d9776e,P10,B,7,4.101,3.917,4.959,0.23907,0.4,0.16093,0.9,0.841,1.1,0.07368,4.175,0.074,0.0003158863137377438
C_P2_N5,db80fefe-8363-444b-9403-b71ecae8b453,d4acf5d8-317e-4564-8170-8fe09e6aa115,P22,B,6,3.733,3.917,4.959,0.23907,0.4,0.16093,0.9,0.841,1.1,0.07368,3.807,0.074,0.0003158863137377438
C_P2_N5,08ad6e83-1698-4b9e-8b11-9e80ac10a9b4,20067ed8-879d-470d-9fdf-138b78039ac3,P08,A,8,5.926,4.023,3.951,0.51999,0.4,-0.11999,0.9,0.841,1.1,-0.05494,5.871,-0.055,-6.070903001216185e-05
C_P2_N5,08ad6e83-1698-4b9e-8b11-9e80ac10a9b4,4952b344-b938-4d7f-9799-ddf405dcf72a,P14,A,3,2.12,4.023,3.951,0.51999,0.4,-0.11999,0.9,0.841,2.0,-0.09989,2.02,-0.1,-0.000110380054567567
C_P2_N5,08ad6e83-1698-4b9e-8b11-9e80ac10a9b4,27f6c2fe-4682-46a5-a2a2-4962a0d9776e,P10,B,8,4.175,3.951,4.023,0.48001,0.6,0.11999,0.9,0.841,1.1,0.05494,4.23,0.055,6.070903001216185e-05
C_P2_N5,08ad6e83-1698-4b9e-8b11-9e80ac10a9b4,28656f69-2ade-488b-b07a-037fb9bfa311,P11,B,6,3.727,3.951,4.023,0.48001,0.6,0.11999,0.9,0.841,1.1,0.05494,3.782,0.055,6.070903001216185e-05
C_P2_N5,e20b223e-f0bd-4bea-adb8-40d1c0ba3083,0afcfd8d-0965-4364-a90e-c1872c47c12c,P04,A,6,4.425,5.148,4.006,0.78055,0.57692,-0.20363,0.9,0.841,1.1,-0.09324,4.332,-0.093,0.00023540964906723516
C_P2_N5,e20b223e-f0bd-4bea-adb8-40d1c0ba3083,20067ed8-879d-470d-9fdf-138b78039ac3,P08,A,9,5.871,5.148,4.006,0.78055,0.57692,-0.20363,0.9,0.841,1.1,-0.09324,5.778,-0.093,0.00023540964906723516
C_P2_N5,e20b223e-f0bd-4bea-adb8-40d1c0ba3083,27f6c2fe-4682-46a5-a2a2-4962a0d9776e,P10,B,9,4.23,4.006,5.148,0.21945,0.42308,0.20363,0.9,0.841,1.1,0.09324,4.323,0.093,-0.00023540964906723516
C_P2_N5,e20b223e-f0bd-4bea-adb8-40d1c0ba3083,28656f69-2ade-488b-b07a-037fb9bfa311,P11,B,7,3.782,4.006,5.148,0.21945,0.42308,0.20363,0.9,0.841,1.1,0.09324,3.875,0.093,-0.00023540964906723516
C_P2_N5,46e90da0-e642-4e9c-bc75-17b4b6b5596f,091f312a-207f-4cea-9d57-437a614affde,P01,A,3,3.734,4.223,4.431,0.44248,0.44444,0.00197,0.9,0.841,2.0,0.00164,3.736,0.002,0.00036298178041372855
C_P2_N5,46e90da0-e642-4e9c-bc75-17b4b6b5596f,9313bcbf-e559-499a-9658-b277050b37ca,P19,A,8,4.712,4.223,4.431,0.44248,0.44444,0.00197,0.9,0.841,1.1,0.0009,4.713,0.001,9.96399792275507e-05
C_P2_N5,46e90da0-e642-4e9c-bc75-17b4b6b5596f,0afcfd8d-0965-4364-a90e-c1872c47c12c,P04,B,7,4.332,4.431,4.223,0.55752,0.55556,-0.00197,0.9,0.841,1.1,-0.0009,4.331,-0.001,-9.96399792275507e-05
C_P2_N5,46e90da0-e642-4e9c-bc75-17b4b6b5596f,0fa0a889-795e-4185-8e11-61e0c1f1929b,P05,B,5,4.53,4.431,4.223,0.55752,0.55556,-0.00197,0.9,0.841,1.1,-0.0009,4.529,-0.001,-9.96399792275507e-05
C_P2_N5,9ccc3f52-a4d5-4b07-9518-34a896671e8a,8e7929b9-007e-42c3-aa3f-003d3f4df78f,P17,A,8,4.244,3.769,4.099,0.40935,0.46429,0.05494,0.9,0.841,1.1,0.02515,4.269,0.025,-0.00015481406208650098
C_P2_N5,9ccc3f52-a4d5-4b07-9518-34a896671e8a,b5146cb1-84e0-4690-a7ae-d6256b33586c,P20,A,4,3.294,3.769,4.099,0.40935,0.46429,0.05494,0.9,0.841,2.0,0.04574,3.34,0.046,0.00026397443256999826
C_P2_N5,9ccc3f52-a4d5-4b07-9518-34a896671e8a,27f6c2fe-4682-46a5-a2a2-4962a0d9776e,P10,B,10,4.323,4.099,3.769,0.59065,0.53571,-0.05494,0.9,0.841,1.0,-0.02287,4.3,-0.023,-0.00013198721628499913
C_P2_N5,9ccc3f52-a4d5-4b07-9518-34a896671e8a,28656f69-2ade-488b-b07a-037fb9bfa311,P11,B,8,3.875,4.099,3.769,0.59065,0.53571,-0.05494,0.9,0.841,1.1,-0.02515,3.85,-0.025,0.00015481406208650098
C_P2_N5,ee391d96-8de4-42ce-a205-c1cdfb456904,4952b344-b938-4d7f-9799-ddf405dcf72a,P14,A,4,2.02,3.367,4.226,0.27799,0.5,0.22201,0.9,0.841,2.0,0.18482,2.205,0.185,0.00018103212141460647
C_P2_N5,ee391d96-8de4-42ce-a205-c1cdfb456904,9313bcbf-e559-499a-9658-b277050b37ca,P19,A,9,4.713,3.367,4.226,0.27799,0.5,0.22201,0.9,0.841,1.1,0.10165,4.815,0.102,0.00034956766677803357
C_P2_N5,ee391d96-8de4-42ce-a205-c1cdfb456904,32b0e88b-e994-4b10-bf2e-4086a731c027,P12,B,5,3.784,4.226,3.367,0.72201,0.5,-0.22201,0.9,0.841,1.1,-0.10165,3.682,-0.102,-0.00034956766677803357
C_P2_N5,ee391d96-8de4-42ce-a205-c1cdfb456904,33f9b461-e8d9-49f7-b81f-f472e956c93f,P13,B,5,4.667,4.226,3.367,0.72201,0.5,-0.22201,0.9,0.841,1.1,-0.10165,4.565,-0.102,-0.00034956766677803357
C_P2_N5,f3b149b5-28f9-4362-b063-42dcdfd9af4f,091f312a-207f-4cea-9d57-437a614affde,P01,A,4,3.736,4.034,4.415,0.39572,0.71429,0.31857,0.9,0.841,2.0,0.2652,4.001,0.265,-0.0002024685360289287
C_P2_N5,f3b149b5-28f9-4362-b063-42dcdfd9af4f,0afcfd8d-0965-4364-a90e-c1872c47c12c,P04,A,8,4.331,4.034,4.415,0.39572,0.71429,0.31857,0.9,0.841,1.1,0.14586,4.477,0.146,0.0001386423051840892
C_P2_N5,f3b149b5-28f9-4362-b063-42dcdfd9af4f,0fa0a889-795e-4185-8e11-61e0c1f1929b,P05,B,6,4.529,4.415,4.034,0.60428,0.28571,-0.31857,0.9,0.841,1.1,-0.14586,4.383,-0.146,-0.0001386423051840892
C_P2_N5,f3b149b5-28f9-4362-b063-42dcdfd9af4f,27f6c2fe-4682-46a5-a2a2-4962a0d9776e,P10,B,11,4.3,4.415,4.034,0.60428,0.28571,-0.31857,0.9,0.841,1.0,-0.1326,4.167,-0.133,-0.00039876573198553564
C_P2_N5,582ecfb9-c710-4531-b49d-78ccd3f000f7,32b0e88b-e994-4b10-bf2e-4086a731c027,P12,A,6,3.682,4.249,3.028,0.79522,0.71429,-0.08093,0.9,0.841,1.1,-0.03706,3.645,-0.037,5.604140578867838e-05
C_P2_N5,582ecfb9-c710-4531-b49d-78ccd3f000f7,9313bcbf-e559-499a-9658-b277050b37ca,P19,A,10,4.815,4.249,3.028,0.79522,0.71429,-0.08093,0.9,0.841,1.0,-0.03369,4.781,-0.034,-0.00031268963110120146
C_P2_N5,582ecfb9-c710-4531-b49d-78ccd3f000f7,28656f69-2ade-488b-b07a-037fb9bfa311,P11,B,9,3.85,3.028,4.249,0.20478,0.28571,0.08093,0.9,0.841,1.1,0.03706,3.887,0.037,-5.604140578867838e-05
C_P2_N5,582ecfb9-c710-4531-b49d-78ccd3f000f7,4952b344-b938-4d7f-9799-ddf405dcf72a,P14,B,5,2.205,3.028,4.249,0.20478,0.28571,0.08093,0.9,0.841,1.1,0.03706,2.242,0.037,-5.604140578867838e-05
C_P2_N5,cc03e92d-6065-4561-9a3c-04717e8c9905,0fa0a889-795e-4185-8e11-61e0c1f1929b,P05,A,7,4.383,4.582,4.759,0.45113,0.6,0.14887,0.9,0.841,1.1,0.06816,4.451,0.068,-0.0001633949538605653
C_P2_N5,cc03e92d-6065-4561-9a3c-04717e8c9905,9313bcbf-e559-499a-9658-b277050b37ca,P19,A,11,4.781,4.582,4.759,0.45113,0.6,0.14887,0.9,0.841,1.0,0.06197,4.843,0.062,3.327731467221338e-05
C_P2_N5,cc03e92d-6065-4561-9a3c-04717e8c9905,20067ed8-879d-470d-9fdf-138b78039ac3,P08,B,10,5.778,4.759,4.582,0.54887,0.4,-0.14887,0.9,0.841,1.0,-0.06197,5.716,-0.062,-3.327731467221338e-05
C_P2_N5,cc03e92d-6065-4561-9a3c-04717e8c9905,ed66b898-95e9-4f5c-a69c-df19b9c6da3c,P25,B,9,3.739,4.759,4.582,0.54887,0.4,-0.14887,0.9,0.841,1.1,-0.06816,3.671,-0.068,0.0001633949538605653
C_P2_N5,cfbc251b-3ce2-41af-aac8-8943d8f1e396,0996ee22-e381-45db-90c2-1863869a244e,P02,A,1,4.137,4.203,3.916,0.57905,0.44444,-0.13461,0.9,0.841,2.0,-0.11206,4.025,-0.112,6.030128336728031e-05
C_P2_N5,cfbc251b-3ce2-41af-aac8-8943d8f1e396,8e7929b9-007e-42c3-aa3f-003d3f4df78f,P17,A,9,4.269,4.203,3.916,0.57905,0.44444,-0.13461,0.9,0.841,1.1,-0.06163,4.207,-0.062,-0.00036683429414799586
C_P2_N5,cfbc251b-3ce2-41af-aac8-8943d8f1e396,32b0e88b-e994-4b10-bf2e-4086a731c027,P12,B,7,3.645,3.916,4.203,0.42095,0.55556,0.13461,0.9,0.841,1.1,0.06163,3.707,0.062,0.00036683429414799586
C_P2_N5,cfbc251b-3ce2-41af-aac8-8943d8f1e396,8fa5441d-1934-4810-af86-a11ee051e58f,P18,B,1,4.187,3.916,4.203,0.42095,0.55556,0.13461,0.9,0.841,2.0,0.11206,4.299,0.112,-6.030128336728031e-05
C_P2_N5,eb6641d5-8f9d-4284-9b9f-8d09a46004dd,0996ee22-e381-45db-90c2-1863869a244e,P02,A,2,4.025,4.116,3.993,0.53411,0.625,0.09089,0.9,0.841,2.0,0.07566,4.101,0.076,0.00033820088885889624
C_P2_N5,eb6641d5-8f9d-4284-9b9f-8d09a46004dd,8e7929b9-007e-42c3-aa3f-003d3f4df78f,P17,A,10,4.207,4.116,3.993,0.53411,0.625,0.09089,0.9,0.841,1.0,0.03783,4.245,0.038,0.00016910044442944812
C_P2_N5,eb6641d5-8f9d-4284-9b9f-8d09a46004dd,09db6874-adc0-46f0-82f7-83cd372cc1f5,P03,B,2,4.315,3.993,4.116,0.46589,0.375,-0.09089,0.9,0.841,2.0,-0.07566,4.239,-0.076,-0.00033820088885889624
C_P2_N5,eb6641d5-8f9d-4284-9b9f-8d09a46004dd,ed66b898-95e9-4f5c-a69c-df19b9c6da3c,P25,B,10,3.671,3.993,4.116,0.46589,0.375,-0.09089,0.9,0.841,1.0,-0.03783,3.633,-0.038,-0.00016910044442944812
C_P2_N5,22635c77-8955-4f42-846b-ee2b2fb46872,09db6874-adc0-46f0-82f7-83cd372cc1f5,P03,A,3,4.239,3.936,3.793,0.53978,0.57692,0.03715,0.9,0.841,2.0,0.03092,4.27,0.031,7.625530728284742e-05
C_P2_N5,22635c77-8955-4f42-846b-ee2b2fb46872,ed66b898-95e9-4f5c-a69c-df19b9c6da3c,P25,A,11,3.633,3.936,3.793,0.53978,0.57692,0.03715,0.9,0.841,1.0,0.01546,3.648,0.015,-0.0004618723463585763
C_P2_N5,22635c77-8955-4f42-846b-ee2b2fb46872,8e7929b9-007e-42c3-aa3f-003d3f4df78f,P17,B,11,4.245,3.793,3.936,0.46022,0.42308,-0.03715,0.9,0.841,1.0,-0.01546,4.23,-0.015,0.0004618723463585763
C_P2_N5,22635c77-8955-4f42-846b-ee2b2fb46872,b5146cb1-84e0-4690-a7ae-d6256b33586c,P20,B,5,3.34,3.793,3.936,0.46022,0.42308,-0.03715,0.9,0.841,1.1,-0.01701,3.323,-0.017,8.059580994433916e-06
C_P2_N5,8b5a8b8c-6a43-4782-8581-0a28f3244d65,20067ed8-879d-470d-9fdf-138b78039ac3,P08,A,11,5.716,4.682,4.418,0.57295,0.25,-0.32295,0.9,0.841,1.0,-0.13443,5.582,-0.134,0.0004250493884323136
C_P2_N5,8b5a8b8c-6a43-4782-8581-0a28f3244d65,ed66b898-95e9-4f5c-a69c-df19b9c6da3c,P25,A,12,3.648,4.682,4.418,0.57295,0.25,-0.32295,0.9,0.841,1.0,-0.13443,3.514,-0.134,0.0004250493884323136
C_P2_N5,8b5a8b8c-6a43-4782-8581-0a28f3244d65,09db6874-adc0-46f0-82f7-83cd372cc1f5,P03,B,4,4.27,4.418,4.682,0.42705,0.75,0.32295,0.9,0.841,2.0,0.26885,4.539,0.269,0.0001499012231353728
C_P2_N5,8b5a8b8c-6a43-4782-8581-0a28f3244d65,33f9b461-e8d9-49f7-b81f-f472e956c93f,P13,B,6,4.565,4.418,4.682,0.42705,0.75,0.32295,0.9,0.841,1.1,0.14787,4.713,0.148,0.00013244567272445505
C_P2_N5,8afb7ce5-b3d5-4431-946b-4ddf97e7d426,20067ed8-879d-470d-9fdf-138b78039ac3,P08,A,12,5.582,4.548,4.357,0.55286,0.28571,-0.26714,0.9,0.841,1.0,-0.1112,5.471,-0.111,0.00019661217041127397
C_P2_N5,8afb7ce5-b3d5-4431-946b-4ddf97e7d426,ed66b898-95e9-4f5c-a69c-df19b9c6da3c,P25,A,13,3.514,4.548,4.357,0.55286,0.28571,-0.26714,0.9,0.841,1.0,-0.1112,3.403,-0.111,0.00019661217041127397
C_P2_N5,8afb7ce5-b3d5-4431-946b-4ddf97e7d426,091f312a-207f-4cea-9d57-437a614affde,P01,B,5,4.001,4.357,4.548,0.44714,0.71429,0.26714,0.9,0.841,1.1,0.12232,4.123,0.122,-0.0003162733874524014
C_P2_N5,8afb7ce5-b3d5-4431-946b-4ddf97e7d426,33f9b461-e8d9-49f7-b81f-f472e956c93f,P13,B,7,4.713,4.357,4.548,0.44714,0.71429,0.26714,0.9,0.841,1.1,0.12232,4.835,0.122,-0.0003162733874524014
C_P2_N5,0a2a5bf6-21b9-4da6-bd9b-6594b0296ed5,091f312a-207f-4cea-9d57-437a614affde,P01,A,6,4.123,4.479,3.065,0.82802,0.65217,-0.17585,0.9,0.851,1.1,-0.08145,4.042,-0.081,0.00045034257567630784
C_P2_N5,0a2a5bf6-21b9-4da6-bd9b-6594b0296ed5,33f9b461-e8d9-49f7-b81f-f472e956c93f,P13,A,8,4.835,4.479,3.065,0.82802,0.65217,-0.17585,0.9,0.851,1.1,-0.08145,4.754,-0.081,0.00045034257567630784
C_P2_N5,0a2a5bf6-21b9-4da6-bd9b-6594b0296ed5,28656f69-2ade-488b-b07a-037fb9bfa311,P11,B,10,3.887,3.065,4.479,0.17198,0.34783,0.17585,0.9,0.851,1.0,0.07405,3.961,0.074,-4.576597788755256e-05
C_P2_N5,0a2a5bf6-21b9-4da6-bd9b-6594b0296ed5,4952b344-b938-4d7f-9799-ddf405dcf72a,P14,B,6,2.242,3.065,4.479,0.17198,0.34783,0.17585,0.9,0.851,1.1,0.08145,2.323,0.081,-0.00045034257567630784
C_P2_N5,2828359d-f95b-4320-a7db-5184b305dfeb,32b0e88b-e994-4b10-bf2e-4086a731c027,P12,A,8,3.707,4.003,4.398,0.39201,0.34783,-0.04418,0.9,0.851,1.1,-0.02046,3.687,-0.02,0.00046350471916065995
C_P2_N5,2828359d-f95b-4320-a7db-5184b305dfeb,8fa5441d-1934-4810-af86-a11ee051e58f,P18,A,2,4.299,4.003,4.398,0.39201,0.34783,-0.04418,0.9,0.851,2.0,-0.03721,4.262,-0.037,0.00020637221665574537
C_P2_N5,2828359d-f95b-4320-a7db-5184b305dfeb,091f312a-207f-4cea-9d57-437a614affde,P01,B,7,4.042,4.398,4.003,0.60799,0.65217,0.04418,0.9,0.851,1.1,0.02046,4.062,0.02,-0.00046350471916065995
C_P2_N5,2828359d-f95b-4320-a7db-5184b305dfeb,33f9b461-e8d9-49f7-b81f-f472e956c93f,P13,B,9,4.754,4.398,4.003,0.60799,0.65217,0.04418,0.9,0.851,1.1,0.02046,4.774,0.02,-0.00046350471916065995
C_P2_N5,eb4a38ec-5b27-4a51-bfca-8aea690e14d3,1f2d89a9-f3fa-41f6-982c-74b37b29581b,P07,A,5,4.175,4.475,4.682,0.44262,0.57692,0.13431,0.9,0.861,1.1,0.06293,4.238,0.063,6.726803970498582e-05
C_P2_N5,eb4a38ec-5b27-4a51-bfca-8aea690e14d3,33f9b461-e8d9-49f7-b81f-f472e956c93f,P13,A,10,4.774,4.475,4.682,0.44262,0.57692,0.13431,0.9,0.861,1.0,0.05721,4.831,0.057,-0.0002115745093591038
C_P2_N5,eb4a38ec-5b27-4a51-bfca-8aea690e14d3,0afcfd8d-0965-4364-a90e-c1872c47c12c,P04,B,9,4.477,4.682,4.475,0.55738,0.42308,-0.13431,0.9,0.861,1.1,-0.06293,4.414,-0.063,-6.726803970498582e-05
C_P2_N5,eb4a38ec-5b27-4a51-bfca-8aea690e14d3,dfda52a3-01e6-4456-b139-f5a74d69cdd3,P23,B,6,4.887,4.682,4.475,0.55738,0.42308,-0.13431,0.9,0.861,1.1,-0.06293,4.824,-0.063,-6.726803970498582e-05
C_P2_N5,7c95849f-cb1a-493d-99d3-db6cf7fda568,0fa0a889-795e-4185-8e11-61e0c1f1929b,P05,A,8,4.451,3.887,3.369,0.64017,0.42308,-0.2171,0.9,0.861,1.1,-0.10172,4.349,-0.102,-0.0002756649906103087
C_P2_N5,7c95849f-cb1a-493d-99d3-db6cf7fda568,b5146cb1-84e0-4690-a7ae-d6256b33586c,P20,A,6,3.323,3.887,3.369,0.64017,0.42308,-0.2171,0.9,0.861,1.1,-0.10172,3.221,-0.102,-0.0002756649906103087
C_P2_N5,7c95849f-cb1a-493d-99d3-db6cf7fda568,0afcfd8d-0965-4364-a90e-c1872c47c12c,P04,B,10,4.414,3.369,3.887,0.35983,0.57692,0.2171,0.9,0.861,1.0,0.09248,4.506,0.092,-0.0004766681903542648
C_P2_N5,7c95849f-cb1a-493d-99d3-db6cf7fda568,4952b344-b938-4d7f-9799-ddf405dcf72a,P14,B,7,2.323,3.369,3.887,0.35983,0.57692,0.2171,0.9,0.861,1.1,0.10172,2.425,0.102,0.0002756649906103087
C_P2_N5,8b58dded-0308-486f-bdc4-5dbf37890e1e,4952b344-b938-4d7f-9799-ddf405dcf72a,P14,A,8,2.425,3.625,3.7,0.47904,0.5,0.02096,0.9,0.912,1.1,0.01041,2.435,0.01,-0.00040519962614825816
C_P2_N5,8b58dded-0308-486f-bdc4-5dbf37890e1e,dfda52a3-01e6-4456-b139-f5a74d69cdd3,P23,A,7,4.824,3.625,3.7,0.47904,0.5,0.02096,0.9,0.912,1.1,0.01041,4.834,0.01,-0.00040519962614825816
C_P2_N5,8b58dded-0308-486f-bdc4-5dbf37890e1e,33f9b461-e8d9-49f7-b81f-f472e956c93f,P13,B,11,4.831,3.7,3.625,0.52096,0.5,-0.02096,0.9,0.912,1.0,-0.00946,4.822,-0.009,0.00045927238740750743
C_P2_N5,8b58dded-0308-486f-bdc4-5dbf37890e1e,524889fc-4f50-41bb-b22b-cd5046ba728d,P15,B,3,2.569,3.7,3.625,0.52096,0.5,-0.02096,0.9,0.912,2.0,-0.01892,2.55,-0.019,-8.145522518498519e-05
C_P2_N5,a6821b7d-e797-42c6-987a-775e3e8fafb5,09db6874-adc0-46f0-82f7-83cd372cc1f5,P03,A,5,4.539,4.25,3.45,0.70878,0.6,-0.10878,0.9,0.989,1.1,-0.05855,4.48,-0.059,-0.0004520283241216217
C_P2_N5,a6821b7d-e797-42c6-987a-775e3e8fafb5,28656f69-2ade-488b-b07a-037fb9bfa311,P11,A,11,3.961,4.25,3.45,0.70878,0.6,-0.10878,0.9,0.989,1.0,-0.05323,3.908,-0.053,0.0002254287962530712
C_P2_N5,a6821b7d-e797-42c6-987a-775e3e8fafb5,0fa0a889-795e-4185-8e11-61e0c1f1929b,P05,B,9,4.349,3.45,4.25,0.29122,0.4,0.10878,0.9,0.989,1.1,0.05855,4.408,0.059,0.0004520283241216217
C_P2_N5,a6821b7d-e797-42c6-987a-775e3e8fafb5,524889fc-4f50-41bb-b22b-cd5046ba728d,P15,B,4,2.55,3.45,4.25,0.29122,0.4,0.10878,0.9,0.989,2.0,0.10645,2.656,0.106,-0.0004508575925061424
C_P2_N5,936986a8-0666-4578-b38e-1d09c46579b7,09db6874-adc0-46f0-82f7-83cd372cc1f5,P03,A,6,4.48,4.194,4.255,0.4832,0.68182,0.19862,0.9,0.989,1.1,0.10691,4.587,0.107,9.499560124916861e-05
C_P2_N5,936986a8-0666-4578-b38e-1d09c46579b7,28656f69-2ade-488b-b07a-037fb9bfa311,P11,A,12,3.908,4.194,4.255,0.4832,0.68182,0.19862,0.9,0.989,1.0,0.09719,4.005,0.097,-0.00018636763522802854
C_P2_N5,936986a8-0666-4578-b38e-1d09c46579b7,0996ee22-e381-45db-90c2-1863869a244e,P02,B,3,4.101,4.255,4.194,0.5168,0.31818,-0.19862,0.9,0.989,2.0,-0.19437,3.907,-0.194,0.0003727352704560571
C_P2_N5,936986a8-0666-4578-b38e-1d09c46579b7,0fa0a889-795e-4185-8e11-61e0c1f1929b,P05,B,10,4.408,4.255,4.194,0.5168,0.31818,-0.19862,0.9,0.989,1.0,-0.09719,4.311,-0.097,0.00018636763522802854
C_P2_N5,a29529c6-5899-4297-90aa-d390a4823c65,0996ee22-e381-45db-90c2-1863869a244e,P02,A,4,3.907,4.247,3.779,0.62715,0.6,-0.02715,0.9,0.989,2.0,-0.02657,3.88,-0.027,-0.0004324118543606965
C_P2_N5,a29529c6-5899-4297-90aa-d390a4823c65,09db6874-adc0-46f0-82f7-83cd372cc1f5,P03,A,7,4.587,4.247,3.779,0.62715,0.6,-0.02715,0.9,0.989,1.1,-0.01461,4.572,-0.015,-0.00038782651989838305
C_P2_N5,a29529c6-5899-4297-90aa-d390a4823c65,1f2d89a9-f3fa-41f6-982c-74b37b29581b,P07,B,6,4.238,3.779,4.247,0.37285,0.4,0.02715,0.9,0.989,1.1,0.01461,4.253,0.015,0.00038782651989838305
C_P2_N5,a29529c6-5899-4297-90aa-d390a4823c65,23c1639d-675f-4b9a-a331-3ce419306a6a,P09,B,6,3.32,3.779,4.247,0.37285,0.4,0.02715,0.9,0.989,1.1,0.01461,3.335,0.015,0.00038782651989838305
C_P2_N5,053f8c34-5e15-4f83-bbaf-75197fd4d045,09db6874-adc0-46f0-82f7-83cd372cc1f5,P03,A,8,4.572,4.289,3.823,0.6265,0.4,-0.2265,0.9,0.989,1.1,-0.12191,4.45,-0.122,-8.838380503908071e-05
C_P2_N5,053f8c34-5e15-4f83-bbaf-75197fd4d045,28656f69-2ade-488b-b07a-037fb9bfa311,P11,A,13,4.005,4.289,3.823,0.6265,0.4,-0.2265,0.9,0.989,1.0,-0.11083,3.894,-0.111,-0.00017125800458098246
C_P2_N5,053f8c34-5e15-4f83-bbaf-75197fd4d045,0fa0a889-795e-4185-8e11-61e0c1f1929b,P05,B,11,4.311,3.823,4.289,0.3735,0.6,0.2265,0.9,0.989,1.0,0.11083,4.422,0.111,0.00017125800458098246
C_P2_N5,053f8c34-5e15-4f83-bbaf-75197fd4d045,23c1639d-675f-4b9a-a331-3ce419306a6a,P09,B,7,3.335,3.823,4.289,0.3735,0.6,0.2265,0.9,0.989,1.1,0.12191,3.457,0.122,8.838380503908071e-05
C_P2_N5,e862e4a1-932f-4a47-97f1-d286ab4be13b,09db6874-adc0-46f0-82f7-83cd372cc1f5,P03,A,9,4.45,3.443,3.503,0.4832,0.75,0.2668,0.9,0.989,1.1,0.1436,4.594,0.144,0.00039641259564789956
C_P2_N5,e862e4a1-932f-4a47-97f1-d286ab4be13b,4952b344-b938-4d7f-9799-ddf405dcf72a,P14,A,9,2.435,3.443,3.503,0.4832,0.75,0.2668,0.9,0.989,1.1,0.1436,2.579,0.144,0.00039641259564789956
C_P2_N5,e862e4a1-932f-4a47-97f1-d286ab4be13b,0afcfd8d-0965-4364-a90e-c1872c47c12c,P04,B,11,4.506,3.503,3.443,0.5168,0.25,-0.2668,0.9,0.989,1.0,-0.13055,4.375,-0.131,-0.0004512841778617269
C_P2_N5,e862e4a1-932f-4a47-97f1-d286ab4be13b,e82e0c7f-ec26-4880-a11c-8e93cdb4e9ae,P24,B,0,2.5,3.503,3.443,0.5168,0.25,-0.2668,0.9,0.989,2.0,-0.2611,2.239,-0.261,9.743164427654621e-05
C_P2_N5,6450ccec-a86f-45aa-a4bf-6ae871905ca5,32b0e88b-e994-4b10-bf2e-4086a731c027,P12,A,9,3.687,4.255,3.307,0.74131,0.65217,-0.08913,0.9,0.989,1.1,-0.04798,3.639,-0.048,-2.397045327131157e-05
C_P2_N5,6450ccec-a86f-45aa-a4bf-6ae871905ca5,33f9b461-e8d9-49f7-b81f-f472e956c93f,P13,A,12,4.822,4.255,3.307,0.74131,0.65217,-0.08913,0.9,0.989,1.0,-0.04361,4.778,-0.044,-0.0003854276847921014
C_P2_N5,6450ccec-a86f-45aa-a4bf-6ae871905ca5,0afcfd8d-0965-4364-a90e-c1872c47c12c,P04,B,12,4.375,3.307,4.255,0.25869,0.34783,0.08913,0.9,0.989,1.0,0.04361,4.419,0.044,0.0003854276847921014
C_P2_N5,6450ccec-a86f-45aa-a4bf-6ae871905ca5,e82e0c7f-ec26-4880-a11c-8e93cdb4e9ae,P24,B,1,2.239,3.307,4.255,0.25869,0.34783,0.08913,0.9,0.989,2.0,0.08723,2.326,0.087,-0.00022914463041579715
C_P2_N5,b1c79180-37ca-45a4-9518-abc27a48f51d,20067ed8-879d-470d-9fdf-138b78039ac3,P08,A,13,5.471,4.437,3.75,0.6822,0.75,0.0678,0.9,0.989,1.0,0.03318,5.504,0.033,-0.00017676309680320773
C_P2_N5,b1c79180-37ca-45a4-9518-abc27a48f51d,ed66b898-95e9-4f5c-a69c-df19b9c6da3c,P25,A,14,3.403,4.437,3.75,0.6822,0.75,0.0678,0.9,0.989,1.0,0.03318,3.436,0.033,-0.00017676309680320773
C_P2_N5,b1c79180-37ca-45a4-9518-abc27a48f51d,524889fc-4f50-41bb-b22b-cd5046ba728d,P15,B,5,2.656,3.75,4.437,0.3178,0.25,-0.0678,0.9,0.989,1.1,-0.03649,2.62,-0.036,0.0004944394064835285
C_P2_N5,b1c79180-37ca-45a4-9518-abc27a48f51d,9313bcbf-e559-499a-9658-b277050b37ca,P19,B,12,4.843,3.75,4.437,0.3178,0.25,-0.0678,0.9,0.989,1.0,-0.03318,4.81,-0.033,0.00017676309680320773
C_P2_N5,2bc4809f-4961-4e1a-894d-a848b2ae55a6,27f6c2fe-4682-46a5-a2a2-4962a0d9776e,P10,A,12,4.167,4.199,4.158,0.51125,0.5,-0.01125,0.9,0.989,1.0,-0.0055,4.161,-0.006,-0.0004961412939717679
C_P2_N5,2bc4809f-4961-4e1a-894d-a848b2ae55a6,8e7929b9-007e-42c3-aa3f-003d3f4df78f,P17,A,12,4.23,4.199,4.158,0.51125,0.5,-0.01125,0.9,0.989,1.0,-0.0055,4.224,-0.006,-0.0004961412939717679
C_P2_N5,2bc4809f-4961-4e1a-894d-a848b2ae55a6,0fa0a889-795e-4185-8e11-61e0c1f1929b,P05,B,12,4.422,4.158,4.199,0.48875,0.5,0.01125,0.9,0.989,1.0,0.0055,4.428,0.006,0.0004961412939717679
C_P2_N5,2bc4809f-4961-4e1a-894d-a848b2ae55a6,28656f69-2ade-488b-b07a-037fb9bfa311,P11,B,14,3.894,4.158,4.199,0.48875,0.5,0.01125,0.9,0.989,1.0,0.0055,3.9,0.006,0.0004961412939717679
C_P2_N5,4383b3be-9fce-4612-a59a-02207116a9e1,20067ed8-879d-470d-9fdf-138b78039ac3,P08,A,14,5.504,4.47,3.679,0.70671,0.55556,-0.15115,0.9,0.989,1.0,-0.07396,5.43,-0.074,-3.937492995041905e-05
C_P2_N5,4383b3be-9fce-4612-a59a-02207116a9e1,ed66b898-95e9-4f5c-a69c-df19b9c6da3c,P25,A,15,3.436,4.47,3.679,0.70671,0.55556,-0.15115,0.9,0.989,1.0,-0.07396,3.362,-0.074,-3.937492995041905e-05
C_P2_N5,4383b3be-9fce-4612-a59a-02207116a9e1,33f9b461-e8d9-49f7-b81f-f472e956c93f,P13,B,13,4.778,3.679,4.47,0.29329,0.44444,0.15115,0.9,0.989,1.0,0.07396,4.852,0.074,3.937492995041905e-05
C_P2_N5,4383b3be-9fce-4612-a59a-02207116a9e1,4952b344-b938-4d7f-9799-ddf405dcf72a,P14,B,10,2.579,3.679,4.47,0.29329,0.44444,0.15115,0.9,0.989,1.0,0.07396,2.653,0.074,3.937492995041905e-05
C_P2_N5,b75e356b-24af-4c88-9a4d-7328cb9d74d2,33f9b461-e8d9-49f7-b81f-f472e956c93f,P13,A,14,4.852,4.831,4.193,0.67028,0.55556,-0.11472,0.9,0.989,1.0,-0.05614,4.796,-0.056,0.00013553985251946345
C_P2_N5,b75e356b-24af-4c88-9a4d-7328cb9d74d2,9313bcbf-e559-499a-9658-b277050b37ca,P19,A,13,4.81,4.831,4.193,0.67028,0.55556,-0.11472,0.9,0.989,1.0,-0.05614,4.754,-0.056,0.00013553985251946345
C_P2_N5,b75e356b-24af-4c88-9a4d-7328cb9d74d2,27f6c2fe-4682-46a5-a2a2-4962a0d9776e,P10,B,13,4.161,4.193,4.831,0.32972,0.44444,0.11472,0.9,0.989,1.0,0.05614,4.217,0.056,-0.00013553985251946345
C_P2_N5,b75e356b-24af-4c88-9a4d-7328cb9d74d2,8e7929b9-007e-42c3-aa3f-003d3f4df78f,P17,B,13,4.224,4.193,4.831,0.32972,0.44444,0.11472,0.9,0.989,1.0,0.05614,4.28,0.056,-0.00013553985251946345
C_P2_N5,c63169fa-2db0-4892-b92e-7cda41f73bf3,d4acf5d8-317e-4564-8170-8fe09e6aa115,P22,A,7,3.807,3.585,4.535,0.25816,0.4,0.14184,0.9,0.989,1.1,0.07634,3.883,0.076,-0.0003449525526332115
C_P2_N5,c63169fa-2db0-4892-b92e-7cda41f73bf3,ed66b898-95e9-4f5c-a69c-df19b9c6da3c,P25,A,16,3.362,3.585,4.535,0.25816,0.4,0.14184,0.9,0.989,1.0,0.0694,3.431,0.069,-0.0004045023205756468
C_P2_N5,c63169fa-2db0-4892-b92e-7cda41f73bf3,20067ed8-879d-470d-9fdf-138b78039ac3,P08,B,15,5.43,4.535,3.585,0.74184,0.6,-0.14184,0.9,0.989,1.0,-0.0694,5.361,-0.069,0.0004045023205756468
C_P2_N5,c63169fa-2db0-4892-b92e-7cda41f73bf3,32b0e88b-e994-4b10-bf2e-4086a731c027,P12,B,10,3.639,4.535,3.585,0.74184,0.6,-0.14184,0.9,0.989,1.0,-0.0694,3.57,-0.069,0.0004045023205756468
C_P2_N5,cfb52d2a-8e35-42e7-959b-536e6fc4554b,20067ed8-879d-470d-9fdf-138b78039ac3,P08,A,16,5.361,4.396,3.536,0.72223,0.53571,-0.18652,0.9,0.989,1.0,-0.09127,5.27,-0.091,0.000265356586500132
C_P2_N5,cfb52d2a-8e35-42e7-959b-536e6fc4554b,ed66b898-95e9-4f5c-a69c-df19b9c6da3c,P25,A,17,3.431,4.396,3.536,0.72223,0.53571,-0.18652,0.9,0.989,1.0,-0.09127,3.34,-0.091,0.000265356586500132
C_P2_N5,cfb52d2a-8e35-42e7-959b-536e6fc4554b,0afcfd8d-0965-4364-a90e-c1872c47c12c,P04,B,13,4.419,3.536,4.396,0.27777,0.46429,0.18652,0.9,0.989,1.0,0.09127,4.51,0.091,-0.000265356586500132
C_P2_N5,cfb52d2a-8e35-42e7-959b-536e6fc4554b,4952b344-b938-4d7f-9799-ddf405dcf72a,P14,B,11,2.653,3.536,4.396,0.27777,0.46429,0.18652,0.9,0.989,1.0,0.09127,2.744,0.091,-0.000265356586500132
C_P2_N5,48337539-7d04-41d5-a7d8-499c4535f109,20067ed8-879d-470d-9fdf-138b78039ac3,P08,A,17,5.27,4.305,4.517,0.44138,0.5,0.05862,0.9,0.989,1.0,0.02868,5.299,0.029,0.0003173187613714771
C_P2_N5,48337539-7d04-41d5-a7d8-499c4535f109,ed66b898-95e9-4f5c-a69c-df19b9c6da3c,P25,A,18,3.34,4.305,4.517,0.44138,0.5,0.05862,0.9,0.989,1.0,0.02868,3.369,0.029,0.0003173187613714771
C_P2_N5,48337539-7d04-41d5-a7d8-499c4535f109,8e7929b9-007e-42c3-aa3f-003d3f4df78f,P17,B,14,4.28,4.517,4.305,0.55862,0.5,-0.05862,0.9,0.989,1.0,-0.02868,4.251,-0.029,-0.0003173187613714771
C_P2_N5,48337539-7d04-41d5-a7d8-499c4535f109,9313bcbf-e559-499a-9658-b277050b37ca,P19,B,14,4.754,4.517,4.305,0.55862,0.5,-0.05862,0.9,0.989,1.0,-0.02868,4.725,-0.029,-0.0003173187613714771
C_P2_N5,43ad7b90-44f0-4852-9210-18faf1010105,0fa0a889-795e-4185-8e11-61e0c1f1929b,P05,A,13,4.428,4.164,4.234,0.48057,0.88235,0.40179,0.9,1.0,1.0,0.19888,4.627,0.199,0.00011514329326976113
C_P2_N5,43ad7b90-44f0-4852-9210-18faf1010105,28656f69-2ade-488b-b07a-037fb9bfa311,P11,A,15,3.9,4.164,4.234,0.48057,0.88235,0.40179,0.9,1.0,1.0,0.19888,4.099,0.199,0.00011514329326976113
C_P2_N5,43ad7b90-44f0-4852-9210-18faf1010105,27f6c2fe-4682-46a5-a2a2-4962a0d9776e,P10,B,14,4.217,4.234,4.164,0.51943,0.11765,-0.40179,0.9,1.0,1.0,-0.19888,4.018,-0.199,-0.00011514329326976113
C_P2_N5,43ad7b90-44f0-4852-9210-18faf1010105,8e7929b9-007e-42c3-aa3f-003d3f4df78f,P17,B,15,4.251,4.234,4.164,0.51943,0.11765,-0.40179,0.9,1.0,1.0,-0.19888,4.052,-0.199,-0.00011514329326976113
D_S0.6,f252ac4c-d134-4c6a-a68c-8bfb6868a91f,0fa0a889-795e-4185-8e11-61e0c1f1929b,P05,A,0,4.0,3.0,3.95,0.17032,0.44444,0.27412,0.9,0.715,1.25,0.12133,4.121,0.121,-0.00032741283790758925
D_S0.6,f252ac4c-d134-4c6a-a68c-8bfb6868a91f,4952b344-b938-4d7f-9799-ddf405dcf72a,P14,A,0,2.0,3.0,3.95,0.17032,0.44444,0.27412,0.9,0.715,1.25,0.12133,2.121,0.121,-0.00032741283790758925
D_S0.6,f252ac4c-d134-4c6a-a68c-8bfb6868a91f,524889fc-4f50-41bb-b22b-cd5046ba728d,P15,B,0,2.0,3.95,3.0,0.82968,0.55556,-0.27412,0.9,0.715,1.25,-0.12133,2.0,0.0,0.0
D_S0.6,f252ac4c-d134-4c6a-a68c-8bfb6868a91f,9313bcbf-e559-499a-9658-b277050b37ca,P19,B,0,5.9,3.95,3.0,0.82968,0.55556,-0.27412,0.9,0.715,1.25,-0.12133,5.779,-0.121,0.00032741283790758925
D_S0.6,8f4f89bf-f631-40fb-92ea-2e570dff7707,27f6c2fe-4682-46a5-a2a2-4962a0d9776e,P10,A,0,4.0,4.0,3.75,0.60269,0.5,-0.10269,0.9,0.715,1.25,-0.04545,3.955,-0.045,0.0004491554652100672
D_S0.6,8f4f89bf-f631-40fb-92ea-2e570dff7707,28656f69-2ade-488b-b07a-037fb9bfa311,P11,A,0,4.0,4.0,3.75,0.60269,0.5,-0.10269,0.9,0.715,1.25,-0.04545,3.955,-0.045,0.0004491554652100672
D_S0.6,8f4f89bf-f631-40fb-92ea-2e570dff7707,0afcfd8d-0965-4364-a90e-c1872c47c12c,P04,B,0,4.0,3.75,4.0,0.39731,0.5,0.10269,0.9,0.715,1.25,0.04545,4.045,0.045,-0.0004491554652100672
D_S0.6,8f4f89bf-f631-40fb-92ea-2e570dff7707,ed66b898-95e9-4f5c-a69c-df19b9c6da3c,P25,B,0,3.5,3.75,4.0,0.39731,0.5,0.10269,0.9,0.715,1.25,0.04545,3.545,0.045,-0.0004491554652100672
D_S0.6,f53ac5f1-4189-4e25-8949-8e6073016eeb,0fa0a889-795e-4185-8e11-61e0c1f1929b,P05,A,1,4.121,3.833,3.7,0.55519,1.0,0.44481,0.9,0.715,1.25,0.19688,4.318,0.197,0.00012476906752066088
D_S0.6,f53ac5f1-4189-4e25-8949-8e6073016eeb,ed66b898-95e9-4f5c-a69c-df19b9c6da3c,P25,A,1,3.545,3.833,3.7,0.55519,1.0,0.44481,0.9,0.715,1.25,0.19688,3.742,0.197,0.00012476906752066088
D_S0.6,f53ac5f1-4189-4e25-8949-8e6073016eeb,23c1639d-675f-4b9a-a331-3ce419306a6a,P09,B,0,4.0,3.7,3.833,0.44481,0.0,-0.44481,0.9,0.715,1.25,-0.19688,3.803,-0.197,-0.00012476906752066088
D_S0.6,f53ac5f1-4189-4e25-8949-8e6073016eeb,b5146cb1-84e0-4690-a7ae-d6256b33586c,P20,B,0,3.4,3.7,3.833,0.44481,0.0,-0.44481,0.9,0.715,1.25,-0.19688,3.203,-0.197,-0.00012476906752066088
D_S0.6,b4436f08-ef01-4453-990c-c6add342dcda,33f9b461-e8d9-49f7-b81f-f472e956c93f,P13,A,0,4.0,4.0,6.023,0.03322,0.55556,0.52234,0.9,0.715,1.25,0.23119,4.231,0.231,-0.00018910125179161474
D_S0.6,b4436f08-ef01-4453-990c-c6add342dcda,dfda52a3-01e6-4456-b139-f5a74d69cdd3,P23,A,0,4.0,4.0,6.023,0.03322,0.55556,0.52234,0.9,0.715,1.25,0.23119,4.231,0.231,-0.00018910125179161474
D_S0.6,b4436f08-ef01-4453-990c-c6add342dcda,0afcfd8d-0965-4364-a90e-c1872c47c12c,P04,B,1,4.045,6.023,4.0,0.96678,0.44444,-0.52234,0.9,0.715,1.25,-0.23119,3.814,-0.231,0.00018910125179161474
D_S0.6,b4436f08-ef01-4453-990c-c6add342dcda,20067ed8-879d-470d-9fdf-138b78039ac3,P08,B,0,8.0,6.023,4.0,0.96678,0.44444,-0.52234,0.9,0.715,1.25,-0.23119,7.769,-0.231,0.00018910125179161474
D_S0.6,a6397938-05cc-4785-9ec8-bb010355c9da,20067ed8-879d-470d-9fdf-138b78039ac3,P08,A,1,7.769,5.885,2.978,0.99219,0.375,-0.61719,0.9,0.715,1.25,-0.27317,7.496,-0.273,0.0001737311653780471
D_S0.6,a6397938-05cc-4785-9ec8-bb010355c9da,d4acf5d8-317e-4564-8170-8fe09e6aa115,P22,A,0,4.0,5.885,2.978,0.99219,0.375,-0.61719,0.9,0.715,1.25,-0.27317,3.727,-0.273,0.0001737311653780471
D_S0.6,a6397938-05cc-4785-9ec8-bb010355c9da,27f6c2fe-4682-46a5-a2a2-4962a0d9776e,P10,B,1,3.955,2.978,5.885,0.00781,0.625,0.61719,0.9,0.715,1.25,0.27317,4.228,0.273,-0.0001737311653780471
D_S0.6,a6397938-05cc-4785-9ec8-bb010355c9da,524889fc-4f50-41bb-b22b-cd5046ba728d,P15,B,1,2.0,2.978,5.885,0.00781,0.625,0.61719,0.9,0.715,1.25,0.27317,2.273,0.273,-0.0001737311653780471
D_S0.6,9a0d536d-702f-4764-b2b8-fc5a69a6b9de,0afcfd8d-0965-4364-a90e-c1872c47c12c,P04,A,2,3.814,3.809,3.987,0.42637,0.34783,-0.07855,0.9,0.715,1.25,-0.03477,3.779,-0.035,-0.00023485936720187846
D_S0.6,9a0d536d-702f-4764-b2b8-fc5a69a6b9de,23c1639d-675f-4b9a-a331-3ce419306a6a,P09,A,1,3.803,3.809,3.987,0.42637,0.34783,-0.07855,0.9,0.715,1.25,-0.03477,3.768,-0.035,-0.00023485936720187846
D_S0.6,9a0d536d-702f-4764-b2b8-fc5a69a6b9de,dfda52a3-01e6-4456-b139-f5a74d69cdd3,P23,B,1,4.231,3.987,3.809,0.57363,0.65217,0.07855,0.9,0.715,1.25,0.03477,4.266,0.035,0.00023485936720187846
D_S0.6,9a0d536d-702f-4764-b2b8-fc5a69a6b9de,ed66b898-95e9-4f5c-a69c-df19b9c6da3c,P25,B,2,3.742,3.987,3.809,0.57363,0.65217,0.07855,0.9,0.715,1.25,0.03477,3.777,0.035,0.00023485936720187846
D_S0.6,6e504b4c-8034-4fbb-8e80-dc612f3fde9a,8e7929b9-007e-42c3-aa3f-003d3f4df78f,P17,A,0,4.0,3.602,3.22,0.654,0.4,-0.254,0.9,0.715,1.25,-0.11242,3.888,-0.112,0.00042175440945239824
D_S0.6,6e504b4c-8034-4fbb-8e80-dc612f3fde9a,b5146cb1-84e0-4690-a7ae-d6256b33586c,P20,A,1,3.203,3.602,3.22,0.654,0.4,-0.254,0.9,0.715,1.25,-0.11242,3.091,-0.112,0.00042175440945239824
D_S0.6,6e504b4c-8034-4fbb-8e80-dc612f3fde9a,0fa0a889-795e-4185-8e11-61e0c1f1929b,P05,B,2,4.318,3.22,3.602,0.346,0.6,0.254,0.9,0.715,1.25,0.11242,4.43,0.112,-0.00042175440945239824
D_S0.6,6e504b4c-8034-4fbb-8e80-dc612f3fde9a,4952b344-b938-4d7f-9799-ddf405dcf72a,P14,B,1,2.121,3.22,3.602,0.346,0.6,0.254,0.9,0.715,1.25,0.11242,2.233,0.112,-0.00042175440945239824
D_S0.6,883f6955-cf07-44f4-bf2a-d0eaab7996eb,33f9b461-e8d9-49f7-b81f-f472e956c93f,P13,A,1,4.231,3.252,4.867,0.06347,0.46429,0.40082,0.9,0.715,1.25,0.1774,4.408,0.177,-0.00040485451134745907
D_S0.6,883f6955-cf07-44f4-bf2a-d0eaab7996eb,524889fc-4f50-41bb-b22b-cd5046ba728d,P15,A,2,2.273,3.252,4.867,0.06347,0.46429,0.40082,0.9,0.715,1.25,0.1774,2.45,0.177,-0.00040485451134745907
D_S0.6,883f6955-cf07-44f4-bf2a-d0eaab7996eb,28656f69-2ade-488b-b07a-037fb9bfa311,P11,B,1,3.955,4.867,3.252,0.93653,0.53571,-0.40082,0.9,0.715,1.25,-0.1774,3.778,-0.177,0.00040485451134745907
D_S0.6,883f6955-cf07-44f4-bf2a-d0eaab7996eb,9313bcbf-e559-499a-9658-b277050b37ca,P19,B,1,5.779,4.867,3.252,0.93653,0.53571,-0.40082,0.9,0.715,1.25,-0.1774,5.602,-0.177,0.00040485451134745907
D_S0.6,b5e0ebeb-d305-4950-b919-9bbc8fea9607,0afcfd8d-0965-4364-a90e-c1872c47c12c,P04,A,3,3.779,3.774,4.159,0.34468,0.4,0.05532,0.9,0.715,1.25,0.02448,3.803,0.024,-0.00048424727045272796
D_S0.6,b5e0ebeb-d305-4950-b919-9bbc8fea9607,23c1639d-675f-4b9a-a331-3ce419306a6a,P09,A,2,3.768,3.774,4.159,0.34468,0.4,0.05532,0.9,0.715,1.25,0.02448,3.792,0.024,-0.00048424727045272796
D_S0.6,b5e0ebeb-d305-4950-b919-9bbc8fea9607,0fa0a889-795e-4185-8e11-61e0c1f1929b,P05,B,3,4.43,4.159,3.774,0.65532,0.6,-0.05532,0.9,0.715,1.25,-0.02448,4.406,-0.024,0.00048424727045272796
D_S0.6,b5e0ebeb-d305-4950-b919-9bbc8fea9607,8e7929b9-007e-42c3-aa3f-003d3f4df78f,P17,B,1,3.888,4.159,3.774,0.65532,0.6,-0.05532,0.9,0.715,1.25,-0.02448,3.864,-0.024,0.00048424727045272796
D_S0.6,3a78a214-ca47-477b-a512-93a45b0f6681,1f2d89a9-f3fa-41f6-982c-74b37b29581b,P07,A,0,4.0,4.0,3.796,0.58439,0.42308,-0.16132,0.9,0.715,1.25,-0.0714,3.929,-0.071,0.00039944869713412896
D_S0.6,3a78a214-ca47-477b-a512-93a45b0f6681,32b0e88b-e994-4b10-bf2e-4086a731c027,P12,A,0,4.0,4.0,3.796,0.58439,0.42308,-0.16132,0.9,0.715,1.25,-0.0714,3.929,-0.071,0.00039944869713412896
D_S0.6,3a78a214-ca47-477b-a512-93a45b0f6681,8e7929b9-007e-42c3-aa3f-003d3f4df78f,P17,B,2,3.864,3.796,4.0,0.41561,0.57692,0.16132,0.9,0.715,1.25,0.0714,3.935,0.071,-0.00039944869713412896
D_S0.6,3a78a214-ca47-477b-a512-93a45b0f6681,d4acf5d8-317e-4564-8170-8fe09e6aa115,P22,B,1,3.727,3.796,4.0,0.41561,0.57692,0.16132,0.9,0.715,1.25,0.0714,3.798,0.071,-0.00039944869713412896
D_S0.6,499be5f8-602c-4641-abc1-b5e7a5fbe4e8,1f2d89a9-f3fa-41f6-982c-74b37b29581b,P07,A,1,3.929,3.929,3.867,0.52602,0.42308,-0.10294,0.9,0.715,1.25,-0.04556,3.883,-0.046,-0.00043758888746783374
D_S0.6,499be5f8-602c-4641-abc1-b5e7a5fbe4e8,32b0e88b-e994-4b10-bf2e-4086a731c027,P12,A,1,3.929,3.929,3.867,0.52602,0.42308,-0.10294,0.9,0.715,1.25,-0.04556,3.883,-0.046,-0.00043758888746783374
D_S0.6,499be5f8-602c-4641-abc1-b5e7a5fbe4e8,8e7929b9-007e-42c3-aa3f-003d3f4df78f,P17,B,3,3.935,3.867,3.929,0.47398,0.57692,0.10294,0.9,0.715,1.25,0.04556,3.981,0.046,0.00043758888746783374
D_S0.6,499be5f8-602c-4641-abc1-b5e7a5fbe4e8,d4acf5d8-317e-4564-8170-8fe09e6aa115,P22,B,2,3.798,3.867,3.929,0.47398,0.57692,0.10294,0.9,0.715,1.25,0.04556,3.844,0.046,0.00043758888746783374
D_S0.6,96c408c2-df56-4284-83da-fa8f0174230f,1f2d89a9-f3fa-41f6-982c-74b37b29581b,P07,A,2,3.883,4.075,6.549,0.01592,0.57692,0.561,0.9,0.715,1.25,0.2483,4.131,0.248,-0.0003036229589488326
D_S0.6,96c408c2-df56-4284-83da-fa8f0174230f,dfda52a3-01e6-4456-b139-f5a74d69cdd3,P23,A,2,4.266,4.075,6.549,0.01592,0.57692,0.561,0.9,0.715,1.25,0.2483,4.514,0.248,-0.0003036229589488326
D_S0.6,96c408c2-df56-4284-83da-fa8f0174230f,20067ed8-879d-470d-9fdf-138b78039ac3,P08,B,2,7.496,6.549,4.075,0.98408,0.42308,-0.561,0.9,0.715,1.25,-0.2483,7.248,-0.248,0.0003036229589488326
D_S0.6,96c408c2-df56-4284-83da-fa8f0174230f,9313bcbf-e559-499a-9658-b277050b37ca,P19,B,2,5.602,6.549,4.075,0.98408,0.42308,-0.561,0.9,0.715,1.25,-0.2483,5.354,-0.248,0.0003036229589488326
D_S0.6,4b747051-fdbe-44eb-9098-1615dbf2bf65,23c1639d-675f-4b9a-a331-3ce419306a6a,P09,A,3,3.792,3.785,4.003,0.41035,0.625,0.21465,0.9,0.715,1.25,0.095,3.887,0.095,-3.395004117803726e-06
D_S0.6,4b747051-fdbe-44eb-9098-1615dbf2bf65,28656f69-2ade-488b-b07a-037fb9bfa311,P11,A,2,3.778,3.785,4.003,0.41035,0.625,0.21465,0.9,0.715,1.25,0.095,3.873,0.095,-3.395004117803726e-06
D_S0.6,4b747051-fdbe-44eb-9098-1615dbf2bf65,27f6c2fe-4682-46a5-a2a2-4962a0d9776e,P10,B,2,4.228,4.003,3.785,0.58965,0.375,-0.21465,0.9,0.715,1.25,-0.095,4.133,-0.095,3.395004117803726e-06
D_S0.6,4b747051-fdbe-44eb-9098-1615dbf2bf65,ed66b898-95e9-4f5c-a69c-df19b9c6da3c,P25,B,3,3.777,4.003,3.785,0.58965,0.375,-0.21465,0.9,0.715,1.25,-0.095,3.682,-0.095,3.395004117803726e-06
D_S0.6,eef05cfd-1a64-496e-aea4-8428df9c3b9b,20067ed8-879d-470d-9fdf-138b78039ac3,P08,A,3,7.248,6.301,4.159,0.97264,0.4,-0.57264,0.9,0.715,1.25,-0.25345,6.995,-0.253,0.0004527873352904235
D_S0.6,eef05cfd-1a64-496e-aea4-8428df9c3b9b,9313bcbf-e559-499a-9658-b277050b37ca,P19,A,3,5.354,6.301,4.159,0.97264,0.4,-0.57264,0.9,0.715,1.25,-0.25345,5.101,-0.253,0.0004527873352904235
D_S0.6,eef05cfd-1a64-496e-aea4-8428df9c3b9b,0afcfd8d-0965-4364-a90e-c1872c47c12c,P04,B,4,3.803,4.159,6.301,0.02736,0.6,0.57264,0.9,0.715,1.25,0.25345,4.056,0.253,-0.0004527873352904235
D_S0.6,eef05cfd-1a64-496e-aea4-8428df9c3b9b,dfda52a3-01e6-4456-b139-f5a74d69cdd3,P23,B,3,4.514,4.159,6.301,0.02736,0.6,0.57264,0.9,0.715,1.25,0.25345,4.767,0.253,-0.0004527873352904235
D_S0.6,6a01d571-bf2d-4b08-ab63-53d3b764ac65,1f2d89a9-f3fa-41f6-982c-74b37b29581b,P07,A,3,4.131,4.27,3.783,0.69246,0.625,-0.06746,0.9,0.715,1.25,-0.02986,4.101,-0.03,-0.00013978090612123248
D_S0.6,6a01d571-bf2d-4b08-ab63-53d3b764ac65,33f9b461-e8d9-49f7-b81f-f472e956c93f,P13,A,2,4.408,4.27,3.783,0.69246,0.625,-0.06746,0.9,0.715,1.25,-0.02986,4.378,-0.03,-0.00013978090612123248
D_S0.6,6a01d571-bf2d-4b08-ab63-53d3b764ac65,32b0e88b-e994-4b10-bf2e-4086a731c027,P12,B,2,3.883,3.783,4.27,0.30754,0.375,0.06746,0.9,0.715,1.25,0.02986,3.913,0.03,0.00013978090612123248
D_S0.6,6a01d571-bf2d-4b08-ab63-53d3b764ac65,ed66b898-95e9-4f5c-a69c-df19b9c6da3c,P25,B,4,3.682,3.783,4.27,0.30754,0.375,0.06746,0.9,0.715,1.25,0.02986,3.712,0.03,0.00013978090612123248
D_S0.6,87ba212a-bccc-4be6-92ed-8495c8c0d886,20067ed8-879d-470d-9fdf-138b78039ac3,P08,A,4,6.995,5.441,3.989,0.9184,0.55556,-0.36285,0.9,0.715,1.25,-0.1606,6.834,-0.161,-0.0004018600520813719
D_S0.6,87ba212a-bccc-4be6-92ed-8495c8c0d886,23c1639d-675f-4b9a-a331-3ce419306a6a,P09,A,4,3.887,5.441,3.989,0.9184,0.55556,-0.36285,0.9,0.715,1.25,-0.1606,3.726,-0.161,-0.0004018600520813719
D_S0.6,87ba212a-bccc-4be6-92ed-8495c8c0d886,27f6c2fe-4682-46a5-a2a2-4962a0d9776e,P10,B,3,4.133,3.989,5.441,0.0816,0.44444,0.36285,0.9,0.715,1.25,0.1606,4.294,0.161,0.0004018600520813719
D_S0.6,87ba212a-bccc-4be6-92ed-8495c8c0d886,d4acf5d8-317e-4564-8170-8fe09e6aa115,P22,B,3,3.844,3.989,5.441,0.0816,0.44444,0.36285,0.9,0.715,1.25,0.1606,4.005,0.161,0.0004018600520813719
D_S0.6,9127f50f-f412-4a40-856c-e14097646b7d,27f6c2fe-4682-46a5-a2a2-4962a0d9776e,P10,A,4,4.294,4.084,3.847,0.59749,0.46429,-0.1332,0.9,0.776,1.25,-0.06392,4.23,-0.064,-7.923856186531006e-05
D_S0.6,9127f50f-f412-4a40-856c-e14097646b7d,28656f69-2ade-488b-b07a-037fb9bfa311,P11,A,3,3.873,4.084,3.847,0.59749,0.46429,-0.1332,0.9,0.776,1.25,-0.06392,3.809,-0.064,-7.923856186531006e-05
D_S0.6,9127f50f-f412-4a40-856c-e14097646b7d,8e7929b9-007e-42c3-aa3f-003d3f4df78f,P17,B,4,3.981,3.847,4.084,0.40251,0.53571,0.1332,0.9,0.776,1.25,0.06392,4.045,0.064,7.923856186531006e-05
D_S0.6,9127f50f-f412-4a40-856c-e14097646b7d,ed66b898-95e9-4f5c-a69c-df19b9c6da3c,P25,B,5,3.712,3.847,4.084,0.40251,0.53571,0.1332,0.9,0.776,1.1,0.05625,3.768,0.056,-0.00025027006555852717
D_S0.6,fbeddd53-0142-48f1-afa4-8c984b028c2b,0afcfd8d-0965-4364-a90e-c1872c47c12c,P04,A,5,4.056,3.574,5.28,0.05498,1.0,0.94502,0.9,0.776,1.1,0.35,4.406,0.35,0.0
D_S0.6,fbeddd53-0142-48f1-afa4-8c984b028c2b,b5146cb1-84e0-4690-a7ae-d6256b33586c,P20,A,2,3.091,3.574,5.28,0.05498,1.0,0.94502,0.9,0.776,1.25,0.35,3.441,0.35,0.0
D_S0.6,fbeddd53-0142-48f1-afa4-8c984b028c2b,20067ed8-879d-470d-9fdf-138b78039ac3,P08,B,5,6.834,5.28,3.574,0.94502,0.0,-0.94502,0.9,0.776,1.1,-0.35,6.484,-0.35,0.0
D_S0.6,fbeddd53-0142-48f1-afa4-8c984b028c2b,23c1639d-675f-4b9a-a331-3ce419306a6a,P09,B,5,3.726,5.28,3.574,0.94502,0.0,-0.94502,0.9,0.776,1.1,-0.35,3.376,-0.35,0.0
D_S0.6,d782326c-6b6b-48cc-bb4e-4823eb5d1a11,33f9b461-e8d9-49f7-b81f-f472e956c93f,P13,A,3,4.378,4.189,3.5,0.75921,0.83333,0.07413,0.9,0.776,1.25,0.03557,4.414,0.036,0.00042754783226754315
D_S0.6,d782326c-6b6b-48cc-bb4e-4823eb5d1a11,cb2d6d92-3c1d-453d-aa65-79ca040d61f3,P21,A,0,4.0,4.189,3.5,0.75921,0.83333,0.07413,0.9,0.776,1.25,0.03557,4.036,0.036,0.00042754783226754315
D_S0.6,d782326c-6b6b-48cc-bb4e-4823eb5d1a11,4952b344-b938-4d7f-9799-ddf405dcf72a,P14,B,2,2.233,3.5,4.189,0.24079,0.16667,-0.07413,0.9,0.776,1.25,-0.03557,2.197,-0.036,-0.00042754783226754315
D_S0.6,d782326c-6b6b-48cc-bb4e-4823eb5d1a11,dfda52a3-01e6-4456-b139-f5a74d69cdd3,P23,B,4,4.767,3.5,4.189,0.24079,0.16667,-0.07413,0.9,0.776,1.25,-0.03557,4.731,-0.036,-0.00042754783226754315
D_S0.6,4444b26a-6932-440a-864e-029dd40a37d0,0fa0a889-795e-4185-8e11-61e0c1f1929b,P05,A,4,4.406,3.924,4.435,0.29908,0.375,0.07592,0.9,0.776,1.25,0.03643,4.442,0.036,-0.00043129129045925603
D_S0.6,4444b26a-6932-440a-864e-029dd40a37d0,b5146cb1-84e0-4690-a7ae-d6256b33586c,P20,A,3,3.441,3.924,4.435,0.29908,0.375,0.07592,0.9,0.776,1.25,0.03643,3.477,0.036,-0.00043129129045925603
D_S0.6,4444b26a-6932-440a-864e-029dd40a37d0,9313bcbf-e559-499a-9658-b277050b37ca,P19,B,4,5.101,4.435,3.924,0.70092,0.625,-0.07592,0.9,0.776,1.25,-0.03643,5.065,-0.036,0.00043129129045925603
D_S0.6,4444b26a-6932-440a-864e-029dd40a37d0,ed66b898-95e9-4f5c-a69c-df19b9c6da3c,P25,B,6,3.768,4.435,3.924,0.70092,0.625,-0.07592,0.9,0.776,1.1,-0.03206,3.736,-0.032,5.9536335604145325e-05
D_S0.6,eba3e49a-f356-41a6-9b31-02e74c37e3dd,091f312a-207f-4cea-9d57-437a614affde,P01,A,0,3.5,3.773,4.02,0.39851,0.46429,0.06577,0.9,0.776,1.25,0.03156,3.532,0.032,0.00043641956161820556
D_S0.6,eba3e49a-f356-41a6-9b31-02e74c37e3dd,8e7929b9-007e-42c3-aa3f-003d3f4df78f,P17,A,5,4.045,3.773,4.02,0.39851,0.46429,0.06577,0.9,0.776,1.1,0.02778,4.073,0.028,0.00022404921422402088
D_S0.6,eba3e49a-f356-41a6-9b31-02e74c37e3dd,27f6c2fe-4682-46a5-a2a2-4962a0d9776e,P10,B,5,4.23,4.02,3.773,0.60149,0.53571,-0.06577,0.9,0.776,1.1,-0.02778,4.202,-0.028,-0.00022404921422402088
D_S0.6,eba3e49a-f356-41a6-9b31-02e74c37e3dd,28656f69-2ade-488b-b07a-037fb9bfa311,P11,B,4,3.809,4.02,3.773,0.60149,0.53571,-0.06577,0.9,0.776,1.25,-0.03156,3.777,-0.032,-0.00043641956161820556
D_S0.6,42f76a99-1849-4db1-b133-f5f0db458291,091f312a-207f-4cea-9d57-437a614affde,P01,A,1,3.532,3.784,4.104,0.36993,0.71429,0.34435,0.9,0.776,1.25,0.16525,3.697,0.165,-0.00024936780846095477
D_S0.6,42f76a99-1849-4db1-b133-f5f0db458291,cb2d6d92-3c1d-453d-aa65-79ca040d61f3,P21,A,1,4.036,3.784,4.104,0.36993,0.71429,0.34435,0.9,0.776,1.25,0.16525,4.201,0.165,-0.00024936780846095477
D_S0.6,42f76a99-1849-4db1-b133-f5f0db458291,27f6c2fe-4682-46a5-a2a2-4962a0d9776e,P10,B,6,4.202,4.104,3.784,0.63007,0.28571,-0.34435,0.9,0.776,1.1,-0.14542,4.057,-0.145,0.00041944367144564017
D_S0.6,42f76a99-1849-4db1-b133-f5f0db458291,d4acf5d8-317e-4564-8170-8fe09e6aa115,P22,B,4,4.005,4.104,3.784,0.63007,0.28571,-0.34435,0.9,0.776,1.25,-0.16525,3.84,-0.165,0.00024936780846095477
D_S0.6,a7d12f06-65d8-4881-9c89-1a96aaf41eec,0996ee22-e381-45db-90c2-1863869a244e,P02,A,0,4.0,4.037,4.421,0.34506,0.6,0.25494,0.9,0.776,1.25,0.12234,4.122,0.122,-0.00034285636734512914
D_S0.6,a7d12f06-65d8-4881-9c89-1a96aaf41eec,8e7929b9-007e-42c3-aa3f-003d3f4df78f,P17,A,6,4.073,4.037,4.421,0.34506,0.6,0.25494,0.9,0.776,1.1,0.10766,4.181,0.108,0.0003382863967362863
D_S0.6,a7d12f06-65d8-4881-9c89-1a96aaf41eec,28656f69-2ade-488b-b07a-037fb9bfa311,P11,B,5,3.777,4.421,4.037,0.65494,0.4,-0.25494,0.9,0.776,1.1,-0.10766,3.669,-0.108,-0.0003382863967362863
D_S0.6,a7d12f06-65d8-4881-9c89-1a96aaf41eec,9313bcbf-e559-499a-9658-b277050b37ca,P19,B,5,5.065,4.421,4.037,0.65494,0.4,-0.25494,0.9,0.776,1.1,-0.10766,4.957,-0.108,-0.0003382863967362863
D_S0.6,6b1b6b0c-f639-4cde-9dc9-a7993eb52dd0,091f312a-207f-4cea-9d57-437a614affde,P01,A,2,3.697,4.327,4.258,0.52893,0.44444,-0.08448,0.9,0.776,1.25,-0.04054,3.656,-0.041,-0.00045853496800090195
D_S0.6,6b1b6b0c-f639-4cde-9dc9-a7993eb52dd0,9313bcbf-e559-499a-9658-b277050b37ca,P19,A,6,4.957,4.327,4.258,0.52893,0.44444,-0.08448,0.9,0.776,1.1,-0.03568,4.921,-0.036,-0.0003235107718407937
D_S0.6,6b1b6b0c-f639-4cde-9dc9-a7993eb52dd0,1f2d89a9-f3fa-41f6-982c-74b37b29581b,P07,B,4,4.101,4.258,4.327,0.47107,0.55556,0.08448,0.9,0.776,1.25,0.04054,4.142,0.041,0.00045853496800090195
D_S0.6,6b1b6b0c-f639-4cde-9dc9-a7993eb52dd0,33f9b461-e8d9-49f7-b81f-f472e956c93f,P13,B,4,4.414,4.258,4.327,0.47107,0.55556,0.08448,0.9,0.776,1.25,0.04054,4.455,0.041,0.00045853496800090195
D_S0.6,c9a88ea7-fe59-404d-8266-d011389186e8,d4acf5d8-317e-4564-8170-8fe09e6aa115,P22,A,5,3.84,4.286,3.825,0.68316,0.55556,-0.1276,0.9,0.776,1.1,-0.05389,3.786,-0.054,-0.00011264452687072945
D_S0.6,c9a88ea7-fe59-404d-8266-d011389186e8,dfda52a3-01e6-4456-b139-f5a74d69cdd3,P23,A,5,4.731,4.286,3.825,0.68316,0.55556,-0.1276,0.9,0.776,1.1,-0.05389,4.677,-0.054,-0.00011264452687072945
D_S0.6,c9a88ea7-fe59-404d-8266-d011389186e8,32b0e88b-e994-4b10-bf2e-4086a731c027,P12,B,3,3.913,3.825,4.286,0.31684,0.44444,0.1276,0.9,0.776,1.25,0.06124,3.974,0.061,-0.00023563121946508018
D_S0.6,c9a88ea7-fe59-404d-8266-d011389186e8,ed66b898-95e9-4f5c-a69c-df19b9c6da3c,P25,B,7,3.736,3.825,4.286,0.31684,0.44444,0.1276,0.9,0.776,1.1,0.05389,3.79,0.054,0.00011264452687072945
D_S0.6,21bb139e-0201-4ffb-a7de-b50fbf708f58,9313bcbf-e559-499a-9658-b277050b37ca,P19,A,7,4.921,4.561,4.091,0.68658,0.46429,-0.22229,0.9,0.776,1.1,-0.09387,4.827,-0.094,-0.00012639466317463537
D_S0.6,21bb139e-0201-4ffb-a7de-b50fbf708f58,cb2d6d92-3c1d-453d-aa65-79ca040d61f3,P21,A,2,4.201,4.561,4.091,0.68658,0.46429,-0.22229,0.9,0.776,1.25,-0.10667,4.094,-0.107,-0.00032544848088026746
D_S0.6,21bb139e-0201-4ffb-a7de-b50fbf708f58,09db6874-adc0-46f0-82f7-83cd372cc1f5,P03,B,0,4.0,4.091,4.561,0.31342,0.53571,0.22229,0.9,0.776,1.25,0.10667,4.107,0.107,0.00032544848088026746
D_S0.6,21bb139e-0201-4ffb-a7de-b50fbf708f58,8e7929b9-007e-42c3-aa3f-003d3f4df78f,P17,B,7,4.181,4.091,4.561,0.31342,0.53571,0.22229,0.9,0.776,1.1,0.09387,4.275,0.094,0.00012639466317463537
D_S0.6,8982d3cf-5276-491f-8ede-8d0417715df0,09db6874-adc0-46f0-82f7-83cd372cc1f5,P03,A,1,4.107,4.054,5.137,0.14114,0.5,0.35886,0.9,0.812,1.25,0.18036,4.287,0.18,-0.0003550426501625624
D_S0.6,8982d3cf-5276-491f-8ede-8d0417715df0,8fa5441d-1934-4810-af86-a11ee051e58f,P18,A,0,4.0,4.054,5.137,0.14114,0.5,0.35886,0.9,0.812,1.25,0.18036,4.18,0.18,-0.0003550426501625624
D_S0.6,8982d3cf-5276-491f-8ede-8d0417715df0,20067ed8-879d-470d-9fdf-138b78039ac3,P08,B,6,6.484,5.137,4.054,0.85886,0.5,-0.35886,0.9,0.812,1.1,-0.15871,6.325,-0.159,-0.0002875624678569451
D_S0.6,8982d3cf-5276-491f-8ede-8d0417715df0,ed66b898-95e9-4f5c-a69c-df19b9c6da3c,P25,B,8,3.79,5.137,4.054,0.85886,0.5,-0.35886,0.9,0.812,1.1,-0.15871,3.631,-0.159,-0.0002875624678569451
D_S0.6,db80fefe-8363-444b-9403-b71ecae8b453,20067ed8-879d-470d-9fdf-138b78039ac3,P08,A,7,6.325,5.15,3.922,0.88561,0.6,-0.28561,0.9,0.841,1.1,-0.13077,6.194,-0.131,-0.00022812291494417902
D_S0.6,db80fefe-8363-444b-9403-b71ecae8b453,32b0e88b-e994-4b10-bf2e-4086a731c027,P12,A,4,3.974,5.15,3.922,0.88561,0.6,-0.28561,0.9,0.841,1.25,-0.1486,3.825,-0.149,-0.00039559422152747614
D_S0.6,db80fefe-8363-444b-9403-b71ecae8b453,27f6c2fe-4682-46a5-a2a2-4962a0d9776e,P10,B,7,4.057,3.922,5.15,0.11439,0.4,0.28561,0.9,0.841,1.1,0.13077,4.188,0.131,0.00022812291494417902
D_S0.6,db80fefe-8363-444b-9403-b71ecae8b453,d4acf5d8-317e-4564-8170-8fe09e6aa115,P22,B,6,3.786,3.922,5.15,0.11439,0.4,0.28561,0.9,0.841,1.1,0.13077,3.917,0.131,0.00022812291494417902
D_S0.6,08ad6e83-1698-4b9e-8b11-9e80ac10a9b4,20067ed8-879d-470d-9fdf-138b78039ac3,P08,A,8,6.194,4.196,3.929,0.60945,0.4,-0.20945,0.9,0.841,1.1,-0.0959,6.098,-0.096,-9.962592145934701e-05
D_S0.6,08ad6e83-1698-4b9e-8b11-9e80ac10a9b4,4952b344-b938-4d7f-9799-ddf405dcf72a,P14,A,3,2.197,4.196,3.929,0.60945,0.4,-0.20945,0.9,0.841,1.25,-0.10898,2.088,-0.109,-2.2302183476530692e-05
D_S0.6,08ad6e83-1698-4b9e-8b11-9e80ac10a9b4,27f6c2fe-4682-46a5-a2a2-4962a0d9776e,P10,B,8,4.188,3.929,4.196,0.39055,0.6,0.20945,0.9,0.841,1.1,0.0959,4.284,0.096,9.962592145934701e-05
D_S0.6,08ad6e83-1698-4b9e-8b11-9e80ac10a9b4,28656f69-2ade-488b-b07a-037fb9bfa311,P11,B,6,3.669,3.929,4.196,0.39055,0.6,0.20945,0.9,0.841,1.1,0.0959,3.765,0.096,9.962592145934701e-05
D_S0.6,e20b223e-f0bd-4bea-adb8-40d1c0ba3083,0afcfd8d-0965-4364-a90e-c1872c47c12c,P04,A,6,4.406,5.252,4.025,0.88553,0.57692,-0.3086,0.9,0.841,1.1,-0.1413,4.265,-0.141,0.00029939807178119653
D_S0.6,e20b223e-f0bd-4bea-adb8-40d1c0ba3083,20067ed8-879d-470d-9fdf-138b78039ac3,P08,A,9,6.098,5.252,4.025,0.88553,0.57692,-0.3086,0.9,0.841,1.1,-0.1413,5.957,-0.141,0.00029939807178119653
D_S0.6,e20b223e-f0bd-4bea-adb8-40d1c0ba3083,27f6c2fe-4682-46a5-a2a2-4962a0d9776e,P10,B,9,4.284,4.025,5.252,0.11447,0.42308,0.3086,0.9,0.841,1.1,0.1413,4.425,0.141,-0.00029939807178119653
D_S0.6,e20b223e-f0bd-4bea-adb8-40d1c0ba3083,28656f69-2ade-488b-b07a-037fb9bfa311,P11,B,7,3.765,4.025,5.252,0.11447,0.42308,0.3086,0.9,0.841,1.1,0.1413,3.906,0.141,-0.00029939807178119653
D_S0.6,46e90da0-e642-4e9c-bc75-17b4b6b5596f,091f312a-207f-4cea-9d57-437a614affde,P01,A,3,3.656,4.242,4.354,0.45347,0.44444,-0.00902,0.9,0.841,1.25,-0.0047,3.651,-0.005,-0.0003048100291567519
D_S0.6,46e90da0-e642-4e9c-bc75-17b4b6b5596f,9313bcbf-e559-499a-9658-b277050b37ca,P19,A,8,4.827,4.242,4.354,0.45347,0.44444,-0.00902,0.9,0.841,1.1,-0.00413,4.823,-0.004,0.00013176717434205831
D_S0.6,46e90da0-e642-4e9c-bc75-17b4b6b5596f,0afcfd8d-0965-4364-a90e-c1872c47c12c,P04,B,7,4.265,4.354,4.242,0.54653,0.55556,0.00902,0.9,0.841,1.1,0.00413,4.269,0.004,-0.00013176717434205831
D_S0.6,46e90da0-e642-4e9c-bc75-17b4b6b5596f,0fa0a889-795e-4185-8e11-61e0c1f1929b,P05,B,5,4.442,4.354,4.242,0.54653,0.55556,0.00902,0.9,0.841,1.1,0.00413,4.446,0.004,-0.00013176717434205831
D_S0.6,9ccc3f52-a4d5-4b07-9518-34a896671e8a,8e7929b9-007e-42c3-aa3f-003d3f4df78f,P17,A,8,4.275,3.876,4.166,0.38166,0.46429,0.08262,0.9,0.841,1.1,0.03783,4.313,0.038,0.0001692190734937558
D_S0.6,9ccc3f52-a4d5-4b07-9518-34a896671e8a,b5146cb1-84e0-4690-a7ae-d6256b33586c,P20,A,4,3.477,3.876,4.166,0.38166,0.46429,0.08262,0.9,0.841,1.25,0.04299,3.52,0.043,1.0476219879267977e-05
D_S0.6,9ccc3f52-a4d5-4b07-9518-34a896671e8a,27f6c2fe-4682-46a5-a2a2-4962a0d9776e,P10,B,10,4.425,4.166,3.876,0.61834,0.53571,-0.08262,0.9,0.841,1.0,-0.03439,4.391,-0.034,0.0003916190240965856
D_S0.6,9ccc3f52-a4d5-4b07-9518-34a896671e8a,28656f69-2ade-488b-b07a-037fb9bfa311,P11,B,8,3.906,4.166,3.876,0.61834,0.53571,-0.08262,0.9,0.841,1.1,-0.03783,3.868,-0.038,-0.0001692190734937558
D_S0.6,ee391d96-8de4-42ce-a205-c1cdfb456904,4952b344-b938-4d7f-9799-ddf405dcf72a,P14,A,4,2.088,3.456,4.14,0.24217,0.5,0.25783,0.9,0.841,1.25,0.13415,2.222,0.134,-0.0001515062109704763
D_S0.6,ee391d96-8de4-42ce-a205-c1cdfb456904,9313bcbf-e559-499a-9658-b277050b37ca,P19,A,9,4.823,3.456,4.14,0.24217,0.5,0.25783,0.9,0.841,1.1,0.11805,4.941,0.118,-5.332546565401913e-05
D_S0.6,ee391d96-8de4-42ce-a205-c1cdfb456904,32b0e88b-e994-4b10-bf2e-4086a731c027,P12,B,5,3.825,4.14,3.456,0.75783,0.5,-0.25783,0.9,0.841,1.1,-0.11805,3.707,-0.118,5.332546565401913e-05
D_S0.6,ee391d96-8de4-42ce-a205-c1cdfb456904,33f9b461-e8d9-49f7-b81f-f472e956c93f,P13,B,5,4.455,4.14,3.456,0.75783,0.5,-0.25783,0.9,0.841,1.1,-0.11805,4.337,-0.118,5.332546565401913e-05
D_S0.6,f3b149b5-28f9-4362-b063-42dcdfd9af4f,091f312a-207f-4cea-9d57-437a614affde,P01,A,4,3.651,3.96,4.419,0.31774,0.71429,0.39654,0.9,0.841,1.25,0.20632,3.857,0.206,-0.00032337360869512936
D_S0.6,f3b149b5-28f9-4362-b063-42dcdfd9af4f,0afcfd8d-0965-4364-a90e-c1872c47c12c,P04,A,8,4.269,3.96,4.419,0.31774,0.71429,0.39654,0.9,0.841,1.1,0.18156,4.451,0.182,0.00043543122434828616
D_S0.6,f3b149b5-28f9-4362-b063-42dcdfd9af4f,0fa0a889-795e-4185-8e11-61e0c1f1929b,P05,B,6,4.446,4.419,3.96,0.68226,0.28571,-0.39654,0.9,0.841,1.1,-0.18156,4.264,-0.182,-0.00043543122434828616
D_S0.6,f3b149b5-28f9-4362-b063-42dcdfd9af4f,27f6c2fe-4682-46a5-a2a2-4962a0d9776e,P10,B,11,4.391,4.419,3.96,0.68226,0.28571,-0.39654,0.9,0.841,1.0,-0.16506,4.226,-0.165,5.86988869561035e-05
D_S0.6,582ecfb9-c710-4531-b49d-78ccd3f000f7,32b0e88b-e994-4b10-bf2e-4086a731c027,P12,A,6,3.707,4.324,3.045,0.89394,0.71429,-0.17966,0.9,0.841,1.1,-0.08226,3.625,-0.082,0.00025939777504108743
D_S0.6,582ecfb9-c710-4531-b49d-78ccd3f000f7,9313bcbf-e559-499a-9658-b277050b37ca,P19,A,10,4.941,4.324,3.045,0.89394,0.71429,-0.17966,0.9,0.841,1.0,-0.07478,4.866,-0.075,-0.00021872929541719326
D_S0.6,582ecfb9-c710-4531-b49d-78ccd3f000f7,28656f69-2ade-488b-b07a-037fb9bfa311,P11,B,9,3.868,3.045,4.324,0.10606,0.28571,0.17966,0.9,0.841,1.1,0.08226,3.95,0.082,-0.00025939777504108743
D_S0.6,582ecfb9-c710-4531-b49d-78ccd3f000f7,4952b344-b938-4d7f-9799-ddf405dcf72a,P14,B,5,2.222,3.045,4.324,0.10606,0.28571,0.17966,0.9,0.841,1.1,0.08226,2.304,0.082,-0.00025939777504108743
D_S0.6,cc03e92d-6065-4561-9a3c-04717e8c9905,0fa0a889-795e-4185-8e11-61e0c1f1929b,P05,A,7,4.264,4.565,4.794,0.40572,0.6,0.19428,0.9,0.841,1.1,0.08895,4.353,0.089,4.766622354872468e-05
D_S0.6,cc03e92d-6065-4561-9a3c-04717e8c9905,9313bcbf-e559-499a-9658-b277050b37ca,P19,A,11,4.866,4.565,4.794,0.40572,0.6,0.19428,0.9,0.841,1.0,0.08087,4.947,0.081,0.00013424202140793152
D_S0.6,cc03e92d-6065-4561-9a3c-04717e8c9905,20067ed8-879d-470d-9fdf-138b78039ac3,P08,B,10,5.957,4.794,4.565,0.59428,0.4,-0.19428,0.9,0.841,1.0,-0.08087,5.876,-0.081,-0.00013424202140793152
D_S0.6,cc03e92d-6065-4561-9a3c-04717e8c9905,ed66b898-95e9-4f5c-a69c-df19b9c6da3c,P25,B,9,3.631,4.794,4.565,0.59428,0.4,-0.19428,0.9,0.841,1.1,-0.08895,3.542,-0.089,-4.766622354872468e-05
D_S0.6,cfbc251b-3ce2-41af-aac8-8943d8f1e396,0996ee22-e381-45db-90c2-1863869a244e,P02,A,1,4.122,4.218,3.903,0.62832,0.44444,-0.18387,0.9,0.841,1.25,-0.09567,4.026,-0.096,-0.00033067539501095683
D_S0.6,cfbc251b-3ce2-41af-aac8-8943d8f1e396,8e7929b9-007e-42c3-aa3f-003d3f4df78f,P17,A,9,4.313,4.218,3.903,0.62832,0.44444,-0.18387,0.9,0.841,1.1,-0.08419,4.229,-0.084,0.00018900565239035797
D_S0.6,cfbc251b-3ce2-41af-aac8-8943d8f1e396,32b0e88b-e994-4b10-bf2e-4086a731c027,P12,B,7,3.625,3.903,4.218,0.37168,0.55556,0.18387,0.9,0.841,1.1,0.08419,3.709,0.084,-0.00018900565239035797
D_S0.6,cfbc251b-3ce2-41af-aac8-8943d8f1e396,8fa5441d-1934-4810-af86-a11ee051e58f,P18,B,1,4.18,3.903,4.218,0.37168,0.55556,0.18387,0.9,0.841,1.25,0.09567,4.276,0.096,0.00033067539501095683
D_S0.6,eb6641d5-8f9d-4284-9b9f-8d09a46004dd,0996ee22-e381-45db-90c2-1863869a244e,P02,A,2,4.026,4.128,3.915,0.58783,0.625,0.03717,0.9,0.841,1.25,0.01934,4.045,0.019,-0.0003399642280927831
D_S0.6,eb6641d5-8f9d-4284-9b9f-8d09a46004dd,8e7929b9-007e-42c3-aa3f-003d3f4df78f,P17,A,10,4.229,4.128,3.915,0.58783,0.625,0.03717,0.9,0.841,1.0,0.01547,4.244,0.015,-0.0004719713824742265
D_S0.6,eb6641d5-8f9d-4284-9b9f-8d09a46004dd,09db6874-adc0-46f0-82f7-83cd372cc1f5,P03,B,2,4.287,3.915,4.128,0.41217,0.375,-0.03717,0.9,0.841,1.25,-0.01934,4.268,-0.019,0.0003399642280927831
D_S0.6,eb6641d5-8f9d-4284-9b9f-8d09a46004dd,ed66b898-95e9-4f5c-a69c-df19b9c6da3c,P25,B,10,3.542,3.915,4.128,0.41217,0.375,-0.03717,0.9,0.841,1.0,-0.01547,3.527,-0.015,0.0004719713824742265
D_S0.6,22635c77-8955-4f42-846b-ee2b2fb46872,09db6874-adc0-46f0-82f7-83cd372cc1f5,P03,A,3,4.268,3.898,3.882,0.50646,0.57692,0.07047,0.9,0.841,1.25,0.03666,4.305,0.037,0.00033667889492265137
D_S0.6,22635c77-8955-4f42-846b-ee2b2fb46872,ed66b898-95e9-4f5c-a69c-df19b9c6da3c,P25,A,11,3.527,3.898,3.882,0.50646,0.57692,0.07047,0.9,0.841,1.0,0.02933,3.556,0.029,-0.0003306568840618789
D_S0.6,22635c77-8955-4f42-846b-ee2b2fb46872,8e7929b9-007e-42c3-aa3f-003d3f4df78f,P17,B,11,4.244,3.882,3.898,0.49354,0.42308,-0.07047,0.9,0.841,1.0,-0.02933,4.215,-0.029,0.0003306568840618789
D_S0.6,22635c77-8955-4f42-846b-ee2b2fb46872,b5146cb1-84e0-4690-a7ae-d6256b33586c,P20,B,5,3.52,3.882,3.898,0.49354,0.42308,-0.07047,0.9,0.841,1.1,-0.03226,3.488,-0.032,0.0002637225724680668
D_S0.6,8b5a8b8c-6a43-4782-8581-0a28f3244d65,20067ed8-879d-470d-9fdf-138b78039ac3,P08,A,11,5.876,4.716,4.321,0.65889,0.25,-0.40889,0.9,0.841,1.0,-0.1702,5.706,-0.17,0.00019618850428766469
D_S0.6,8b5a8b8c-6a43-4782-8581-0a28f3244d65,ed66b898-95e9-4f5c-a69c-df19b9c6da3c,P25,A,12,3.556,4.716,4.321,0.65889,0.25,-0.40889,0.9,0.841,1.0,-0.1702,3.386,-0.17,0.00019618850428766469
D_S0.6,8b5a8b8c-6a43-4782-8581-0a28f3244d65,09db6874-adc0-46f0-82f7-83cd372cc1f5,P03,B,4,4.305,4.321,4.716,0.34111,0.75,0.40889,0.9,0.841,1.25,0.21275,4.518,0.213,0.0002547643696404191
D_S0.6,8b5a8b8c-6a43-4782-8581-0a28f3244d65,33f9b461-e8d9-49f7-b81f-f472e956c93f,P13,B,6,4.337,4.321,4.716,0.34111,0.75,0.40889,0.9,0.841,1.1,0.18722,4.524,0.187,-0.00021580735471643116
D_S0.6,8afb7ce5-b3d5-4431-946b-4ddf97e7d426,20067ed8-879d-470d-9fdf-138b78039ac3,P08,A,12,5.706,4.546,4.191,0.64394,0.28571,-0.35822,0.9,0.841,1.0,-0.14911,5.557,-0.149,0.00010860483206170135
D_S0.6,8afb7ce5-b3d5-4431-946b-4ddf97e7d426,ed66b898-95e9-4f5c-a69c-df19b9c6da3c,P25,A,13,3.386,4.546,4.191,0.64394,0.28571,-0.35822,0.9,0.841,1.0,-0.14911,3.237,-0.149,0.00010860483206170135
D_S0.6,8afb7ce5-b3d5-4431-946b-4ddf97e7d426,091f312a-207f-4cea-9d57-437a614affde,P01,B,5,3.857,4.191,4.546,0.35606,0.71429,0.35822,0.9,0.841,1.1,0.16402,4.021,0.164,-1.946531526787149e-05
D_S0.6,8afb7ce5-b3d5-4431-946b-4ddf97e7d426,33f9b461-e8d9-49f7-b81f-f472e956c93f,P13,B,7,4.524,4.191,4.546,0.35606,0.71429,0.35822,0.9,0.841,1.1,0.16402,4.688,0.164,-1.946531526787149e-05
D_S0.6,0a2a5bf6-21b9-4da6-bd9b-6594b0296ed5,091f312a-207f-4cea-9d57-437a614affde,P01,A,6,4.021,4.355,3.127,0.88553,0.65217,-0.23335,0.9,0.851,1.1,-0.10809,3.913,-0.108,8.591345859734794e-05
D_S0.6,0a2a5bf6-21b9-4da6-bd9b-6594b0296ed5,33f9b461-e8d9-49f7-b81f-f472e956c93f,P13,A,8,4.688,4.355,3.127,0.88553,0.65217,-0.23335,0.9,0.851,1.1,-0.10809,4.58,-0.108,8.591345859734794e-05
D_S0.6,0a2a5bf6-21b9-4da6-bd9b-6594b0296ed5,28656f69-2ade-488b-b07a-037fb9bfa311,P11,B,10,3.95,3.127,4.355,0.11447,0.34783,0.23335,0.9,0.851,1.0,0.09826,4.048,0.098,-0.00025992132599758904
D_S0.6,0a2a5bf6-21b9-4da6-bd9b-6594b0296ed5,4952b344-b938-4d7f-9799-ddf405dcf72a,P14,B,6,2.304,3.127,4.355,0.11447,0.34783,0.23335,0.9,0.851,1.1,0.10809,2.412,0.108,-8.591345859734794e-05
D_S0.6,2828359d-f95b-4320-a7db-5184b305dfeb,32b0e88b-e994-4b10-bf2e-4086a731c027,P12,A,8,3.709,3.993,4.247,0.39572,0.34783,-0.04789,0.9,0.851,1.1,-0.02218,3.687,-0.022,0.00018361545856209187
D_S0.6,2828359d-f95b-4320-a7db-5184b305dfeb,8fa5441d-1934-4810-af86-a11ee051e58f,P18,A,2,4.276,3.993,4.247,0.39572,0.34783,-0.04789,0.9,0.851,1.25,-0.02521,4.251,-0.025,0.00020865393018419532
D_S0.6,2828359d-f95b-4320-a7db-5184b305dfeb,091f312a-207f-4cea-9d57-437a614affde,P01,B,7,3.913,4.247,3.993,0.60428,0.65217,0.04789,0.9,0.851,1.1,0.02218,3.935,0.022,-0.00018361545856209187
D_S0.6,2828359d-f95b-4320-a7db-5184b305dfeb,33f9b461-e8d9-49f7-b81f-f472e956c93f,P13,B,9,4.58,4.247,3.993,0.60428,0.65217,0.04789,0.9,0.851,1.1,0.02218,4.602,0.022,-0.00018361545856209187
D_S0.6,eb4a38ec-5b27-4a51-bfca-8aea690e14d3,1f2d89a9-f3fa-41f6-982c-74b37b29581b,P07,A,5,4.142,4.372,4.564,0.42068,0.57692,0.15625,0.9,0.861,1.1,0.07321,4.215,0.073,-0.00021285122930047933
D_S0.6,eb4a38ec-5b27-4a51-bfca-8aea690e14d3,33f9b461-e8d9-49f7-b81f-f472e956c93f,P13,A,10,4.602,4.372,4.564,0.42068,0.57692,0.15625,0.9,0.861,1.0,0.06656,4.669,0.067,0.00044286251881774606
D_S0.6,eb4a38ec-5b27-4a51-bfca-8aea690e14d3,0afcfd8d-0965-4364-a90e-c1872c47c12c,P04,B,9,4.451,4.564,4.372,0.57932,0.42308,-0.15625,0.9,0.861,1.1,-0.07321,4.378,-0.073,0.00021285122930047933
D_S0.6,eb4a38ec-5b27-4a51-bfca-8aea690e14d3,dfda52a3-01e6-4456-b139-f5a74d69cdd3,P23,B,6,4.677,4.564,4.372,0.57932,0.42308,-0.15625,0.9,0.861,1.1,-0.07321,4.604,-0.073,0.00021285122930047933
D_S0.6,7c95849f-cb1a-493d-99d3-db6cf7fda568,0fa0a889-795e-4185-8e11-61e0c1f1929b,P05,A,8,4.353,3.921,3.395,0.70596,0.42308,-0.28288,0.9,0.861,1.1,-0.13255,4.22,-0.133,-0.0004503212765753175
D_S0.6,7c95849f-cb1a-493d-99d3-db6cf7fda568,b5146cb1-84e0-4690-a7ae-d6256b33586c,P20,A,6,3.488,3.921,3.395,0.70596,0.42308,-0.28288,0.9,0.861,1.1,-0.13255,3.355,-0.133,-0.0004503212765753175
D_S0.6,7c95849f-cb1a-493d-99d3-db6cf7fda568,0afcfd8d-0965-4364-a90e-c1872c47c12c,P04,B,10,4.378,3.395,3.921,0.29404,0.57692,0.28288,0.9,0.861,1.0,0.1205,4.498,0.12,-0.000499707930386075
D_S0.6,7c95849f-cb1a-493d-99d3-db6cf7fda568,4952b344-b938-4d7f-9799-ddf405dcf72a,P14,B,7,2.412,3.395,3.921,0.29404,0.57692,0.28288,0.9,0.861,1.1,0.13255,2.545,0.133,0.0004503212765753175
D_S0.6,8b58dded-0308-486f-bdc4-5dbf37890e1e,4952b344-b938-4d7f-9799-ddf405dcf72a,P14,A,8,2.545,3.575,3.56,0.50625,0.5,-0.00625,0.9,0.912,1.1,-0.0031,2.542,-0.003,0.00010254400472431499
D_S0.6,8b58dded-0308-486f-bdc4-5dbf37890e1e,dfda52a3-01e6-4456-b139-f5a74d69cdd3,P23,A,7,4.604,3.575,3.56,0.50625,0.5,-0.00625,0.9,0.912,1.1,-0.0031,4.601,-0.003,0.00010254400472431499
D_S0.6,8b58dded-0308-486f-bdc4-5dbf37890e1e,33f9b461-e8d9-49f7-b81f-f472e956c93f,P13,B,11,4.669,3.56,3.575,0.49375,0.5,0.00625,0.9,0.912,1.0,0.00282,4.672,0.003,0.00017950545025062275
D_S0.6,8b58dded-0308-486f-bdc4-5dbf37890e1e,524889fc-4f50-41bb-b22b-cd5046ba728d,P15,B,3,2.45,3.56,3.575,0.49375,0.5,0.00625,0.9,0.912,1.25,0.00353,2.454,0.004,0.00047438181281327845
D_S0.6,a6821b7d-e797-42c6-987a-775e3e8fafb5,09db6874-adc0-46f0-82f7-83cd372cc1f5,P03,A,5,4.518,4.283,3.337,0.82873,0.6,-0.22873,0.9,0.989,1.1,-0.12311,4.395,-0.123,0.0001140137040208211
D_S0.6,a6821b7d-e797-42c6-987a-775e3e8fafb5,28656f69-2ade-488b-b07a-037fb9bfa311,P11,A,11,4.048,4.283,3.337,0.82873,0.6,-0.22873,0.9,0.989,1.0,-0.11192,3.936,-0.112,-7.816935998107173e-05
D_S0.6,a6821b7d-e797-42c6-987a-775e3e8fafb5,0fa0a889-795e-4185-8e11-61e0c1f1929b,P05,B,9,4.22,3.337,4.283,0.17127,0.4,0.22873,0.9,0.989,1.1,0.12311,4.343,0.123,-0.0001140137040208211
D_S0.6,a6821b7d-e797-42c6-987a-775e3e8fafb5,524889fc-4f50-41bb-b22b-cd5046ba728d,P15,B,4,2.454,3.337,4.283,0.17127,0.4,0.22873,0.9,0.989,1.25,0.1399,2.594,0.14,9.771169997633967e-05
D_S0.6,936986a8-0666-4578-b38e-1d09c46579b7,09db6874-adc0-46f0-82f7-83cd372cc1f5,P03,A,6,4.395,4.166,4.194,0.48813,0.68182,0.19369,0.9,0.989,1.1,0.10425,4.499,0.104,-0.0002533563924030783
D_S0.6,936986a8-0666-4578-b38e-1d09c46579b7,28656f69-2ade-488b-b07a-037fb9bfa311,P11,A,12,3.936,4.166,4.194,0.48813,0.68182,0.19369,0.9,0.989,1.0,0.09478,4.031,0.095,0.00022422146145174702
D_S0.6,936986a8-0666-4578-b38e-1d09c46579b7,0996ee22-e381-45db-90c2-1863869a244e,P02,B,3,4.045,4.194,4.166,0.51187,0.31818,-0.19369,0.9,0.989,1.25,-0.11847,3.927,-0.118,0.0004697231731853162
D_S0.6,936986a8-0666-4578-b38e-1d09c46579b7,0fa0a889-795e-4185-8e11-61e0c1f1929b,P05,B,10,4.343,4.194,4.166,0.51187,0.31818,-0.19369,0.9,0.989,1.0,-0.09478,4.248,-0.095,-0.00022422146145174702
D_S0.6,a29529c6-5899-4297-90aa-d390a4823c65,0996ee22-e381-45db-90c2-1863869a244e,P02,A,4,3.927,4.213,3.796,0.66726,0.6,-0.06726,0.9,0.989,1.25,-0.04114,3.886,-0.041,0.00014114344494066405
D_S0.6,a29529c6-5899-4297-90aa-d390a4823c65,09db6874-adc0-46f0-82f7-83cd372cc1f5,P03,A,7,4.499,4.213,3.796,0.66726,0.6,-0.06726,0.9,0.989,1.1,-0.0362,4.463,-0.036,0.00020420623154778438
D_S0.6,a29529c6-5899-4297-90aa-d390a4823c65,1f2d89a9-f3fa-41f6-982c-74b37b29581b,P07,B,6,4.215,3.796,4.213,0.33274,0.4,0.06726,0.9,0.989,1.1,0.0362,4.251,0.036,-0.00020420623154778438
D_S0.6,a29529c6-5899-4297-90aa-d390a4823c65,23c1639d-675f-4b9a-a331-3ce419306a6a,P09,B,6,3.376,3.796,4.213,0.33274,0.4,0.06726,0.9,0.989,1.1,0.0362,3.412,0.036,-0.00020420623154778438
D_S0.6,053f8c34-5e15-4f83-bbaf-75197fd4d045,09db6874-adc0-46f0-82f7-83cd372cc1f5,P03,A,8,4.463,4.247,3.83,0.66708,0.4,-0.26708,0.9,0.989,1.1,-0.14375,4.319,-0.144,-0.000246216625527232
D_S0.6,053f8c34-5e15-4f83-bbaf-75197fd4d045,28656f69-2ade-488b-b07a-037fb9bfa311,P11,A,13,4.031,4.247,3.83,0.66708,0.4,-0.26708,0.9,0.989,1.0,-0.13069,3.9,-0.131,-0.0003147423868429382
D_S0.6,053f8c34-5e15-4f83-bbaf-75197fd4d045,0fa0a889-795e-4185-8e11-61e0c1f1929b,P05,B,11,4.248,3.83,4.247,0.33292,0.6,0.26708,0.9,0.989,1.0,0.13069,4.379,0.131,0.0003147423868429382
D_S0.6,053f8c34-5e15-4f83-bbaf-75197fd4d045,23c1639d-675f-4b9a-a331-3ce419306a6a,P09,B,7,3.412,3.83,4.247,0.33292,0.6,0.26708,0.9,0.989,1.1,0.14375,3.556,0.144,0.000246216625527232
D_S0.6,e862e4a1-932f-4a47-97f1-d286ab4be13b,09db6874-adc0-46f0-82f7-83cd372cc1f5,P03,A,9,4.319,3.431,3.499,0.47149,0.75,0.27851,0.9,0.989,1.1,0.14991,4.469,0.15,9.275885104314119e-05
D_S0.6,e862e4a1-932f-4a47-97f1-d286ab4be13b,4952b344-b938-4d7f-9799-ddf405dcf72a,P14,A,9,2.542,3.431,3.499,0.47149,0.75,0.27851,0.9,0.989,1.1,0.14991,2.692,0.15,9.275885104314119e-05
D_S0.6,e862e4a1-932f-4a47-97f1-d286ab4be13b,0afcfd8d-0965-4364-a90e-c1872c47c12c,P04,B,11,4.498,3.499,3.431,0.52851,0.25,-0.27851,0.9,0.989,1.0,-0.13628,4.362,-0.136,0.0002793101354153262
D_S0.6,e862e4a1-932f-4a47-97f1-d286ab4be13b,e82e0c7f-ec26-4880-a11c-8e93cdb4e9ae,P24,B,0,2.5,3.499,3.431,0.52851,0.25,-0.27851,0.9,0.989,1.25,-0.17035,2.33,-0.17,0.00034913766926915774
D_S0.6,6450ccec-a86f-45aa-a4bf-6ae871905ca5,32b0e88b-e994-4b10-bf2e-4086a731c027,P12,A,9,3.687,4.18,3.346,0.80046,0.65217,-0.14829,0.9,0.989,1.1,-0.07981,3.607,-0.08,-0.00018606920876676757
D_S0.6,6450ccec-a86f-45aa-a4bf-6ae871905ca5,33f9b461-e8d9-49f7-b81f-f472e956c93f,P13,A,12,4.672,4.18,3.346,0.80046,0.65217,-0.14829,0.9,0.989,1.0,-0.07256,4.599,-0.073,-0.0004418810988788796
D_S0.6,6450ccec-a86f-45aa-a4bf-6ae871905ca5,0afcfd8d-0965-4364-a90e-c1872c47c12c,P04,B,12,4.362,3.346,4.18,0.19954,0.34783,0.14829,0.9,0.989,1.0,0.07256,4.435,0.073,0.0004418810988788796
D_S0.6,6450ccec-a86f-45aa-a4bf-6ae871905ca5,e82e0c7f-ec26-4880-a11c-8e93cdb4e9ae,P24,B,1,2.33,3.346,4.18,0.19954,0.34783,0.14829,0.9,0.989,1.25,0.0907,2.421,0.091,0.0003023513735985995
D_S0.6,b1c79180-37ca-45a4-9518-abc27a48f51d,20067ed8-879d-470d-9fdf-138b78039ac3,P08,A,13,5.557,4.397,3.771,0.73965,0.75,0.01035,0.9,0.989,1.0,0.00506,5.562,0.005,-6.285491621626233e-05
D_S0.6,b1c79180-37ca-45a4-9518-abc27a48f51d,ed66b898-95e9-4f5c-a69c-df19b9c6da3c,P25,A,14,3.237,4.397,3.771,0.73965,0.75,0.01035,0.9,0.989,1.0,0.00506,3.242,0.005,-6.285491621626233e-05
D_S0.6,b1c79180-37ca-45a4-9518-abc27a48f51d,524889fc-4f50-41bb-b22b-cd5046ba728d,P15,B,5,2.594,3.771,4.397,0.26035,0.25,-0.01035,0.9,0.989,1.1,-0.00557,2.588,-0.006,-0.00043085959216211146
D_S0.6,b1c79180-37ca-45a4-9518-abc27a48f51d,9313bcbf-e559-499a-9658-b277050b37ca,P19,B,12,4.947,3.771,4.397,0.26035,0.25,-0.01035,0.9,0.989,1.0,-0.00506,4.942,-0.005,6.285491621626233e-05
D_S0.6,2bc4809f-4961-4e1a-894d-a848b2ae55a6,27f6c2fe-4682-46a5-a2a2-4962a0d9776e,P10,A,12,4.226,4.221,4.14,0.5337,0.5,-0.0337,0.9,0.989,1.0,-0.01649,4.21,-0.016,0.0004893267910187682
D_S0.6,2bc4809f-4961-4e1a-894d-a848b2ae55a6,8e7929b9-007e-42c3-aa3f-003d3f4df78f,P17,A,12,4.215,4.221,4.14,0.5337,0.5,-0.0337,0.9,0.989,1.0,-0.01649,4.199,-0.016,0.0004893267910187682
D_S0.6,2bc4809f-4961-4e1a-894d-a848b2ae55a6,0fa0a889-795e-4185-8e11-61e0c1f1929b,P05,B,12,4.379,4.14,4.221,0.4663,0.5,0.0337,0.9,0.989,1.0,0.01649,4.395,0.016,-0.0004893267910187682
D_S0.6,2bc4809f-4961-4e1a-894d-a848b2ae55a6,28656f69-2ade-488b-b07a-037fb9bfa311,P11,B,14,3.9,4.14,4.221,0.4663,0.5,0.0337,0.9,0.989,1.0,0.01649,3.916,0.016,-0.0004893267910187682
D_S0.6,4383b3be-9fce-4612-a59a-02207116a9e1,20067ed8-879d-470d-9fdf-138b78039ac3,P08,A,14,5.562,4.402,3.646,0.77917,0.55556,-0.22361,0.9,0.989,1.0,-0.10942,5.453,-0.109,0.00041754577619737587
D_S0.6,4383b3be-9fce-4612-a59a-02207116a9e1,ed66b898-95e9-4f5c-a69c-df19b9c6da3c,P25,A,15,3.242,4.402,3.646,0.77917,0.55556,-0.22361,0.9,0.989,1.0,-0.10942,3.133,-0.109,0.00041754577619737587
D_S0.6,4383b3be-9fce-4612-a59a-02207116a9e1,33f9b461-e8d9-49f7-b81f-f472e956c93f,P13,B,13,4.599,3.646,4.402,0.22083,0.44444,0.22361,0.9,0.989,1.0,0.10942,4.708,0.109,-0.00041754577619737587
D_S0.6,4383b3be-9fce-4612-a59a-02207116a9e1,4952b344-b938-4d7f-9799-ddf405dcf72a,P14,B,10,2.692,3.646,4.402,0.22083,0.44444,0.22361,0.9,0.989,1.0,0.10942,2.801,0.109,-0.00041754577619737587
D_S0.6,b75e356b-24af-4c88-9a4d-7328cb9d74d2,33f9b461-e8d9-49f7-b81f-f472e956c93f,P13,A,14,4.708,4.825,4.205,0.73772,0.55556,-0.18217,0.9,0.989,1.0,-0.08914,4.619,-0.089,0.00013710885933063295
D_S0.6,b75e356b-24af-4c88-9a4d-7328cb9d74d2,9313bcbf-e559-499a-9658-b277050b37ca,P19,A,13,4.942,4.825,4.205,0.73772,0.55556,-0.18217,0.9,0.989,1.0,-0.08914,4.853,-0.089,0.00013710885933063295
D_S0.6,b75e356b-24af-4c88-9a4d-7328cb9d74d2,27f6c2fe-4682-46a5-a2a2-4962a0d9776e,P10,B,13,4.21,4.205,4.825,0.26228,0.44444,0.18217,0.9,0.989,1.0,0.08914,4.299,0.089,-0.00013710885933063295
D_S0.6,b75e356b-24af-4c88-9a4d-7328cb9d74d2,8e7929b9-007e-42c3-aa3f-003d3f4df78f,P17,B,13,4.199,4.205,4.825,0.26228,0.44444,0.18217,0.9,0.989,1.0,0.08914,4.288,0.089,-0.00013710885933063295
D_S0.6,c63169fa-2db0-4892-b92e-7cda41f73bf3,d4acf5d8-317e-4564-8170-8fe09e6aa115,P22,A,7,3.917,3.525,4.53,0.15776,0.4,0.24224,0.9,0.989,1.1,0.13039,4.047,0.13,-0.0003853896666958051
D_S0.6,c63169fa-2db0-4892-b92e-7cda41f73bf3,ed66b898-95e9-4f5c-a69c-df19b9c6da3c,P25,A,16,3.133,3.525,4.53,0.15776,0.4,0.24224,0.9,0.989,1.0,0.11853,3.252,0.119,0.00046782757573108626
D_S0.6,c63169fa-2db0-4892-b92e-7cda41f73bf3,20067ed8-879d-470d-9fdf-138b78039ac3,P08,B,15,5.453,4.53,3.525,0.84224,0.6,-0.24224,0.9,0.989,1.0,-0.11853,5.334,-0.119,-0.00046782757573108626
D_S0.6,c63169fa-2db0-4892-b92e-7cda41f73bf3,32b0e88b-e994-4b10-bf2e-4086a731c027,P12,B,10,3.607,4.53,3.525,0.84224,0.6,-0.24224,0.9,0.989,1.0,-0.11853,3.488,-0.119,-0.00046782757573108626
D_S0.6,cfb52d2a-8e35-42e7-959b-536e6fc4554b,20067ed8-879d-470d-9fdf-138b78039ac3,P08,A,16,5.334,4.293,3.618,0.75491,0.53571,-0.2192,0.9,0.989,1.0,-0.10726,5.227,-0.107,0.0002580683488258718
D_S0.6,cfb52d2a-8e35-42e7-959b-536e6fc4554b,ed66b898-95e9-4f5c-a69c-df19b9c6da3c,P25,A,17,3.252,4.293,3.618,0.75491,0.53571,-0.2192,0.9,0.989,1.0,-0.10726,3.145,-0.107,0.0002580683488258718
D_S0.6,cfb52d2a-8e35-42e7-959b-536e6fc4554b,0afcfd8d-0965-4364-a90e-c1872c47c12c,P04,B,13,4.435,3.618,4.293,0.24509,0.46429,0.2192,0.9,0.989,1.0,0.10726,4.542,0.107,-0.0002580683488258718
D_S0.6,cfb52d2a-8e35-42e7-959b-536e6fc4554b,4952b344-b938-4d7f-9799-ddf405dcf72a,P14,B,11,2.801,3.618,4.293,0.24509,0.46429,0.2192,0.9,0.989,1.0,0.10726,2.908,0.107,-0.0002580683488258718
D_S0.6,48337539-7d04-41d5-a7d8-499c4535f109,20067ed8-879d-470d-9fdf-138b78039ac3,P08,A,17,5.227,4.186,4.571,0.34506,0.5,0.15494,0.9,0.989,1.0,0.07582,5.303,0.076,0.0001847337997933245
D_S0.6,48337539-7d04-41d5-a7d8-499c4535f109,ed66b898-95e9-4f5c-a69c-df19b9c6da3c,P25,A,18,3.145,4.186,4.571,0.34506,0.5,0.15494,0.9,0.989,1.0,0.07582,3.221,0.076,0.0001847337997933245
D_S0.6,48337539-7d04-41d5-a7d8-499c4535f109,8e7929b9-007e-42c3-aa3f-003d3f4df78f,P17,B,14,4.288,4.571,4.186,0.65494,0.5,-0.15494,0.9,0.989,1.0,-0.07582,4.212,-0.076,-0.0001847337997933245
D_S0.6,48337539-7d04-41d5-a7d8-499c4535f109,9313bcbf-e559-499a-9658-b277050b37ca,P19,B,14,4.853,4.571,4.186,0.65494,0.5,-0.15494,0.9,0.989,1.0,-0.07582,4.777,-0.076,-0.0001847337997933245
D_S0.6,43ad7b90-44f0-4852-9210-18faf1010105,0fa0a889-795e-4185-8e11-61e0c1f1929b,P05,A,13,4.395,4.156,4.256,0.45843,0.88235,0.42392,0.9,1.0,1.0,0.20984,4.605,0.21,0.00015790492533111894
D_S0.6,43ad7b90-44f0-4852-9210-18faf1010105,28656f69-2ade-488b-b07a-037fb9bfa311,P11,A,15,3.916,4.156,4.256,0.45843,0.88235,0.42392,0.9,1.0,1.0,0.20984,4.126,0.21,0.00015790492533111894
D_S0.6,43ad7b90-44f0-4852-9210-18faf1010105,27f6c2fe-4682-46a5-a2a2-4962a0d9776e,P10,B,14,4.299,4.256,4.156,0.54157,0.11765,-0.42392,0.9,1.0,1.0,-0.20984,4.089,-0.21,-0.00015790492533111894
D_S0.6,43ad7b90-44f0-4852-9210-18faf1010105,8e7929b9-007e-42c3-aa3f-003d3f4df78f,P17,B,15,4.212,4.256,4.156,0.54157,0.11765,-0.42392,0.9,1.0,1.0,-0.20984,4.002,-0.21,-0.00015790492533111894
D_S1.2,f252ac4c-d134-4c6a-a68c-8bfb6868a91f,0fa0a889-795e-4185-8e11-61e0c1f1929b,P05,A,0,4.0,3.0,3.95,0.31181,0.44444,0.13263,0.9,0.715,1.25,0.0587,4.059,0.059,0.0002955931201276616
D_S1.2,f252ac4c-d134-4c6a-a68c-8bfb6868a91f,4952b344-b938-4d7f-9799-ddf405dcf72a,P14,A,0,2.0,3.0,3.95,0.31181,0.44444,0.13263,0.9,0.715,1.25,0.0587,2.059,0.059,0.0002955931201276616
D_S1.2,f252ac4c-d134-4c6a-a68c-8bfb6868a91f,524889fc-4f50-41bb-b22b-cd5046ba728d,P15,B,0,2.0,3.95,3.0,0.68819,0.55556,-0.13263,0.9,0.715,1.25,-0.0587,2.0,0.0,0.0
D_S1.2,f252ac4c-d134-4c6a-a68c-8bfb6868a91f,9313bcbf-e559-499a-9658-b277050b37ca,P19,B,0,5.9,3.95,3.0,0.68819,0.55556,-0.13263,0.9,0.715,1.25,-0.0587,5.841,-0.059,-0.0002955931201276616
D_S1.2,8f4f89bf-f631-40fb-92ea-2e570dff7707,27f6c2fe-4682-46a5-a2a2-4962a0d9776e,P10,A,0,4.0,4.0,3.75,0.5519,0.5,-0.0519,0.9,0.715,1.25,-0.02297,3.977,-0.023,-3.061760332102237e-05
D_S1.2,8f4f89bf-f631-40fb-92ea-2e570dff7707,28656f69-2ade-488b-b07a-037fb9bfa311,P11,A,0,4.0,4.0,3.75,0.5519,0.5,-0.0519,0.9,0.715,1.25,-0.02297,3.977,-0.023,-3.061760332102237e-05
D_S1.2,8f4f89bf-f631-40fb-92ea-2e570dff7707,0afcfd8d-0965-4364-a90e-c1872c47c12c,P04,B,0,4.0,3.75,4.0,0.4481,0.5,0.0519,0.9,0.715,1.25,0.02297,4.023,0.023,3.061760332102237e-05
D_S1.2,8f4f89bf-f631-40fb-92ea-2e570dff7707,ed66b898-95e9-4f5c-a69c-df19b9c6da3c,P25,B,0,3.5,3.75,4.0,0.4481,0.5,0.0519,0.9,0.715,1.25,0.02297,3.523,0.023,3.061760332102237e-05
D_S1.2,f53ac5f1-4189-4e25-8949-8e6073016eeb,0fa0a889-795e-4185-8e11-61e0c1f1929b,P05,A,1,4.059,3.791,3.7,0.51895,1.0,0.48105,0.9,0.715,1.25,0.21292,4.272,0.213,8.401213051359863e-05
D_S1.2,f53ac5f1-4189-4e25-8949-8e6073016eeb,ed66b898-95e9-4f5c-a69c-df19b9c6da3c,P25,A,1,3.523,3.791,3.7,0.51895,1.0,0.48105,0.9,0.715,1.25,0.21292,3.736,0.213,8.401213051359863e-05
D_S1.2,f53ac5f1-4189-4e25-8949-8e6073016eeb,23c1639d-675f-4b9a-a331-3ce419306a6a,P09,B,0,4.0,3.7,3.791,0.48105,0.0,-0.48105,0.9,0.715,1.25,-0.21292,3.787,-0.213,-8.401213051359863e-05
D_S1.2,f53ac5f1-4189-4e25-8949-8e6073016eeb,b5146cb1-84e0-4690-a7ae-d6256b33586c,P20,B,0,3.4,3.7,3.791,0.48105,0.0,-0.48105,0.9,0.715,1.25,-0.21292,3.187,-0.213,-8.401213051359863e-05
D_S1.2,b4436f08-ef01-4453-990c-c6add342dcda,33f9b461-e8d9-49f7-b81f-f472e956c93f,P13,A,0,4.0,4.0,6.012,0.15759,0.55556,0.39796,0.9,0.715,1.25,0.17614,4.176,0.176,-0.000140795128848008
D_S1.2,b4436f08-ef01-4453-990c-c6add342dcda,dfda52a3-01e6-4456-b139-f5a74d69cdd3,P23,A,0,4.0,4.0,6.012,0.15759,0.55556,0.39796,0.9,0.715,1.25,0.17614,4.176,0.176,-0.000140795128848008
D_S1.2,b4436f08-ef01-4453-990c-c6add342dcda,0afcfd8d-0965-4364-a90e-c1872c47c12c,P04,B,1,4.023,6.012,4.0,0.84241,0.44444,-0.39796,0.9,0.715,1.25,-0.17614,3.847,-0.176,0.000140795128848008
D_S1.2,b4436f08-ef01-4453-990c-c6add342dcda,20067ed8-879d-470d-9fdf-138b78039ac3,P08,B,0,8.0,6.012,4.0,0.84241,0.44444,-0.39796,0.9,0.715,1.25,-0.17614,7.824,-0.176,0.000140795128848008
D_S1.2,a6397938-05cc-4785-9ec8-bb010355c9da,20067ed8-879d-470d-9fdf-138b78039ac3,P08,A,1,7.824,5.912,2.989,0.91955,0.375,-0.54455,0.9,0.715,1.25,-0.24102,7.583,-0.241,2.1191367534309005e-05
D_S1.2,a6397938-05cc-4785-9ec8-bb010355c9da,d4acf5d8-317e-4564-8170-8fe09e6aa115,P22,A,0,4.0,5.912,2.989,0.91955,0.375,-0.54455,0.9,0.715,1.25,-0.24102,3.759,-0.241,2.1191367534309005e-05
D_S1.2,a6397938-05cc-4785-9ec8-bb010355c9da,27f6c2fe-4682-46a5-a2a2-4962a0d9776e,P10,B,1,3.977,2.989,5.912,0.08045,0.625,0.54455,0.9,0.715,1.25,0.24102,4.218,0.241,-2.1191367534309005e-05
D_S1.2,a6397938-05cc-4785-9ec8-bb010355c9da,524889fc-4f50-41bb-b22b-cd5046ba728d,P15,B,1,2.0,2.989,5.912,0.08045,0.625,0.54455,0.9,0.715,1.25,0.24102,2.241,0.241,-2.1191367534309005e-05
D_S1.2,9a0d536d-702f-4764-b2b8-fc5a69a6b9de,0afcfd8d-0965-4364-a90e-c1872c47c12c,P04,A,2,3.847,3.817,3.956,0.47107,0.34783,-0.12325,0.9,0.715,1.25,-0.05455,3.792,-0.055,-0.00044972280284711507
D_S1.2,9a0d536d-702f-4764-b2b8-fc5a69a6b9de,23c1639d-675f-4b9a-a331-3ce419306a6a,P09,A,1,3.787,3.817,3.956,0.47107,0.34783,-0.12325,0.9,0.715,1.25,-0.05455,3.732,-0.055,-0.00044972280284711507
D_S1.2,9a0d536d-702f-4764-b2b8-fc5a69a6b9de,dfda52a3-01e6-4456-b139-f5a74d69cdd3,P23,B,1,4.176,3.956,3.817,0.52893,0.65217,0.12325,0.9,0.715,1.25,0.05455,4.231,0.055,0.00044972280284711507
D_S1.2,9a0d536d-702f-4764-b2b8-fc5a69a6b9de,ed66b898-95e9-4f5c-a69c-df19b9c6da3c,P25,B,2,3.736,3.956,3.817,0.52893,0.65217,0.12325,0.9,0.715,1.25,0.05455,3.791,0.055,0.00044972280284711507
D_S1.2,6e504b4c-8034-4fbb-8e80-dc612f3fde9a,8e7929b9-007e-42c3-aa3f-003d3f4df78f,P17,A,0,4.0,3.594,3.166,0.58823,0.4,-0.18823,0.9,0.715,1.25,-0.08331,3.917,-0.083,0.00031319928279950447
D_S1.2,6e504b4c-8034-4fbb-8e80-dc612f3fde9a,b5146cb1-84e0-4690-a7ae-d6256b33586c,P20,A,1,3.187,3.594,3.166,0.58823,0.4,-0.18823,0.9,0.715,1.25,-0.08331,3.104,-0.083,0.00031319928279950447
D_S1.2,6e504b4c-8034-4fbb-8e80-dc612f3fde9a,0fa0a889-795e-4185-8e11-61e0c1f1929b,P05,B,2,4.272,3.166,3.594,0.41177,0.6,0.18823,0.9,0.715,1.25,0.08331,4.355,0.083,-0.00031319928279950447
D_S1.2,6e504b4c-8034-4fbb-8e80-dc612f3fde9a,4952b344-b938-4d7f-9799-ddf405dcf72a,P14,B,1,2.059,3.166,3.594,0.41177,0.6,0.18823,0.9,0.715,1.25,0.08331,2.142,0.083,-0.00031319928279950447
D_S1.2,883f6955-cf07-44f4-bf2a-d0eaab7996eb,33f9b461-e8d9-49f7-b81f-f472e956c93f,P13,A,1,4.176,3.209,4.909,0.19512,0.46429,0.26917,0.9,0.715,1.25,0.11913,4.295,0.119,-0.00013472296379294003
D_S1.2,883f6955-cf07-44f4-bf2a-d0eaab7996eb,524889fc-4f50-41bb-b22b-cd5046ba728d,P15,A,2,2.241,3.209,4.909,0.19512,0.46429,0.26917,0.9,0.715,1.25,0.11913,2.36,0.119,-0.00013472296379294003
D_S1.2,883f6955-cf07-44f4-bf2a-d0eaab7996eb,28656f69-2ade-488b-b07a-037fb9bfa311,P11,B,1,3.977,4.909,3.209,0.80488,0.53571,-0.26917,0.9,0.715,1.25,-0.11913,3.858,-0.119,0.00013472296379294003
D_S1.2,883f6955-cf07-44f4-bf2a-d0eaab7996eb,9313bcbf-e559-499a-9658-b277050b37ca,P19,B,1,5.841,4.909,3.209,0.80488,0.53571,-0.26917,0.9,0.715,1.25,-0.11913,5.722,-0.119,0.00013472296379294003
D_S1.2,b5e0ebeb-d305-4950-b919-9bbc8fea9607,0afcfd8d-0965-4364-a90e-c1872c47c12c,P04,A,3,3.792,3.762,4.136,0.42271,0.4,-0.02271,0.9,0.715,1.25,-0.01005,3.782,-0.01,5.068865465246434e-05
D_S1.2,b5e0ebeb-d305-4950-b919-9bbc8fea9607,23c1639d-675f-4b9a-a331-3ce419306a6a,P09,A,2,3.732,3.762,4.136,0.42271,0.4,-0.02271,0.9,0.715,1.25,-0.01005,3.722,-0.01,5.068865465246434e-05
D_S1.2,b5e0ebeb-d305-4950-b919-9bbc8fea9607,0fa0a889-795e-4185-8e11-61e0c1f1929b,P05,B,3,4.355,4.136,3.762,0.57729,0.6,0.02271,0.9,0.715,1.25,0.01005,4.365,0.01,-5.068865465246434e-05
D_S1.2,b5e0ebeb-d305-4950-b919-9bbc8fea9607,8e7929b9-007e-42c3-aa3f-003d3f4df78f,P17,B,1,3.917,4.136,3.762,0.57729,0.6,0.02271,0.9,0.715,1.25,0.01005,3.927,0.01,-5.068865465246434e-05
D_S1.2,3a78a214-ca47-477b-a512-93a45b0f6681,1f2d89a9-f3fa-41f6-982c-74b37b29581b,P07,A,0,4.0,4.0,3.843,0.53266,0.42308,-0.10958,0.9,0.715,1.25,-0.0485,3.951,-0.049,-0.0004970859257813029
D_S1.2,3a78a214-ca47-477b-a512-93a45b0f6681,32b0e88b-e994-4b10-bf2e-4086a731c027,P12,A,0,4.0,4.0,3.843,0.53266,0.42308,-0.10958,0.9,0.715,1.25,-0.0485,3.951,-0.049,-0.0004970859257813029
D_S1.2,3a78a214-ca47-477b-a512-93a45b0f6681,8e7929b9-007e-42c3-aa3f-003d3f4df78f,P17,B,2,3.927,3.843,4.0,0.46734,0.57692,0.10958,0.9,0.715,1.25,0.0485,3.976,0.049,0.0004970859257813029
D_S1.2,3a78a214-ca47-477b-a512-93a45b0f6681,d4acf5d8-317e-4564-8170-8fe09e6aa115,P22,B,1,3.759,3.843,4.0,0.46734,0.57692,0.10958,0.9,0.715,1.25,0.0485,3.808,0.049,0.0004970859257813029
D_S1.2,499be5f8-602c-4641-abc1-b5e7a5fbe4e8,1f2d89a9-f3fa-41f6-982c-74b37b29581b,P07,A,1,3.951,3.951,3.892,0.51229,0.42308,-0.08921,0.9,0.715,1.25,-0.03949,3.912,-0.039,0.0004858927361776679
D_S1.2,499be5f8-602c-4641-abc1-b5e7a5fbe4e8,32b0e88b-e994-4b10-bf2e-4086a731c027,P12,A,1,3.951,3.951,3.892,0.51229,0.42308,-0.08921,0.9,0.715,1.25,-0.03949,3.912,-0.039,0.0004858927361776679
D_S1.2,499be5f8-602c-4641-abc1-b5e7a5fbe4e8,8e7929b9-007e-42c3-aa3f-003d3f4df78f,P17,B,3,3.976,3.892,3.951,0.48771,0.57692,0.08921,0.9,0.715,1.25,0.03949,4.015,0.039,-0.0004858927361776679
D_S1.2,499be5f8-602c-4641-abc1-b5e7a5fbe4e8,d4acf5d8-317e-4564-8170-8fe09e6aa115,P22,B,2,3.808,3.892,3.951,0.48771,0.57692,0.08921,0.9,0.715,1.25,0.03949,3.847,0.039,-0.0004858927361776679
D_S1.2,96c408c2-df56-4284-83da-fa8f0174230f,1f2d89a9-f3fa-41f6-982c-74b37b29581b,P07,A,2,3.912,4.072,6.653,0.10425,0.57692,0.47267,0.9,0.715,1.25,0.20921,4.121,0.209,-0.00020648557080041877
D_S1.2,96c408c2-df56-4284-83da-fa8f0174230f,dfda52a3-01e6-4456-b139-f5a74d69cdd3,P23,A,2,4.231,4.072,6.653,0.10425,0.57692,0.47267,0.9,0.715,1.25,0.20921,4.44,0.209,-0.00020648557080041877
D_S1.2,96c408c2-df56-4284-83da-fa8f0174230f,20067ed8-879d-470d-9fdf-138b78039ac3,P08,B,2,7.583,6.653,4.072,0.89575,0.42308,-0.47267,0.9,0.715,1.25,-0.20921,7.374,-0.209,0.00020648557080041877
D_S1.2,96c408c2-df56-4284-83da-fa8f0174230f,9313bcbf-e559-499a-9658-b277050b37ca,P19,B,2,5.722,6.653,4.072,0.89575,0.42308,-0.47267,0.9,0.715,1.25,-0.20921,5.513,-0.209,0.00020648557080041877
D_S1.2,4b747051-fdbe-44eb-9098-1615dbf2bf65,23c1639d-675f-4b9a-a331-3ce419306a6a,P09,A,3,3.722,3.79,4.005,0.45543,0.625,0.16957,0.9,0.715,1.25,0.07505,3.797,0.075,-5.222378004468073e-05
D_S1.2,4b747051-fdbe-44eb-9098-1615dbf2bf65,28656f69-2ade-488b-b07a-037fb9bfa311,P11,A,2,3.858,3.79,4.005,0.45543,0.625,0.16957,0.9,0.715,1.25,0.07505,3.933,0.075,-5.222378004468073e-05
D_S1.2,4b747051-fdbe-44eb-9098-1615dbf2bf65,27f6c2fe-4682-46a5-a2a2-4962a0d9776e,P10,B,2,4.218,4.005,3.79,0.54457,0.375,-0.16957,0.9,0.715,1.25,-0.07505,4.143,-0.075,5.222378004468073e-05
D_S1.2,4b747051-fdbe-44eb-9098-1615dbf2bf65,ed66b898-95e9-4f5c-a69c-df19b9c6da3c,P25,B,3,3.791,4.005,3.79,0.54457,0.375,-0.16957,0.9,0.715,1.25,-0.07505,3.716,-0.075,5.222378004468073e-05
D_S1.2,eef05cfd-1a64-496e-aea4-8428df9c3b9b,20067ed8-879d-470d-9fdf-138b78039ac3,P08,A,3,7.374,6.444,4.111,0.87476,0.4,-0.47476,0.9,0.715,1.25,-0.21013,7.164,-0.21,0.00013323289862019377
D_S1.2,eef05cfd-1a64-496e-aea4-8428df9c3b9b,9313bcbf-e559-499a-9658-b277050b37ca,P19,A,3,5.513,6.444,4.111,0.87476,0.4,-0.47476,0.9,0.715,1.25,-0.21013,5.303,-0.21,0.00013323289862019377
D_S1.2,eef05cfd-1a64-496e-aea4-8428df9c3b9b,0afcfd8d-0965-4364-a90e-c1872c47c12c,P04,B,4,3.782,4.111,6.444,0.12524,0.6,0.47476,0.9,0.715,1.25,0.21013,3.992,0.21,-0.00013323289862019377
D_S1.2,eef05cfd-1a64-496e-aea4-8428df9c3b9b,dfda52a3-01e6-4456-b139-f5a74d69cdd3,P23,B,3,4.44,4.111,6.444,0.12524,0.6,0.47476,0.9,0.715,1.25,0.21013,4.65,0.21,-0.00013323289862019377
D_S1.2,6a01d571-bf2d-4b08-ab63-53d3b764ac65,1f2d89a9-f3fa-41f6-982c-74b37b29581b,P07,A,3,4.121,4.208,3.814,0.58135,0.625,0.04365,0.9,0.715,1.25,0.01932,4.14,0.019,-0.00031807549484517056
D_S1.2,6a01d571-bf2d-4b08-ab63-53d3b764ac65,33f9b461-e8d9-49f7-b81f-f472e956c93f,P13,A,2,4.295,4.208,3.814,0.58135,0.625,0.04365,0.9,0.715,1.25,0.01932,4.314,0.019,-0.00031807549484517056
D_S1.2,6a01d571-bf2d-4b08-ab63-53d3b764ac65,32b0e88b-e994-4b10-bf2e-4086a731c027,P12,B,2,3.912,3.814,4.208,0.41865,0.375,-0.04365,0.9,0.715,1.25,-0.01932,3.893,-0.019,0.00031807549484517056
D_S1.2,6a01d571-bf2d-4b08-ab63-53d3b764ac65,ed66b898-95e9-4f5c-a69c-df19b9c6da3c,P25,B,4,3.716,3.814,4.208,0.41865,0.375,-0.04365,0.9,0.715,1.25,-0.01932,3.697,-0.019,0.00031807549484517056
D_S1.2,87ba212a-bccc-4be6-92ed-8495c8c0d886,20067ed8-879d-470d-9fdf-138b78039ac3,P08,A,4,7.164,5.481,3.995,0.7752,0.55556,-0.21965,0.9,0.715,1.25,-0.09722,7.067,-0.097,0.000216486358344609
D_S1.2,87ba212a-bccc-4be6-92ed-8495c8c0d886,23c1639d-675f-4b9a-a331-3ce419306a6a,P09,A,4,3.797,5.481,3.995,0.7752,0.55556,-0.21965,0.9,0.715,1.25,-0.09722,3.7,-0.097,0.000216486358344609
D_S1.2,87ba212a-bccc-4be6-92ed-8495c8c0d886,27f6c2fe-4682-46a5-a2a2-4962a0d9776e,P10,B,3,4.143,3.995,5.481,0.2248,0.44444,0.21965,0.9,0.715,1.25,0.09722,4.24,0.097,-0.000216486358344609
D_S1.2,87ba212a-bccc-4be6-92ed-8495c8c0d886,d4acf5d8-317e-4564-8170-8fe09e6aa115,P22,B,3,3.847,3.995,5.481,0.2248,0.44444,0.21965,0.9,0.715,1.25,0.09722,3.944,0.097,-0.000216486358344609
D_S1.2,9127f50f-f412-4a40-856c-e14097646b7d,27f6c2fe-4682-46a5-a2a2-4962a0d9776e,P10,A,4,4.24,4.087,3.856,0.54787,0.46429,-0.08359,0.9,0.776,1.25,-0.04011,4.2,-0.04,0.00011266828358756586
D_S1.2,9127f50f-f412-4a40-856c-e14097646b7d,28656f69-2ade-488b-b07a-037fb9bfa311,P11,A,3,3.933,4.087,3.856,0.54787,0.46429,-0.08359,0.9,0.776,1.25,-0.04011,3.893,-0.04,0.00011266828358756586
D_S1.2,9127f50f-f412-4a40-856c-e14097646b7d,8e7929b9-007e-42c3-aa3f-003d3f4df78f,P17,B,4,4.015,3.856,4.087,0.45213,0.53571,0.08359,0.9,0.776,1.25,0.04011,4.055,0.04,-0.00011266828358756586
D_S1.2,9127f50f-f412-4a40-856c-e14097646b7d,ed66b898-95e9-4f5c-a69c-df19b9c6da3c,P25,B,5,3.697,3.856,4.087,0.45213,0.53571,0.08359,0.9,0.776,1.1,0.0353,3.732,0.035,-0.00029914808955705795
D_S1.2,fbeddd53-0142-48f1-afa4-8c984b028c2b,0afcfd8d-0965-4364-a90e-c1872c47c12c,P04,A,5,3.992,3.548,5.384,0.17805,1.0,0.82195,0.9,0.776,1.1,0.34711,4.339,0.347,-0.00010682895845636316
D_S1.2,fbeddd53-0142-48f1-afa4-8c984b028c2b,b5146cb1-84e0-4690-a7ae-d6256b33586c,P20,A,2,3.104,3.548,5.384,0.17805,1.0,0.82195,0.9,0.776,1.25,0.35,3.454,0.35,0.0
D_S1.2,fbeddd53-0142-48f1-afa4-8c984b028c2b,20067ed8-879d-470d-9fdf-138b78039ac3,P08,B,5,7.067,5.384,3.548,0.82195,0.0,-0.82195,0.9,0.776,1.1,-0.34711,6.72,-0.347,0.00010682895845636316
D_S1.2,fbeddd53-0142-48f1-afa4-8c984b028c2b,23c1639d-675f-4b9a-a331-3ce419306a6a,P09,B,5,3.7,5.384,3.548,0.82195,0.0,-0.82195,0.9,0.776,1.1,-0.34711,3.353,-0.347,0.00010682895845636316
D_S1.2,d782326c-6b6b-48cc-bb4e-4823eb5d1a11,33f9b461-e8d9-49f7-b81f-f472e956c93f,P13,A,3,4.314,4.157,3.396,0.65343,0.83333,0.1799,0.9,0.776,1.25,0.08633,4.4,0.086,-0.0003312382483148881
D_S1.2,d782326c-6b6b-48cc-bb4e-4823eb5d1a11,cb2d6d92-3c1d-453d-aa65-79ca040d61f3,P21,A,0,4.0,4.157,3.396,0.65343,0.83333,0.1799,0.9,0.776,1.25,0.08633,4.086,0.086,-0.0003312382483148881
D_S1.2,d782326c-6b6b-48cc-bb4e-4823eb5d1a11,4952b344-b938-4d7f-9799-ddf405dcf72a,P14,B,2,2.142,3.396,4.157,0.34657,0.16667,-0.1799,0.9,0.776,1.25,-0.08633,2.056,-0.086,0.0003312382483148881
D_S1.2,d782326c-6b6b-48cc-bb4e-4823eb5d1a11,dfda52a3-01e6-4456-b139-f5a74d69cdd3,P23,B,4,4.65,3.396,4.157,0.34657,0.16667,-0.1799,0.9,0.776,1.25,-0.08633,4.564,-0.086,0.0003312382483148881
D_S1.2,4444b26a-6932-440a-864e-029dd40a37d0,0fa0a889-795e-4185-8e11-61e0c1f1929b,P05,A,4,4.365,3.91,4.518,0.37598,0.375,-0.00098,0.9,0.776,1.25,-0.00047,4.365,0.0,0.0004680136085735341
D_S1.2,4444b26a-6932-440a-864e-029dd40a37d0,b5146cb1-84e0-4690-a7ae-d6256b33586c,P20,A,3,3.454,3.91,4.518,0.37598,0.375,-0.00098,0.9,0.776,1.25,-0.00047,3.454,0.0,0.0004680136085735341
D_S1.2,4444b26a-6932-440a-864e-029dd40a37d0,9313bcbf-e559-499a-9658-b277050b37ca,P19,B,4,5.303,4.518,3.91,0.62402,0.625,0.00098,0.9,0.776,1.25,0.00047,5.303,0.0,-0.0004680136085735341
D_S1.2,4444b26a-6932-440a-864e-029dd40a37d0,ed66b898-95e9-4f5c-a69c-df19b9c6da3c,P25,B,6,3.732,4.518,3.91,0.62402,0.625,0.00098,0.9,0.776,1.1,0.00041,3.732,0.0,-0.00041185197554471003
D_S1.2,eba3e49a-f356-41a6-9b31-02e74c37e3dd,091f312a-207f-4cea-9d57-437a614affde,P01,A,0,3.5,3.778,4.047,0.44419,0.46429,0.02009,0.9,0.776,1.25,0.00964,3.51,0.01,0.0003572418062092015
D_S1.2,eba3e49a-f356-41a6-9b31-02e74c37e3dd,8e7929b9-007e-42c3-aa3f-003d3f4df78f,P17,A,5,4.055,3.778,4.047,0.44419,0.46429,0.02009,0.9,0.776,1.1,0.00849,4.063,0.008,-0.0004856272105359027
D_S1.2,eba3e49a-f356-41a6-9b31-02e74c37e3dd,27f6c2fe-4682-46a5-a2a2-4962a0d9776e,P10,B,5,4.2,4.047,3.778,0.55581,0.53571,-0.02009,0.9,0.776,1.1,-0.00849,4.192,-0.008,0.0004856272105359027
D_S1.2,eba3e49a-f356-41a6-9b31-02e74c37e3dd,28656f69-2ade-488b-b07a-037fb9bfa311,P11,B,4,3.893,4.047,3.778,0.55581,0.53571,-0.02009,0.9,0.776,1.25,-0.00964,3.883,-0.01,-0.0003572418062092015
D_S1.2,42f76a99-1849-4db1-b133-f5f0db458291,091f312a-207f-4cea-9d57-437a614affde,P01,A,1,3.51,3.798,4.068,0.44399,0.71429,0.2703,0.9,0.776,1.25,0.12971,3.64,0.13,0.0002871631260255143
D_S1.2,42f76a99-1849-4db1-b133-f5f0db458291,cb2d6d92-3c1d-453d-aa65-79ca040d61f3,P21,A,1,4.086,3.798,4.068,0.44399,0.71429,0.2703,0.9,0.776,1.25,0.12971,4.216,0.13,0.0002871631260255143
D_S1.2,42f76a99-1849-4db1-b133-f5f0db458291,27f6c2fe-4682-46a5-a2a2-4962a0d9776e,P10,B,6,4.192,4.068,3.798,0.55601,0.28571,-0.2703,0.9,0.776,1.1,-0.11415,4.078,-0.114,0.00014729644909754742
D_S1.2,42f76a99-1849-4db1-b133-f5f0db458291,d4acf5d8-317e-4564-8170-8fe09e6aa115,P22,B,4,3.944,4.068,3.798,0.55601,0.28571,-0.2703,0.9,0.776,1.25,-0.12971,3.814,-0.13,-0.0002871631260255143
D_S1.2,a7d12f06-65d8-4881-9c89-1a96aaf41eec,0996ee22-e381-45db-90c2-1863869a244e,P02,A,0,4.0,4.032,4.593,0.38511,0.6,0.21489,0.9,0.776,1.25,0.10312,4.103,0.103,-0.0001228354972675059
D_S1.2,a7d12f06-65d8-4881-9c89-1a96aaf41eec,8e7929b9-007e-42c3-aa3f-003d3f4df78f,P17,A,6,4.063,4.032,4.593,0.38511,0.6,0.21489,0.9,0.776,1.1,0.09075,4.154,0.091,0.0002519047624045948
D_S1.2,a7d12f06-65d8-4881-9c89-1a96aaf41eec,28656f69-2ade-488b-b07a-037fb9bfa311,P11,B,5,3.883,4.593,4.032,0.61489,0.4,-0.21489,0.9,0.776,1.1,-0.09075,3.792,-0.091,-0.0002519047624045948
D_S1.2,a7d12f06-65d8-4881-9c89-1a96aaf41eec,9313bcbf-e559-499a-9658-b277050b37ca,P19,B,5,5.303,4.593,4.032,0.61489,0.4,-0.21489,0.9,0.776,1.1,-0.09075,5.212,-0.091,-0.0002519047624045948
D_S1.2,6b1b6b0c-f639-4cde-9dc9-a7993eb52dd0,091f312a-207f-4cea-9d57-437a614affde,P01,A,2,3.64,4.426,4.27,0.53245,0.44444,-0.08801,0.9,0.776,1.25,-0.04223,3.598,-0.042,0.00023464874342988648
D_S1.2,6b1b6b0c-f639-4cde-9dc9-a7993eb52dd0,9313bcbf-e559-499a-9658-b277050b37ca,P19,A,6,5.212,4.426,4.27,0.53245,0.44444,-0.08801,0.9,0.776,1.1,-0.03717,5.175,-0.037,0.0001664908942183001
D_S1.2,6b1b6b0c-f639-4cde-9dc9-a7993eb52dd0,1f2d89a9-f3fa-41f6-982c-74b37b29581b,P07,B,4,4.14,4.27,4.426,0.46755,0.55556,0.08801,0.9,0.776,1.25,0.04223,4.182,0.042,-0.00023464874342988648
D_S1.2,6b1b6b0c-f639-4cde-9dc9-a7993eb52dd0,33f9b461-e8d9-49f7-b81f-f472e956c93f,P13,B,4,4.4,4.27,4.426,0.46755,0.55556,0.08801,0.9,0.776,1.25,0.04223,4.442,0.042,-0.00023464874342988648
D_S1.2,c9a88ea7-fe59-404d-8266-d011389186e8,d4acf5d8-317e-4564-8170-8fe09e6aa115,P22,A,5,3.814,4.189,3.813,0.5778,0.55556,-0.02224,0.9,0.776,1.1,-0.00939,3.805,-0.009,0.00039394904041400465
D_S1.2,c9a88ea7-fe59-404d-8266-d011389186e8,dfda52a3-01e6-4456-b139-f5a74d69cdd3,P23,A,5,4.564,4.189,3.813,0.5778,0.55556,-0.02224,0.9,0.776,1.1,-0.00939,4.555,-0.009,0.00039394904041400465
D_S1.2,c9a88ea7-fe59-404d-8266-d011389186e8,32b0e88b-e994-4b10-bf2e-4086a731c027,P12,B,3,3.893,3.813,4.189,0.4222,0.44444,0.02224,0.9,0.776,1.25,0.01067,3.904,0.011,0.00032505790862044924
D_S1.2,c9a88ea7-fe59-404d-8266-d011389186e8,ed66b898-95e9-4f5c-a69c-df19b9c6da3c,P25,B,7,3.732,3.813,4.189,0.4222,0.44444,0.02224,0.9,0.776,1.1,0.00939,3.741,0.009,-0.00039394904041400465
D_S1.2,21bb139e-0201-4ffb-a7de-b50fbf708f58,9313bcbf-e559-499a-9658-b277050b37ca,P19,A,7,5.175,4.696,4.077,0.62608,0.46429,-0.16179,0.9,0.776,1.1,-0.06832,5.107,-0.068,0.000323651404257004
D_S1.2,21bb139e-0201-4ffb-a7de-b50fbf708f58,cb2d6d92-3c1d-453d-aa65-79ca040d61f3,P21,A,2,4.216,4.696,4.077,0.62608,0.46429,-0.16179,0.9,0.776,1.25,-0.07764,4.138,-0.078,-0.0003594870406170409
D_S1.2,21bb139e-0201-4ffb-a7de-b50fbf708f58,09db6874-adc0-46f0-82f7-83cd372cc1f5,P03,B,0,4.0,4.077,4.696,0.37392,0.53571,0.16179,0.9,0.776,1.25,0.07764,4.078,0.078,0.0003594870406170409
D_S1.2,21bb139e-0201-4ffb-a7de-b50fbf708f58,8e7929b9-007e-42c3-aa3f-003d3f4df78f,P17,B,7,4.154,4.077,4.696,0.37392,0.53571,0.16179,0.9,0.776,1.1,0.06832,4.222,0.068,-0.000323651404257004
D_S1.2,8982d3cf-5276-491f-8ede-8d0417715df0,09db6874-adc0-46f0-82f7-83cd372cc1f5,P03,A,1,4.078,4.039,5.231,0.27034,0.5,0.22966,0.9,0.812,1.25,0.11542,4.193,0.115,-0.0004246177095039211
D_S1.2,8982d3cf-5276-491f-8ede-8d0417715df0,8fa5441d-1934-4810-af86-a11ee051e58f,P18,A,0,4.0,4.039,5.231,0.27034,0.5,0.22966,0.9,0.812,1.25,0.11542,4.115,0.115,-0.0004246177095039211
D_S1.2,8982d3cf-5276-491f-8ede-8d0417715df0,20067ed8-879d-470d-9fdf-138b78039ac3,P08,B,6,6.72,5.231,4.039,0.72966,0.5,-0.22966,0.9,0.812,1.1,-0.10157,6.618,-0.102,-0.0004263364156365494
D_S1.2,8982d3cf-5276-491f-8ede-8d0417715df0,ed66b898-95e9-4f5c-a69c-df19b9c6da3c,P25,B,8,3.741,5.231,4.039,0.72966,0.5,-0.22966,0.9,0.812,1.1,-0.10157,3.639,-0.102,-0.0004263364156365494
D_S1.2,db80fefe-8363-444b-9403-b71ecae8b453,20067ed8-879d-470d-9fdf-138b78039ac3,P08,A,7,6.618,5.261,3.942,0.75018,0.6,-0.15018,0.9,0.841,1.1,-0.06876,6.549,-0.069,-0.00023644107830564752
D_S1.2,db80fefe-8363-444b-9403-b71ecae8b453,32b0e88b-e994-4b10-bf2e-4086a731c027,P12,A,4,3.904,5.261,3.942,0.75018,0.6,-0.15018,0.9,0.841,1.25,-0.07814,3.826,-0.078,0.0001404078655617642
D_S1.2,db80fefe-8363-444b-9403-b71ecae8b453,27f6c2fe-4682-46a5-a2a2-4962a0d9776e,P10,B,7,4.078,3.942,5.261,0.24982,0.4,0.15018,0.9,0.841,1.1,0.06876,4.147,0.069,0.00023644107830564752
D_S1.2,db80fefe-8363-444b-9403-b71ecae8b453,d4acf5d8-317e-4564-8170-8fe09e6aa115,P22,B,6,3.805,3.942,5.261,0.24982,0.4,0.15018,0.9,0.841,1.1,0.06876,3.874,0.069,0.00023644107830564752
D_S1.2,08ad6e83-1698-4b9e-8b11-9e80ac10a9b4,20067ed8-879d-470d-9fdf-138b78039ac3,P08,A,8,6.549,4.303,3.97,0.56893,0.4,-0.16893,0.9,0.841,1.1,-0.07735,6.472,-0.077,0.00034912728091744764
D_S1.2,08ad6e83-1698-4b9e-8b11-9e80ac10a9b4,4952b344-b938-4d7f-9799-ddf405dcf72a,P14,A,3,2.056,4.303,3.97,0.56893,0.4,-0.16893,0.9,0.841,1.25,-0.0879,2.0,-0.056,0.0
D_S1.2,08ad6e83-1698-4b9e-8b11-9e80ac10a9b4,27f6c2fe-4682-46a5-a2a2-4962a0d9776e,P10,B,8,4.147,3.97,4.303,0.43107,0.6,0.16893,0.9,0.841,1.1,0.07735,4.224,0.077,-0.00034912728091744764
D_S1.2,08ad6e83-1698-4b9e-8b11-9e80ac10a9b4,28656f69-2ade-488b-b07a-037fb9bfa311,P11,B,6,3.792,3.97,4.303,0.43107,0.6,0.16893,0.9,0.841,1.1,0.07735,3.869,0.077,-0.00034912728091744764
D_S1.2,e20b223e-f0bd-4bea-adb8-40d1c0ba3083,0afcfd8d-0965-4364-a90e-c1872c47c12c,P04,A,6,4.339,5.406,4.047,0.7563,0.57692,-0.17938,0.9,0.841,1.1,-0.08213,4.257,-0.082,0.00013095692264471115
D_S1.2,e20b223e-f0bd-4bea-adb8-40d1c0ba3083,20067ed8-879d-470d-9fdf-138b78039ac3,P08,A,9,6.472,5.406,4.047,0.7563,0.57692,-0.17938,0.9,0.841,1.1,-0.08213,6.39,-0.082,0.00013095692264471115
D_S1.2,e20b223e-f0bd-4bea-adb8-40d1c0ba3083,27f6c2fe-4682-46a5-a2a2-4962a0d9776e,P10,B,9,4.224,4.047,5.406,0.2437,0.42308,0.17938,0.9,0.841,1.1,0.08213,4.306,0.082,-0.00013095692264471115
D_S1.2,e20b223e-f0bd-4bea-adb8-40d1c0ba3083,28656f69-2ade-488b-b07a-037fb9bfa311,P11,B,7,3.869,4.047,5.406,0.2437,0.42308,0.17938,0.9,0.841,1.1,0.08213,3.951,0.082,-0.00013095692264471115
D_S1.2,46e90da0-e642-4e9c-bc75-17b4b6b5596f,091f312a-207f-4cea-9d57-437a614affde,P01,A,3,3.598,4.353,4.311,0.50864,0.44444,-0.0642,0.9,0.841,1.25,-0.0334,3.565,-0.033,0.0004038333245592574
D_S1.2,46e90da0-e642-4e9c-bc75-17b4b6b5596f,9313bcbf-e559-499a-9658-b277050b37ca,P19,A,8,5.107,4.353,4.311,0.50864,0.44444,-0.0642,0.9,0.841,1.1,-0.0294,5.078,-0.029,0.0003953733256121465
D_S1.2,46e90da0-e642-4e9c-bc75-17b4b6b5596f,0afcfd8d-0965-4364-a90e-c1872c47c12c,P04,B,7,4.257,4.311,4.353,0.49136,0.55556,0.0642,0.9,0.841,1.1,0.0294,4.286,0.029,-0.0003953733256121465
D_S1.2,46e90da0-e642-4e9c-bc75-17b4b6b5596f,0fa0a889-795e-4185-8e11-61e0c1f1929b,P05,B,5,4.365,4.311,4.353,0.49136,0.55556,0.0642,0.9,0.841,1.1,0.0294,4.394,0.029,-0.0003953733256121465
D_S1.2,9ccc3f52-a4d5-4b07-9518-34a896671e8a,8e7929b9-007e-42c3-aa3f-003d3f4df78f,P17,A,8,4.222,3.838,4.129,0.43977,0.46429,0.02451,0.9,0.841,1.1,0.01122,4.233,0.011,-0.000223585277157484
D_S1.2,9ccc3f52-a4d5-4b07-9518-34a896671e8a,b5146cb1-84e0-4690-a7ae-d6256b33586c,P20,A,4,3.454,3.838,4.129,0.43977,0.46429,0.02451,0.9,0.841,1.25,0.01275,3.467,0.013,0.00024592582141195
D_S1.2,9ccc3f52-a4d5-4b07-9518-34a896671e8a,27f6c2fe-4682-46a5-a2a2-4962a0d9776e,P10,B,10,4.306,4.129,3.838,0.56023,0.53571,-0.02451,0.9,0.841,1.0,-0.0102,4.296,-0.01,0.00020325934287044
D_S1.2,9ccc3f52-a4d5-4b07-9518-34a896671e8a,28656f69-2ade-488b-b07a-037fb9bfa311,P11,B,8,3.951,4.129,3.838,0.56023,0.53571,-0.02451,0.9,0.841,1.1,-0.01122,3.94,-0.011,0.000223585277157484
D_S1.2,ee391d96-8de4-42ce-a205-c1cdfb456904,4952b344-b938-4d7f-9799-ddf405dcf72a,P14,A,4,2.0,3.539,4.134,0.37852,0.5,0.12148,0.9,0.841,1.25,0.06321,2.063,0.063,-0.00020642793340083006
D_S1.2,ee391d96-8de4-42ce-a205-c1cdfb456904,9313bcbf-e559-499a-9658-b277050b37ca,P19,A,9,5.078,3.539,4.134,0.37852,0.5,0.12148,0.9,0.841,1.1,0.05562,5.134,0.056,0.00037834341860726957
D_S1.2,ee391d96-8de4-42ce-a205-c1cdfb456904,32b0e88b-e994-4b10-bf2e-4086a731c027,P12,B,5,3.826,4.134,3.539,0.62148,0.5,-0.12148,0.9,0.841,1.1,-0.05562,3.77,-0.056,-0.00037834341860726957
D_S1.2,ee391d96-8de4-42ce-a205-c1cdfb456904,33f9b461-e8d9-49f7-b81f-f472e956c93f,P13,B,5,4.442,4.134,3.539,0.62148,0.5,-0.12148,0.9,0.841,1.1,-0.05562,4.386,-0.056,-0.00037834341860726957
D_S1.2,f3b149b5-28f9-4362-b063-42dcdfd9af4f,091f312a-207f-4cea-9d57-437a614affde,P01,A,4,3.565,3.926,4.345,0.41348,0.71429,0.3008,0.9,0.841,1.25,0.15651,3.722,0.157,0.00049118904003536
D_S1.2,f3b149b5-28f9-4362-b063-42dcdfd9af4f,0afcfd8d-0965-4364-a90e-c1872c47c12c,P04,A,8,4.286,3.926,4.345,0.41348,0.71429,0.3008,0.9,0.841,1.1,0.13773,4.424,0.138,0.0002722463552311168
D_S1.2,f3b149b5-28f9-4362-b063-42dcdfd9af4f,0fa0a889-795e-4185-8e11-61e0c1f1929b,P05,B,6,4.394,4.345,3.926,0.58652,0.28571,-0.3008,0.9,0.841,1.1,-0.13773,4.256,-0.138,-0.0002722463552311168
D_S1.2,f3b149b5-28f9-4362-b063-42dcdfd9af4f,27f6c2fe-4682-46a5-a2a2-4962a0d9776e,P10,B,11,4.296,4.345,3.926,0.58652,0.28571,-0.3008,0.9,0.841,1.0,-0.12521,4.171,-0.125,0.000207048767971712
D_S1.2,582ecfb9-c710-4531-b49d-78ccd3f000f7,32b0e88b-e994-4b10-bf2e-4086a731c027,P12,A,6,3.77,4.452,3.002,0.77008,0.71429,-0.05579,0.9,0.841,1.1,-0.02555,3.744,-0.026,-0.0004546290510721112
D_S1.2,582ecfb9-c710-4531-b49d-78ccd3f000f7,9313bcbf-e559-499a-9658-b277050b37ca,P19,A,10,5.134,4.452,3.002,0.77008,0.71429,-0.05579,0.9,0.841,1.0,-0.02322,5.111,-0.023,0.00022306449902535346
D_S1.2,582ecfb9-c710-4531-b49d-78ccd3f000f7,28656f69-2ade-488b-b07a-037fb9bfa311,P11,B,9,3.94,3.002,4.452,0.22992,0.28571,0.05579,0.9,0.841,1.1,0.02555,3.966,0.026,0.0004546290510721112
D_S1.2,582ecfb9-c710-4531-b49d-78ccd3f000f7,4952b344-b938-4d7f-9799-ddf405dcf72a,P14,B,5,2.063,3.002,4.452,0.22992,0.28571,0.05579,0.9,0.841,1.1,0.02555,2.089,0.026,0.0004546290510721112
D_S1.2,cc03e92d-6065-4561-9a3c-04717e8c9905,0fa0a889-795e-4185-8e11-61e0c1f1929b,P05,A,7,4.256,4.684,5.015,0.43148,0.6,0.16852,0.9,0.841,1.1,0.07716,4.333,0.077,-0.00016195359896027553
D_S1.2,cc03e92d-6065-4561-9a3c-04717e8c9905,9313bcbf-e559-499a-9658-b277050b37ca,P19,A,11,5.111,4.684,5.015,0.43148,0.6,0.16852,0.9,0.841,1.0,0.07015,5.181,0.07,-0.00014723054450934138
D_S1.2,cc03e92d-6065-4561-9a3c-04717e8c9905,20067ed8-879d-470d-9fdf-138b78039ac3,P08,B,10,6.39,5.015,4.684,0.56852,0.4,-0.16852,0.9,0.841,1.0,-0.07015,6.32,-0.07,0.00014723054450934138
D_S1.2,cc03e92d-6065-4561-9a3c-04717e8c9905,ed66b898-95e9-4f5c-a69c-df19b9c6da3c,P25,B,9,3.639,5.015,4.684,0.56852,0.4,-0.16852,0.9,0.841,1.1,-0.07716,3.562,-0.077,0.00016195359896027553
D_S1.2,cfbc251b-3ce2-41af-aac8-8943d8f1e396,0996ee22-e381-45db-90c2-1863869a244e,P02,A,1,4.103,4.168,3.93,0.54952,0.44444,-0.10508,0.9,0.841,1.25,-0.05467,4.048,-0.055,-0.0003263148894472307
D_S1.2,cfbc251b-3ce2-41af-aac8-8943d8f1e396,8e7929b9-007e-42c3-aa3f-003d3f4df78f,P17,A,9,4.233,4.168,3.93,0.54952,0.44444,-0.10508,0.9,0.841,1.1,-0.04811,4.185,-0.048,0.000112842897286437
D_S1.2,cfbc251b-3ce2-41af-aac8-8943d8f1e396,32b0e88b-e994-4b10-bf2e-4086a731c027,P12,B,7,3.744,3.93,4.168,0.45048,0.55556,0.10508,0.9,0.841,1.1,0.04811,3.792,0.048,-0.000112842897286437
D_S1.2,cfbc251b-3ce2-41af-aac8-8943d8f1e396,8fa5441d-1934-4810-af86-a11ee051e58f,P18,B,1,4.115,3.93,4.168,0.45048,0.55556,0.10508,0.9,0.841,1.25,0.05467,4.17,0.055,0.0003263148894472307
D_S1.2,eb6641d5-8f9d-4284-9b9f-8d09a46004dd,0996ee22-e381-45db-90c2-1863869a244e,P02,A,2,4.048,4.117,3.878,0.54963,0.625,0.07537,0.9,0.841,1.25,0.03922,4.087,0.039,-0.00021654571375447532
D_S1.2,eb6641d5-8f9d-4284-9b9f-8d09a46004dd,8e7929b9-007e-42c3-aa3f-003d3f4df78f,P17,A,10,4.185,4.117,3.878,0.54963,0.625,0.07537,0.9,0.841,1.0,0.03137,4.216,0.031,-0.00037323657100358024
D_S1.2,eb6641d5-8f9d-4284-9b9f-8d09a46004dd,09db6874-adc0-46f0-82f7-83cd372cc1f5,P03,B,2,4.193,3.878,4.117,0.45037,0.375,-0.07537,0.9,0.841,1.25,-0.03922,4.154,-0.039,0.00021654571375447532
D_S1.2,eb6641d5-8f9d-4284-9b9f-8d09a46004dd,ed66b898-95e9-4f5c-a69c-df19b9c6da3c,P25,B,10,3.562,3.878,4.117,0.45037,0.375,-0.07537,0.9,0.841,1.0,-0.03137,3.531,-0.031,0.00037323657100358024
D_S1.2,22635c77-8955-4f42-846b-ee2b2fb46872,09db6874-adc0-46f0-82f7-83cd372cc1f5,P03,A,3,4.154,3.843,3.842,0.50021,0.57692,0.07671,0.9,0.841,1.25,0.03992,4.194,0.04,8.496164816076921e-05
D_S1.2,22635c77-8955-4f42-846b-ee2b2fb46872,ed66b898-95e9-4f5c-a69c-df19b9c6da3c,P25,A,11,3.531,3.843,3.842,0.50021,0.57692,0.07671,0.9,0.841,1.0,0.03193,3.563,0.032,6.796931852861538e-05
D_S1.2,22635c77-8955-4f42-846b-ee2b2fb46872,8e7929b9-007e-42c3-aa3f-003d3f4df78f,P17,B,11,4.216,3.842,3.843,0.49979,0.42308,-0.07671,0.9,0.841,1.0,-0.03193,4.184,-0.032,-6.796931852861538e-05
D_S1.2,22635c77-8955-4f42-846b-ee2b2fb46872,b5146cb1-84e0-4690-a7ae-d6256b33586c,P20,B,5,3.467,3.842,3.843,0.49979,0.42308,-0.07671,0.9,0.841,1.1,-0.03513,3.432,-0.035,0.00012523374961852308
D_S1.2,8b5a8b8c-6a43-4782-8581-0a28f3244d65,20067ed8-879d-470d-9fdf-138b78039ac3,P08,A,11,6.32,4.942,4.29,0.63249,0.25,-0.38249,0.9,0.841,1.0,-0.15921,6.161,-0.159,0.00020933210793755682
D_S1.2,8b5a8b8c-6a43-4782-8581-0a28f3244d65,ed66b898-95e9-4f5c-a69c-df19b9c6da3c,P25,A,12,3.563,4.942,4.29,0.63249,0.25,-0.38249,0.9,0.841,1.0,-0.15921,3.404,-0.159,0.00020933210793755682
D_S1.2,8b5a8b8c-6a43-4782-8581-0a28f3244d65,09db6874-adc0-46f0-82f7-83cd372cc1f5,P03,B,4,4.194,4.29,4.942,0.36751,0.75,0.38249,0.9,0.841,1.25,0.19901,4.393,0.199,-1.1665134921946012e-05
D_S1.2,8b5a8b8c-6a43-4782-8581-0a28f3244d65,33f9b461-e8d9-49f7-b81f-f472e956c93f,P13,B,6,4.386,4.29,4.942,0.36751,0.75,0.38249,0.9,0.841,1.1,0.17513,4.561,0.175,-0.0001302653187313125
D_S1.2,8afb7ce5-b3d5-4431-946b-4ddf97e7d426,20067ed8-879d-470d-9fdf-138b78039ac3,P08,A,12,6.161,4.783,4.142,0.63045,0.28571,-0.34474,0.9,0.841,1.0,-0.1435,6.018,-0.143,0.0004959075985517277
D_S1.2,8afb7ce5-b3d5-4431-946b-4ddf97e7d426,ed66b898-95e9-4f5c-a69c-df19b9c6da3c,P25,A,13,3.404,4.783,4.142,0.63045,0.28571,-0.34474,0.9,0.841,1.0,-0.1435,3.261,-0.143,0.0004959075985517277
D_S1.2,8afb7ce5-b3d5-4431-946b-4ddf97e7d426,091f312a-207f-4cea-9d57-437a614affde,P01,B,5,3.722,4.142,4.783,0.36955,0.71429,0.34474,0.9,0.841,1.1,0.15785,3.88,0.158,0.00015450164159309953
D_S1.2,8afb7ce5-b3d5-4431-946b-4ddf97e7d426,33f9b461-e8d9-49f7-b81f-f472e956c93f,P13,B,7,4.561,4.142,4.783,0.36955,0.71429,0.34474,0.9,0.841,1.1,0.15785,4.719,0.158,0.00015450164159309953
D_S1.2,0a2a5bf6-21b9-4da6-bd9b-6594b0296ed5,091f312a-207f-4cea-9d57-437a614affde,P01,A,6,3.88,4.3,3.028,0.74269,0.65217,-0.09052,0.9,0.851,1.1,-0.04193,3.838,-0.042,-7.375777568027081e-05
D_S1.2,0a2a5bf6-21b9-4da6-bd9b-6594b0296ed5,33f9b461-e8d9-49f7-b81f-f472e956c93f,P13,A,8,4.719,4.3,3.028,0.74269,0.65217,-0.09052,0.9,0.851,1.1,-0.04193,4.677,-0.042,-7.375777568027081e-05
D_S1.2,0a2a5bf6-21b9-4da6-bd9b-6594b0296ed5,28656f69-2ade-488b-b07a-037fb9bfa311,P11,B,10,3.966,3.028,4.3,0.25731,0.34783,0.09052,0.9,0.851,1.0,0.03811,4.004,0.038,-0.0001147656584724811
D_S1.2,0a2a5bf6-21b9-4da6-bd9b-6594b0296ed5,4952b344-b938-4d7f-9799-ddf405dcf72a,P14,B,6,2.089,3.028,4.3,0.25731,0.34783,0.09052,0.9,0.851,1.1,0.04193,2.131,0.042,7.375777568027081e-05
D_S1.2,2828359d-f95b-4320-a7db-5184b305dfeb,32b0e88b-e994-4b10-bf2e-4086a731c027,P12,A,8,3.792,3.981,4.258,0.44265,0.34783,-0.09482,0.9,0.851,1.1,-0.04392,3.748,-0.044,-7.897842826354839e-05
D_S1.2,2828359d-f95b-4320-a7db-5184b305dfeb,8fa5441d-1934-4810-af86-a11ee051e58f,P18,A,2,4.17,3.981,4.258,0.44265,0.34783,-0.09482,0.9,0.851,1.25,-0.04991,4.12,-0.05,-8.974821393585045e-05
D_S1.2,2828359d-f95b-4320-a7db-5184b305dfeb,091f312a-207f-4cea-9d57-437a614affde,P01,B,7,3.838,4.258,3.981,0.55735,0.65217,0.09482,0.9,0.851,1.1,0.04392,3.882,0.044,7.897842826354839e-05
D_S1.2,2828359d-f95b-4320-a7db-5184b305dfeb,33f9b461-e8d9-49f7-b81f-f472e956c93f,P13,B,9,4.677,4.258,3.981,0.55735,0.65217,0.09482,0.9,0.851,1.1,0.04392,4.721,0.044,7.897842826354839e-05
D_S1.2,eb4a38ec-5b27-4a51-bfca-8aea690e14d3,1f2d89a9-f3fa-41f6-982c-74b37b29581b,P07,A,5,4.182,4.452,4.49,0.49208,0.57692,0.08484,0.9,0.861,1.1,0.03975,4.222,0.04,0.0002469294469859887
D_S1.2,eb4a38ec-5b27-4a51-bfca-8aea690e14d3,33f9b461-e8d9-49f7-b81f-f472e956c93f,P13,A,10,4.721,4.452,4.49,0.49208,0.57692,0.08484,0.9,0.861,1.0,0.03614,4.757,0.036,-0.00013915504819455573
D_S1.2,eb4a38ec-5b27-4a51-bfca-8aea690e14d3,0afcfd8d-0965-4364-a90e-c1872c47c12c,P04,B,9,4.424,4.49,4.452,0.50792,0.42308,-0.08484,0.9,0.861,1.1,-0.03975,4.384,-0.04,-0.0002469294469859887
D_S1.2,eb4a38ec-5b27-4a51-bfca-8aea690e14d3,dfda52a3-01e6-4456-b139-f5a74d69cdd3,P23,B,6,4.555,4.49,4.452,0.50792,0.42308,-0.08484,0.9,0.861,1.1,-0.03975,4.515,-0.04,-0.0002469294469859887
D_S1.2,7c95849f-cb1a-493d-99d3-db6cf7fda568,0fa0a889-795e-4185-8e11-61e0c1f1929b,P05,A,8,4.333,3.883,3.258,0.62734,0.42308,-0.20427,0.9,0.861,1.1,-0.09571,4.237,-0.096,-0.00028717593421096756
D_S1.2,7c95849f-cb1a-493d-99d3-db6cf7fda568,b5146cb1-84e0-4690-a7ae-d6256b33586c,P20,A,6,3.432,3.883,3.258,0.62734,0.42308,-0.20427,0.9,0.861,1.1,-0.09571,3.336,-0.096,-0.00028717593421096756
D_S1.2,7c95849f-cb1a-493d-99d3-db6cf7fda568,0afcfd8d-0965-4364-a90e-c1872c47c12c,P04,B,10,4.384,3.258,3.883,0.37266,0.57692,0.20427,0.9,0.861,1.0,0.08701,4.471,0.087,-1.1658241626393103e-05
D_S1.2,7c95849f-cb1a-493d-99d3-db6cf7fda568,4952b344-b938-4d7f-9799-ddf405dcf72a,P14,B,7,2.131,3.258,3.883,0.37266,0.57692,0.20427,0.9,0.861,1.1,0.09571,2.227,0.096,0.00028717593421096756
D_S1.2,8b58dded-0308-486f-bdc4-5dbf37890e1e,4952b344-b938-4d7f-9799-ddf405dcf72a,P14,A,8,2.227,3.371,3.559,0.46102,0.5,0.03898,0.9,0.912,1.1,0.01935,2.246,0.019,-0.000352553103188584
D_S1.2,8b58dded-0308-486f-bdc4-5dbf37890e1e,dfda52a3-01e6-4456-b139-f5a74d69cdd3,P23,A,7,4.515,3.371,3.559,0.46102,0.5,0.03898,0.9,0.912,1.1,0.01935,4.534,0.019,-0.000352553103188584
D_S1.2,8b58dded-0308-486f-bdc4-5dbf37890e1e,33f9b461-e8d9-49f7-b81f-f472e956c93f,P13,B,11,4.757,3.559,3.371,0.53898,0.5,-0.03898,0.9,0.912,1.0,-0.01759,4.739,-0.018,-0.0004067699061921964
D_S1.2,8b58dded-0308-486f-bdc4-5dbf37890e1e,524889fc-4f50-41bb-b22b-cd5046ba728d,P15,B,3,2.36,3.559,3.371,0.53898,0.5,-0.03898,0.9,0.912,1.25,-0.02199,2.338,-0.022,-8.462382740245464e-06
D_S1.2,a6821b7d-e797-42c6-987a-775e3e8fafb5,09db6874-adc0-46f0-82f7-83cd372cc1f5,P03,A,5,4.393,4.199,3.288,0.68117,0.6,-0.08117,0.9,0.989,1.1,-0.04369,4.349,-0.044,-0.0003090848529958923
D_S1.2,a6821b7d-e797-42c6-987a-775e3e8fafb5,28656f69-2ade-488b-b07a-037fb9bfa311,P11,A,11,4.004,4.199,3.288,0.68117,0.6,-0.08117,0.9,0.989,1.0,-0.03972,3.964,-0.04,-0.0002809862299962657
D_S1.2,a6821b7d-e797-42c6-987a-775e3e8fafb5,0fa0a889-795e-4185-8e11-61e0c1f1929b,P05,B,9,4.237,3.288,4.199,0.31883,0.4,0.08117,0.9,0.989,1.1,0.04369,4.281,0.044,0.0003090848529958923
D_S1.2,a6821b7d-e797-42c6-987a-775e3e8fafb5,524889fc-4f50-41bb-b22b-cd5046ba728d,P15,B,4,2.338,3.288,4.199,0.31883,0.4,0.08117,0.9,0.989,1.25,0.04965,2.388,0.05,0.0003512327874953321
D_S1.2,936986a8-0666-4578-b38e-1d09c46579b7,09db6874-adc0-46f0-82f7-83cd372cc1f5,P03,A,6,4.349,4.157,4.184,0.49427,0.68182,0.18755,0.9,0.989,1.1,0.10095,4.45,0.101,5.354655692734292e-05
D_S1.2,936986a8-0666-4578-b38e-1d09c46579b7,28656f69-2ade-488b-b07a-037fb9bfa311,P11,A,12,3.964,4.157,4.184,0.49427,0.68182,0.18755,0.9,0.989,1.0,0.09177,4.056,0.092,0.0002304968699339481
D_S1.2,936986a8-0666-4578-b38e-1d09c46579b7,0996ee22-e381-45db-90c2-1863869a244e,P02,B,3,4.087,4.184,4.157,0.50573,0.31818,-0.18755,0.9,0.989,1.25,-0.11471,3.972,-0.115,-0.0002881210874174351
D_S1.2,936986a8-0666-4578-b38e-1d09c46579b7,0fa0a889-795e-4185-8e11-61e0c1f1929b,P05,B,10,4.281,4.184,4.157,0.50573,0.31818,-0.18755,0.9,0.989,1.0,-0.09177,4.189,-0.092,-0.0002304968699339481
D_S1.2,a29529c6-5899-4297-90aa-d390a4823c65,0996ee22-e381-45db-90c2-1863869a244e,P02,A,4,3.972,4.211,3.788,0.58732,0.6,0.01268,0.9,0.989,1.25,0.00775,3.98,0.008,0.00024723096648403324
D_S1.2,a29529c6-5899-4297-90aa-d390a4823c65,09db6874-adc0-46f0-82f7-83cd372cc1f5,P03,A,7,4.45,4.211,3.788,0.58732,0.6,0.01268,0.9,0.989,1.1,0.00682,4.457,0.007,0.00017756325050594926
D_S1.2,a29529c6-5899-4297-90aa-d390a4823c65,1f2d89a9-f3fa-41f6-982c-74b37b29581b,P07,B,6,4.222,3.788,4.211,0.41268,0.4,-0.01268,0.9,0.989,1.1,-0.00682,4.215,-0.007,-0.00017756325050594926
D_S1.2,a29529c6-5899-4297-90aa-d390a4823c65,23c1639d-675f-4b9a-a331-3ce419306a6a,P09,B,6,3.353,3.788,4.211,0.41268,0.4,-0.01268,0.9,0.989,1.1,-0.00682,3.346,-0.007,-0.00017756325050594926
D_S1.2,053f8c34-5e15-4f83-bbaf-75197fd4d045,09db6874-adc0-46f0-82f7-83cd372cc1f5,P03,A,8,4.457,4.257,3.768,0.60049,0.4,-0.20049,0.9,0.989,1.1,-0.10791,4.349,-0.108,-8.801142912783209e-05
D_S1.2,053f8c34-5e15-4f83-bbaf-75197fd4d045,28656f69-2ade-488b-b07a-037fb9bfa311,P11,A,13,4.056,4.257,3.768,0.60049,0.4,-0.20049,0.9,0.989,1.0,-0.0981,3.958,-0.098,0.00010180779170197084
D_S1.2,053f8c34-5e15-4f83-bbaf-75197fd4d045,0fa0a889-795e-4185-8e11-61e0c1f1929b,P05,B,11,4.189,3.768,4.257,0.39951,0.6,0.20049,0.9,0.989,1.0,0.0981,4.287,0.098,-0.00010180779170197084
D_S1.2,053f8c34-5e15-4f83-bbaf-75197fd4d045,23c1639d-675f-4b9a-a331-3ce419306a6a,P09,B,7,3.346,3.768,4.257,0.39951,0.6,0.20049,0.9,0.989,1.1,0.10791,3.454,0.108,8.801142912783209e-05
D_S1.2,e862e4a1-932f-4a47-97f1-d286ab4be13b,09db6874-adc0-46f0-82f7-83cd372cc1f5,P03,A,9,4.349,3.298,3.486,0.46091,0.75,0.28909,0.9,0.989,1.1,0.1556,4.505,0.156,0.00040024534228664263
D_S1.2,e862e4a1-932f-4a47-97f1-d286ab4be13b,4952b344-b938-4d7f-9799-ddf405dcf72a,P14,A,9,2.246,3.298,3.486,0.46091,0.75,0.28909,0.9,0.989,1.1,0.1556,2.402,0.156,0.00040024534228664263
D_S1.2,e862e4a1-932f-4a47-97f1-d286ab4be13b,0afcfd8d-0965-4364-a90e-c1872c47c12c,P04,B,11,4.471,3.486,3.298,0.53909,0.25,-0.28909,0.9,0.989,1.0,-0.14145,4.33,-0.141,0.00045432241610305214
D_S1.2,e862e4a1-932f-4a47-97f1-d286ab4be13b,e82e0c7f-ec26-4880-a11c-8e93cdb4e9ae,P24,B,0,2.5,3.486,3.298,0.53909,0.25,-0.28909,0.9,0.989,1.25,-0.17682,2.323,-0.177,-0.00018209697987118482
D_S1.2,6450ccec-a86f-45aa-a4bf-6ae871905ca5,32b0e88b-e994-4b10-bf2e-4086a731c027,P12,A,9,3.748,4.244,3.327,0.68226,0.65217,-0.03008,0.9,0.989,1.1,-0.01619,3.732,-0.016,0.00019246258728647606
D_S1.2,6450ccec-a86f-45aa-a4bf-6ae871905ca5,33f9b461-e8d9-49f7-b81f-f472e956c93f,P13,A,12,4.739,4.244,3.327,0.68226,0.65217,-0.03008,0.9,0.989,1.0,-0.01472,4.724,-0.015,-0.0002795794661032036
D_S1.2,6450ccec-a86f-45aa-a4bf-6ae871905ca5,0afcfd8d-0965-4364-a90e-c1872c47c12c,P04,B,12,4.33,3.327,4.244,0.31774,0.34783,0.03008,0.9,0.989,1.0,0.01472,4.345,0.015,0.0002795794661032036
D_S1.2,6450ccec-a86f-45aa-a4bf-6ae871905ca5,e82e0c7f-ec26-4880-a11c-8e93cdb4e9ae,P24,B,1,2.323,3.327,4.244,0.31774,0.34783,0.03008,0.9,0.989,1.25,0.0184,2.341,0.018,-0.00040052566737099553
D_S1.2,b1c79180-37ca-45a4-9518-abc27a48f51d,20067ed8-879d-470d-9fdf-138b78039ac3,P08,A,13,6.018,4.64,3.785,0.67095,0.75,0.07905,0.9,0.989,1.0,0.03868,6.057,0.039,0.00032132435102066246
D_S1.2,b1c79180-37ca-45a4-9518-abc27a48f51d,ed66b898-95e9-4f5c-a69c-df19b9c6da3c,P25,A,14,3.261,4.64,3.785,0.67095,0.75,0.07905,0.9,0.989,1.0,0.03868,3.3,0.039,0.00032132435102066246
D_S1.2,b1c79180-37ca-45a4-9518-abc27a48f51d,524889fc-4f50-41bb-b22b-cd5046ba728d,P15,B,5,2.388,3.785,4.64,0.32905,0.25,-0.07905,0.9,0.989,1.1,-0.04255,2.345,-0.043,-0.00045345678612272874
D_S1.2,b1c79180-37ca-45a4-9518-abc27a48f51d,9313bcbf-e559-499a-9658-b277050b37ca,P19,B,12,5.181,3.785,4.64,0.32905,0.25,-0.07905,0.9,0.989,1.0,-0.03868,5.142,-0.039,-0.00032132435102066246
D_S1.2,2bc4809f-4961-4e1a-894d-a848b2ae55a6,27f6c2fe-4682-46a5-a2a2-4962a0d9776e,P10,A,12,4.171,4.178,4.123,0.51146,0.5,-0.01146,0.9,0.989,1.0,-0.00561,4.165,-0.006,-0.0003942533365274684
D_S1.2,2bc4809f-4961-4e1a-894d-a848b2ae55a6,8e7929b9-007e-42c3-aa3f-003d3f4df78f,P17,A,12,4.184,4.178,4.123,0.51146,0.5,-0.01146,0.9,0.989,1.0,-0.00561,4.178,-0.006,-0.0003942533365274684
D_S1.2,2bc4809f-4961-4e1a-894d-a848b2ae55a6,0fa0a889-795e-4185-8e11-61e0c1f1929b,P05,B,12,4.287,4.123,4.178,0.48854,0.5,0.01146,0.9,0.989,1.0,0.00561,4.293,0.006,0.0003942533365274684
D_S1.2,2bc4809f-4961-4e1a-894d-a848b2ae55a6,28656f69-2ade-488b-b07a-037fb9bfa311,P11,B,14,3.958,4.123,4.178,0.48854,0.5,0.01146,0.9,0.989,1.0,0.00561,3.964,0.006,0.0003942533365274684
D_S1.2,4383b3be-9fce-4612-a59a-02207116a9e1,20067ed8-879d-470d-9fdf-138b78039ac3,P08,A,14,6.057,4.679,3.563,0.71699,0.55556,-0.16144,0.9,0.989,1.0,-0.07899,5.978,-0.079,-7.430563838975922e-06
D_S1.2,4383b3be-9fce-4612-a59a-02207116a9e1,ed66b898-95e9-4f5c-a69c-df19b9c6da3c,P25,A,15,3.3,4.679,3.563,0.71699,0.55556,-0.16144,0.9,0.989,1.0,-0.07899,3.221,-0.079,-7.430563838975922e-06
D_S1.2,4383b3be-9fce-4612-a59a-02207116a9e1,33f9b461-e8d9-49f7-b81f-f472e956c93f,P13,B,13,4.724,3.563,4.679,0.28301,0.44444,0.16144,0.9,0.989,1.0,0.07899,4.803,0.079,7.430563838975922e-06
D_S1.2,4383b3be-9fce-4612-a59a-02207116a9e1,4952b344-b938-4d7f-9799-ddf405dcf72a,P14,B,10,2.402,3.563,4.679,0.28301,0.44444,0.16144,0.9,0.989,1.0,0.07899,2.481,0.079,7.430563838975922e-06
D_S1.2,b75e356b-24af-4c88-9a4d-7328cb9d74d2,33f9b461-e8d9-49f7-b81f-f472e956c93f,P13,A,14,4.803,4.973,4.172,0.66094,0.55556,-0.10539,0.9,0.989,1.0,-0.05157,4.751,-0.052,-0.0004323323638223194
D_S1.2,b75e356b-24af-4c88-9a4d-7328cb9d74d2,9313bcbf-e559-499a-9658-b277050b37ca,P19,A,13,5.142,4.973,4.172,0.66094,0.55556,-0.10539,0.9,0.989,1.0,-0.05157,5.09,-0.052,-0.0004323323638223194
D_S1.2,b75e356b-24af-4c88-9a4d-7328cb9d74d2,27f6c2fe-4682-46a5-a2a2-4962a0d9776e,P10,B,13,4.165,4.172,4.973,0.33906,0.44444,0.10539,0.9,0.989,1.0,0.05157,4.217,0.052,0.0004323323638223194
D_S1.2,b75e356b-24af-4c88-9a4d-7328cb9d74d2,8e7929b9-007e-42c3-aa3f-003d3f4df78f,P17,B,13,4.178,4.172,4.973,0.33906,0.44444,0.10539,0.9,0.989,1.0,0.05157,4.23,0.052,0.0004323323638223194
D_S1.2,c63169fa-2db0-4892-b92e-7cda41f73bf3,d4acf5d8-317e-4564-8170-8fe09e6aa115,P22,A,7,3.874,3.548,4.855,0.2517,0.4,0.1483,0.9,0.989,1.1,0.07982,3.954,0.08,0.00017638477974358835
D_S1.2,c63169fa-2db0-4892-b92e-7cda41f73bf3,ed66b898-95e9-4f5c-a69c-df19b9c6da3c,P25,A,16,3.221,3.548,4.855,0.2517,0.4,0.1483,0.9,0.989,1.0,0.07257,3.294,0.073,0.00043307707249417123
D_S1.2,c63169fa-2db0-4892-b92e-7cda41f73bf3,20067ed8-879d-470d-9fdf-138b78039ac3,P08,B,15,5.978,4.855,3.548,0.7483,0.6,-0.1483,0.9,0.989,1.0,-0.07257,5.905,-0.073,-0.00043307707249417123
D_S1.2,c63169fa-2db0-4892-b92e-7cda41f73bf3,32b0e88b-e994-4b10-bf2e-4086a731c027,P12,B,10,3.732,4.855,3.548,0.7483,0.6,-0.1483,0.9,0.989,1.0,-0.07257,3.659,-0.073,-0.00043307707249417123
D_S1.2,cfb52d2a-8e35-42e7-959b-536e6fc4554b,20067ed8-879d-470d-9fdf-138b78039ac3,P08,A,16,5.905,4.6,3.413,0.72884,0.53571,-0.19313,0.9,0.989,1.0,-0.0945,5.811,-0.094,0.0004996671909911047
D_S1.2,cfb52d2a-8e35-42e7-959b-536e6fc4554b,ed66b898-95e9-4f5c-a69c-df19b9c6da3c,P25,A,17,3.294,4.6,3.413,0.72884,0.53571,-0.19313,0.9,0.989,1.0,-0.0945,3.2,-0.094,0.0004996671909911047
D_S1.2,cfb52d2a-8e35-42e7-959b-536e6fc4554b,0afcfd8d-0965-4364-a90e-c1872c47c12c,P04,B,13,4.345,3.413,4.6,0.27116,0.46429,0.19313,0.9,0.989,1.0,0.0945,4.439,0.094,-0.0004996671909911047
D_S1.2,cfb52d2a-8e35-42e7-959b-536e6fc4554b,4952b344-b938-4d7f-9799-ddf405dcf72a,P14,B,11,2.481,3.413,4.6,0.27116,0.46429,0.19313,0.9,0.989,1.0,0.0945,2.575,0.094,-0.0004996671909911047
D_S1.2,48337539-7d04-41d5-a7d8-499c4535f109,20067ed8-879d-470d-9fdf-138b78039ac3,P08,A,17,5.811,4.506,4.66,0.46786,0.5,0.03214,0.9,0.989,1.0,0.01573,5.827,0.016,0.0002719119295366569
D_S1.2,48337539-7d04-41d5-a7d8-499c4535f109,ed66b898-95e9-4f5c-a69c-df19b9c6da3c,P25,A,18,3.2,4.506,4.66,0.46786,0.5,0.03214,0.9,0.989,1.0,0.01573,3.216,0.016,0.0002719119295366569
D_S1.2,48337539-7d04-41d5-a7d8-499c4535f109,8e7929b9-007e-42c3-aa3f-003d3f4df78f,P17,B,14,4.23,4.66,4.506,0.53214,0.5,-0.03214,0.9,0.989,1.0,-0.01573,4.214,-0.016,-0.0002719119295366569
D_S1.2,48337539-7d04-41d5-a7d8-499c4535f109,9313bcbf-e559-499a-9658-b277050b37ca,P19,B,14,5.09,4.66,4.506,0.53214,0.5,-0.03214,0.9,0.989,1.0,-0.01573,5.074,-0.016,-0.0002719119295366569
D_S1.2,43ad7b90-44f0-4852-9210-18faf1010105,0fa0a889-795e-4185-8e11-61e0c1f1929b,P05,A,13,4.293,4.129,4.216,0.48188,0.88235,0.40047,0.9,1.0,1.0,0.19823,4.491,0.198,-0.0002326530787277411
D_S1.2,43ad7b90-44f0-4852-9210-18faf1010105,28656f69-2ade-488b-b07a-037fb9bfa311,P11,A,15,3.964,4.129,4.216,0.48188,0.88235,0.40047,0.9,1.0,1.0,0.19823,4.162,0.198,-0.0002326530787277411
D_S1.2,43ad7b90-44f0-4852-9210-18faf1010105,27f6c2fe-4682-46a5-a2a2-4962a0d9776e,P10,B,14,4.217,4.216,4.129,0.51812,0.11765,-0.40047,0.9,1.0,1.0,-0.19823,4.019,-0.198,0.0002326530787277411
D_S1.2,43ad7b90-44f0-4852-9210-18faf1010105,8e7929b9-007e-42c3-aa3f-003d3f4df78f,P17,B,15,4.214,4.216,4.129,0.51812,0.11765,-0.40047,0.9,1.0,1.0,-0.19823,4.016,-0.198,0.0002326530787277411
